cycle,begin_year,component,description,data_file_name,doc_url,data_url
1999-2000,1999,demographics,Demographic Variables & Sample Weights,DEMO,https://wwwn.cdc.gov/Nchs/Data/Nhanes/Public/1999/DataFiles/DEMO.htm,https://wwwn.cdc.gov/Nchs/Data/Nhanes/Public/1999/DataFiles/DEMO.xpt
1999-2000,1999,dietary,Dietary Interview - Individual Foods,DRXIFF,https://wwwn.cdc.gov/Nchs/Data/Nhanes/Public/1999/DataFiles/DRXIFF.htm,https://wwwn.cdc.gov/Nchs/Data/Nhanes/Public/1999/DataFiles/DRXIFF.xpt
1999-2000,1999,dietary,Dietary Interview - Total Nutrient Intakes,DRXTOT,https://wwwn.cdc.gov/Nchs/Data/Nhanes/Public/1999/DataFiles/DRXTOT.htm,https://wwwn.cdc.gov/Nchs/Data/Nhanes/Public/1999/DataFiles/DRXTOT.xpt
1999-2000,1999,dietary,Dietary Interview Technical Support File - Food Code Format File,DRXFMT,https://wwwn.cdc.gov/Nchs/Data/Nhanes/Public/1999/DataFiles/DRXFMT.htm,https://wwwn.cdc.gov/Nchs/Data/Nhanes/Public/1999/DataFiles/DRXFMT.xpt
1999-2000,1999,dietary,Dietary Supplement Database - Blend Information,DSBI,https://wwwn.cdc.gov/Nchs/Data/Nhanes/Public/1999/DataFiles/DSBI.htm,https://wwwn.cdc.gov/Nchs/Data/Nhanes/Public/1999/DataFiles/DSBI.xpt
1999-2000,1999,dietary,Dietary Supplement Database - Ingredient Information,DSII,https://wwwn.cdc.gov/Nchs/Data/Nhanes/Public/1999/DataFiles/DSII.htm,https://wwwn.cdc.gov/Nchs/Data/Nhanes/Public/1999/DataFiles/DSII.xpt
1999-2000,1999,dietary,Dietary Supplement Database - Product Information,DSPI,https://wwwn.cdc.gov/Nchs/Data/Nhanes/Public/1999/DataFiles/DSPI.htm,https://wwwn.cdc.gov/Nchs/Data/Nhanes/Public/1999/DataFiles/DSPI.xpt
1999-2000,1999,dietary,"Dietary Supplement Use 30-Day - File 1, Supplement Counts",DSQFILE1,https://wwwn.cdc.gov/Nchs/Data/Nhanes/Public/1999/DataFiles/DSQFILE1.htm,https://wwwn.cdc.gov/Nchs/Data/Nhanes/Public/1999/DataFiles/DSQFILE1.xpt
1999-2000,1999,dietary,"Dietary Supplement Use 30-Day - File 2, Participant's Use of Supplements",DSQFILE2,https://wwwn.cdc.gov/Nchs/Data/Nhanes/Public/1999/DataFiles/DSQFILE2.htm,https://wwwn.cdc.gov/Nchs/Data/Nhanes/Public/1999/DataFiles/DSQFILE2.xpt
1999-2000,1999,examination,Audiometry,AUX1,https://wwwn.cdc.gov/Nchs/Data/Nhanes/Public/1999/DataFiles/AUX1.htm,https://wwwn.cdc.gov/Nchs/Data/Nhanes/Public/1999/DataFiles/AUX1.xpt
1999-2000,1999,examination,Audiometry - Acoustic Reflex,AUXAR,https://wwwn.cdc.gov/Nchs/Data/Nhanes/Public/1999/DataFiles/AUXAR.htm,https://wwwn.cdc.gov/Nchs/Data/Nhanes/Public/1999/DataFiles/AUXAR.xpt
1999-2000,1999,examination,Audiometry - Tympanometry,AUXTYM,https://wwwn.cdc.gov/Nchs/Data/Nhanes/Public/1999/DataFiles/AUXTYM.htm,https://wwwn.cdc.gov/Nchs/Data/Nhanes/Public/1999/DataFiles/AUXTYM.xpt
1999-2000,1999,examination,Balance,BAX,https://wwwn.cdc.gov/Nchs/Data/Nhanes/Public/1999/DataFiles/BAX.htm,https://wwwn.cdc.gov/Nchs/Data/Nhanes/Public/1999/DataFiles/BAX.xpt
1999-2000,1999,examination,Bioelectrical Impedance Analysis,BIX,https://wwwn.cdc.gov/Nchs/Data/Nhanes/Public/1999/DataFiles/BIX.htm,https://wwwn.cdc.gov/Nchs/Data/Nhanes/Public/1999/DataFiles/BIX.xpt
1999-2000,1999,examination,Blood Pressure,BPX,https://wwwn.cdc.gov/Nchs/Data/Nhanes/Public/1999/DataFiles/BPX.htm,https://wwwn.cdc.gov/Nchs/Data/Nhanes/Public/1999/DataFiles/BPX.xpt
1999-2000,1999,examination,Body Measures,BMX,https://wwwn.cdc.gov/Nchs/Data/Nhanes/Public/1999/DataFiles/BMX.htm,https://wwwn.cdc.gov/Nchs/Data/Nhanes/Public/1999/DataFiles/BMX.xpt
1999-2000,1999,examination,Cardiovascular Fitness,CVX,https://wwwn.cdc.gov/Nchs/Data/Nhanes/Public/1999/DataFiles/CVX.htm,https://wwwn.cdc.gov/Nchs/Data/Nhanes/Public/1999/DataFiles/CVX.xpt
1999-2000,1999,examination,"Dual-Energy X-ray Absorptiometry - Whole Body
					All Years Doc
				
					All Years Data
				
					Updated December 2016
				
			
				Lower Extremity Disease - Ankle Brachial Blood Pressure Index",LEXABPI,https://wwwn.cdc.gov/Nchs/Data/Nhanes/Public/1999/DataFiles/LEXABPI.htm,https://wwwn.cdc.gov/Nchs/Data/Nhanes/Public/1999/DataFiles/LEXABPI.xpt
1999-2000,1999,examination,Lower Extremity Disease - Peripheral Neuropathy,LEXPN,https://wwwn.cdc.gov/Nchs/Data/Nhanes/Public/1999/DataFiles/LEXPN.htm,https://wwwn.cdc.gov/Nchs/Data/Nhanes/Public/1999/DataFiles/LEXPN.xpt
1999-2000,1999,examination,Muscle Strength,MSX,https://wwwn.cdc.gov/Nchs/Data/Nhanes/Public/1999/DataFiles/MSX.htm,https://wwwn.cdc.gov/Nchs/Data/Nhanes/Public/1999/DataFiles/MSX.xpt
1999-2000,1999,examination,Oral Health - Dentition,OHXDENT,https://wwwn.cdc.gov/Nchs/Data/Nhanes/Public/1999/DataFiles/OHXDENT.htm,https://wwwn.cdc.gov/Nchs/Data/Nhanes/Public/1999/DataFiles/OHXDENT.xpt
1999-2000,1999,examination,Oral Health - Periodontal,OHXPERIO,https://wwwn.cdc.gov/Nchs/Data/Nhanes/Public/1999/DataFiles/OHXPERIO.htm,https://wwwn.cdc.gov/Nchs/Data/Nhanes/Public/1999/DataFiles/OHXPERIO.xpt
1999-2000,1999,examination,Oral Health - Recommendation of Care,OHXREF,https://wwwn.cdc.gov/Nchs/Data/Nhanes/Public/1999/DataFiles/OHXREF.htm,https://wwwn.cdc.gov/Nchs/Data/Nhanes/Public/1999/DataFiles/OHXREF.xpt
1999-2000,1999,examination,Shared Exclusion Questions,SEQ,https://wwwn.cdc.gov/Nchs/Data/Nhanes/Public/1999/DataFiles/SEQ.htm,https://wwwn.cdc.gov/Nchs/Data/Nhanes/Public/1999/DataFiles/SEQ.xpt
1999-2000,1999,examination,Tuberculosis,TB,https://wwwn.cdc.gov/Nchs/Data/Nhanes/Public/1999/DataFiles/TB.htm,https://wwwn.cdc.gov/Nchs/Data/Nhanes/Public/1999/DataFiles/TB.xpt
1999-2000,1999,examination,Vision,VIX,https://wwwn.cdc.gov/Nchs/Data/Nhanes/Public/1999/DataFiles/VIX.htm,https://wwwn.cdc.gov/Nchs/Data/Nhanes/Public/1999/DataFiles/VIX.xpt
1999-2000,1999,laboratory,Aflatoxin B1-lysine - Serum (Surplus),SSAFB_A,https://wwwn.cdc.gov/Nchs/Data/Nhanes/Public/1999/DataFiles/SSAFB_A.htm,https://wwwn.cdc.gov/Nchs/Data/Nhanes/Public/1999/DataFiles/SSAFB_A.xpt
1999-2000,1999,laboratory,Albumin & Creatinine - Urine,LAB16,https://wwwn.cdc.gov/Nchs/Data/Nhanes/Public/1999/DataFiles/LAB16.htm,https://wwwn.cdc.gov/Nchs/Data/Nhanes/Public/1999/DataFiles/LAB16.xpt
1999-2000,1999,laboratory,Anti-Mullerian Hormone (AMH) & Inhibin-B (Surplus),SSAMH_A,https://wwwn.cdc.gov/Nchs/Data/Nhanes/Public/1999/DataFiles/SSAMH_A.htm,https://wwwn.cdc.gov/Nchs/Data/Nhanes/Public/1999/DataFiles/SSAMH_A.xpt
1999-2000,1999,laboratory,Autoantibodies - Anti-DFS70 Autoantibody Analyses (Surplus),SSDFS_A,https://wwwn.cdc.gov/Nchs/Data/Nhanes/Public/1999/DataFiles/SSDFS_A.htm,https://wwwn.cdc.gov/Nchs/Data/Nhanes/Public/1999/DataFiles/SSDFS_A.xpt
1999-2000,1999,laboratory,Autoantibodies - Immunofluorescence & Immunoprecipitation Analyses (Surplus),SSANA_A,https://wwwn.cdc.gov/Nchs/Data/Nhanes/Public/1999/DataFiles/SSANA_A.htm,https://wwwn.cdc.gov/Nchs/Data/Nhanes/Public/1999/DataFiles/SSANA_A.xpt
1999-2000,1999,laboratory,Autoantibodies - Immunofluorescence Analyses (Surplus),SSANA2_A,https://wwwn.cdc.gov/Nchs/Data/Nhanes/Public/1999/DataFiles/SSANA2_A.htm,https://wwwn.cdc.gov/Nchs/Data/Nhanes/Public/1999/DataFiles/SSANA2_A.xpt
1999-2000,1999,laboratory,"Cadmium, Lead, Mercury, Cotinine & Nutritional Biochemistries",LAB06,https://wwwn.cdc.gov/Nchs/Data/Nhanes/Public/1999/DataFiles/LAB06.htm,https://wwwn.cdc.gov/Nchs/Data/Nhanes/Public/1999/DataFiles/LAB06.xpt
1999-2000,1999,laboratory,Caffeine & Caffeine Metabolites - Urine (Surplus),SSCAFE_A,https://wwwn.cdc.gov/Nchs/Data/Nhanes/Public/1999/DataFiles/SSCAFE_A.htm,https://wwwn.cdc.gov/Nchs/Data/Nhanes/Public/1999/DataFiles/SSCAFE_A.xpt
1999-2000,1999,laboratory,Chlamydia & Gonorrhea - Urine,LAB05,https://wwwn.cdc.gov/Nchs/Data/Nhanes/Public/1999/DataFiles/LAB05.htm,https://wwwn.cdc.gov/Nchs/Data/Nhanes/Public/1999/DataFiles/LAB05.xpt
1999-2000,1999,laboratory,Cholesterol - LDL & Triglycerides,LAB13AM,https://wwwn.cdc.gov/Nchs/Data/Nhanes/Public/1999/DataFiles/LAB13AM.htm,https://wwwn.cdc.gov/Nchs/Data/Nhanes/Public/1999/DataFiles/LAB13AM.xpt
1999-2000,1999,laboratory,Cholesterol - Total & HDL,LAB13,https://wwwn.cdc.gov/Nchs/Data/Nhanes/Public/1999/DataFiles/LAB13.htm,https://wwwn.cdc.gov/Nchs/Data/Nhanes/Public/1999/DataFiles/LAB13.xpt
1999-2000,1999,laboratory,Complete Blood Count with 5-part Differential - Whole Blood,LAB25,https://wwwn.cdc.gov/Nchs/Data/Nhanes/Public/1999/DataFiles/LAB25.htm,https://wwwn.cdc.gov/Nchs/Data/Nhanes/Public/1999/DataFiles/LAB25.xpt
1999-2000,1999,laboratory,C-Reactive Protein (CRP),LAB11,https://wwwn.cdc.gov/Nchs/Data/Nhanes/Public/1999/DataFiles/LAB11.htm,https://wwwn.cdc.gov/Nchs/Data/Nhanes/Public/1999/DataFiles/LAB11.xpt
1999-2000,1999,laboratory,Cryptosporidum & Toxoplasma,LAB17,https://wwwn.cdc.gov/Nchs/Data/Nhanes/Public/1999/DataFiles/LAB17.htm,https://wwwn.cdc.gov/Nchs/Data/Nhanes/Public/1999/DataFiles/LAB17.xpt
1999-2000,1999,laboratory,Cystatin C - Serum (Surplus),SSCYST_A,https://wwwn.cdc.gov/Nchs/Data/Nhanes/Public/1999/DataFiles/SSCYST_A.htm,https://wwwn.cdc.gov/Nchs/Data/Nhanes/Public/1999/DataFiles/SSCYST_A.xpt
1999-2000,1999,laboratory,Cytomegalovirus Antibodies - Serum (Surplus),SSCMV_A,https://wwwn.cdc.gov/Nchs/Data/Nhanes/Public/1999/DataFiles/SSCMV_A.htm,https://wwwn.cdc.gov/Nchs/Data/Nhanes/Public/1999/DataFiles/SSCMV_A.xpt
1999-2000,1999,laboratory,Cytomegalovirus Genotypes - Urine (Surplus),SSCMVG_A,https://wwwn.cdc.gov/Nchs/Data/Nhanes/Public/1999/DataFiles/SSCMVG_A.htm,https://wwwn.cdc.gov/Nchs/Data/Nhanes/Public/1999/DataFiles/SSCMVG_A.xpt
1999-2000,1999,laboratory,Cytomegalovirus shedding - Urine (Surplus),SSUCSH_A,https://wwwn.cdc.gov/Nchs/Data/Nhanes/Public/1999/DataFiles/SSUCSH_A.htm,https://wwwn.cdc.gov/Nchs/Data/Nhanes/Public/1999/DataFiles/SSUCSH_A.xpt
1999-2000,1999,laboratory,"Dioxins, Furans, & Coplanar PCBs",LAB28POC,https://wwwn.cdc.gov/Nchs/Data/Nhanes/Public/1999/DataFiles/LAB28POC.htm,https://wwwn.cdc.gov/Nchs/Data/Nhanes/Public/1999/DataFiles/LAB28POC.xpt
1999-2000,1999,laboratory,"DNAm Epigenetic Biomarker
					All Years Doc
				
					All Years Data
				
					July 2024
				
			
				Enterovirus D68 (EV-D68) - Serum (Surplus)
					SSEVD_A Doc
				
					SSEVD_A Data [XPT - 76.6 KB]
				
					Withdrawn
				
			
				Fasting Questionnaire",PH,https://wwwn.cdc.gov/Nchs/Data/Nhanes/Public/1999/DataFiles/PH.htm,https://wwwn.cdc.gov/Nchs/Data/Nhanes/Public/1999/DataFiles/PH.xpt
1999-2000,1999,laboratory,Folic Acid - Unmetabolized (Surplus),SSFOL_A,https://wwwn.cdc.gov/Nchs/Data/Nhanes/Public/1999/DataFiles/SSFOL_A.htm,https://wwwn.cdc.gov/Nchs/Data/Nhanes/Public/1999/DataFiles/SSFOL_A.xpt
1999-2000,1999,laboratory,"Glycated albumin, Beta-2 Microglobulin, Cystatin C (Surplus)",SSCARD_A,https://wwwn.cdc.gov/Nchs/Data/Nhanes/Public/1999/DataFiles/SSCARD_A.htm,https://wwwn.cdc.gov/Nchs/Data/Nhanes/Public/1999/DataFiles/SSCARD_A.xpt
1999-2000,1999,laboratory,Glycohemoglobin,LAB10,https://wwwn.cdc.gov/Nchs/Data/Nhanes/Public/1999/DataFiles/LAB10.htm,https://wwwn.cdc.gov/Nchs/Data/Nhanes/Public/1999/DataFiles/LAB10.xpt
1999-2000,1999,laboratory,Hepatitis A Antibody,L02HPA_A,https://wwwn.cdc.gov/Nchs/Data/Nhanes/Public/1999/DataFiles/L02HPA_A.htm,https://wwwn.cdc.gov/Nchs/Data/Nhanes/Public/1999/DataFiles/L02HPA_A.xpt
1999-2000,1999,laboratory,Hepatitis B Surface Antibody,L02HBS,https://wwwn.cdc.gov/Nchs/Data/Nhanes/Public/1999/DataFiles/L02HBS.htm,https://wwwn.cdc.gov/Nchs/Data/Nhanes/Public/1999/DataFiles/L02HBS.xpt
1999-2000,1999,laboratory,Hepatitis B: Core Antibody & Surface Antigen; Hepatitis C: Confirmed Antibody & RNA (HCV-RNA); Hepatitis D Antibody,LAB02,https://wwwn.cdc.gov/Nchs/Data/Nhanes/Public/1999/DataFiles/LAB02.htm,https://wwwn.cdc.gov/Nchs/Data/Nhanes/Public/1999/DataFiles/LAB02.xpt
1999-2000,1999,laboratory,Herpes Simplex Virus Type-1 & Type-2,LAB09,https://wwwn.cdc.gov/Nchs/Data/Nhanes/Public/1999/DataFiles/LAB09.htm,https://wwwn.cdc.gov/Nchs/Data/Nhanes/Public/1999/DataFiles/LAB09.xpt
1999-2000,1999,laboratory,Herpes Simplex Virus Type-1 (Surplus),SSHSV1_A,https://wwwn.cdc.gov/Nchs/Data/Nhanes/Public/1999/DataFiles/SSHSV1_A.htm,https://wwwn.cdc.gov/Nchs/Data/Nhanes/Public/1999/DataFiles/SSHSV1_A.xpt
1999-2000,1999,laboratory,High-sensitivity cardiac troponins (Surplus),SSTROP_A,https://wwwn.cdc.gov/Nchs/Data/Nhanes/Public/1999/DataFiles/SSTROP_A.htm,https://wwwn.cdc.gov/Nchs/Data/Nhanes/Public/1999/DataFiles/SSTROP_A.xpt
1999-2000,1999,laboratory,"HIV Antibody Test, CD4+ T Lymphocytes & CD8+ T Cells",LAB03,https://wwwn.cdc.gov/Nchs/Data/Nhanes/Public/1999/DataFiles/LAB03.htm,https://wwwn.cdc.gov/Nchs/Data/Nhanes/Public/1999/DataFiles/LAB03.xpt
1999-2000,1999,laboratory,Latex,LAB07,https://wwwn.cdc.gov/Nchs/Data/Nhanes/Public/1999/DataFiles/LAB07.htm,https://wwwn.cdc.gov/Nchs/Data/Nhanes/Public/1999/DataFiles/LAB07.xpt
1999-2000,1999,laboratory,Lead - Dust,LAB20,https://wwwn.cdc.gov/Nchs/Data/Nhanes/Public/1999/DataFiles/LAB20.htm,https://wwwn.cdc.gov/Nchs/Data/Nhanes/Public/1999/DataFiles/LAB20.xpt
1999-2000,1999,laboratory,"Measles, Rubella, & Varicella",LAB19,https://wwwn.cdc.gov/Nchs/Data/Nhanes/Public/1999/DataFiles/LAB19.htm,https://wwwn.cdc.gov/Nchs/Data/Nhanes/Public/1999/DataFiles/LAB19.xpt
1999-2000,1999,laboratory,Mercury - Hair,LAB22,https://wwwn.cdc.gov/Nchs/Data/Nhanes/Public/1999/DataFiles/LAB22.htm,https://wwwn.cdc.gov/Nchs/Data/Nhanes/Public/1999/DataFiles/LAB22.xpt
1999-2000,1999,laboratory,Metals - Urine,LAB06HM,https://wwwn.cdc.gov/Nchs/Data/Nhanes/Public/1999/DataFiles/LAB06HM.htm,https://wwwn.cdc.gov/Nchs/Data/Nhanes/Public/1999/DataFiles/LAB06HM.xpt
1999-2000,1999,laboratory,Monoclonal gammopathy of undetermined significance (MGUS) (Surplus),SSOL_A,https://wwwn.cdc.gov/Nchs/Data/Nhanes/Public/1999/DataFiles/SSOL_A.htm,https://wwwn.cdc.gov/Nchs/Data/Nhanes/Public/1999/DataFiles/SSOL_A.xpt
1999-2000,1999,laboratory,Mumps Antibody - Serum (Surplus),SSMUMP_A,https://wwwn.cdc.gov/Nchs/Data/Nhanes/Public/1999/DataFiles/SSMUMP_A.htm,https://wwwn.cdc.gov/Nchs/Data/Nhanes/Public/1999/DataFiles/SSMUMP_A.xpt
1999-2000,1999,laboratory,Norovirus antibody - Serum,SSNORO_A,https://wwwn.cdc.gov/Nchs/Data/Nhanes/Public/1999/DataFiles/SSNORO_A.htm,https://wwwn.cdc.gov/Nchs/Data/Nhanes/Public/1999/DataFiles/SSNORO_A.xpt
1999-2000,1999,laboratory,N-terminal Pro-BNP (Surplus),SSBNP_A,https://wwwn.cdc.gov/Nchs/Data/Nhanes/Public/1999/DataFiles/SSBNP_A.htm,https://wwwn.cdc.gov/Nchs/Data/Nhanes/Public/1999/DataFiles/SSBNP_A.xpt
1999-2000,1999,laboratory,Perfluoroalkyl Chemicals - Serum (Surplus),SSPFC_A,https://wwwn.cdc.gov/Nchs/Data/Nhanes/Public/1999/DataFiles/SSPFC_A.htm,https://wwwn.cdc.gov/Nchs/Data/Nhanes/Public/1999/DataFiles/SSPFC_A.xpt
1999-2000,1999,laboratory,"Pesticides - Current Use - Urine (Formerly Priority Pesticides, Non-persistent Pesticide Metabolites)",LAB26PP,https://wwwn.cdc.gov/Nchs/Data/Nhanes/Public/1999/DataFiles/LAB26PP.htm,https://wwwn.cdc.gov/Nchs/Data/Nhanes/Public/1999/DataFiles/LAB26PP.xpt
1999-2000,1999,laboratory,"Phthalates, Phytoestrogens & PAHs - Urine PHPYPA Urinary Phthalates",PHPYPA,https://wwwn.cdc.gov/Nchs/Data/Nhanes/Public/1999/DataFiles/PHPYPA.htm,https://wwwn.cdc.gov/Nchs/Data/Nhanes/Public/1999/DataFiles/PHPYPA.xpt
1999-2000,1999,laboratory,"Plasma Fasting Glucose, Serum C-peptide & Insulin",LAB10AM,https://wwwn.cdc.gov/Nchs/Data/Nhanes/Public/1999/DataFiles/LAB10AM.htm,https://wwwn.cdc.gov/Nchs/Data/Nhanes/Public/1999/DataFiles/LAB10AM.xpt
1999-2000,1999,laboratory,Pregnancy Test - Urine,UC,https://wwwn.cdc.gov/Nchs/Data/Nhanes/Public/1999/DataFiles/UC.htm,https://wwwn.cdc.gov/Nchs/Data/Nhanes/Public/1999/DataFiles/UC.xpt
1999-2000,1999,laboratory,Sex Steroid Hormone - Men (Surplus),SSCHL_A,https://wwwn.cdc.gov/Nchs/Data/Nhanes/Public/1999/DataFiles/SSCHL_A.htm,https://wwwn.cdc.gov/Nchs/Data/Nhanes/Public/1999/DataFiles/SSCHL_A.xpt
1999-2000,1999,laboratory,Standard Biochemistry Profile & Hormones,LAB18,https://wwwn.cdc.gov/Nchs/Data/Nhanes/Public/1999/DataFiles/LAB18.htm,https://wwwn.cdc.gov/Nchs/Data/Nhanes/Public/1999/DataFiles/LAB18.xpt
1999-2000,1999,laboratory,Telomere Mean and Standard Deviation (Surplus),TELO_A,https://wwwn.cdc.gov/Nchs/Data/Nhanes/Public/1999/DataFiles/TELO_A.htm,https://wwwn.cdc.gov/Nchs/Data/Nhanes/Public/1999/DataFiles/TELO_A.xpt
1999-2000,1999,laboratory,Thyroid - Stimulating Hormone & Thyroxine (TSH & T4),LAB18T4,https://wwwn.cdc.gov/Nchs/Data/Nhanes/Public/1999/DataFiles/LAB18T4.htm,https://wwwn.cdc.gov/Nchs/Data/Nhanes/Public/1999/DataFiles/LAB18T4.xpt
1999-2000,1999,laboratory,Trans Fatty Acids,TFA_A,https://wwwn.cdc.gov/Nchs/Data/Nhanes/Public/1999/DataFiles/TFA_A.htm,https://wwwn.cdc.gov/Nchs/Data/Nhanes/Public/1999/DataFiles/TFA_A.xpt
1999-2000,1999,laboratory,Transferrin Receptor - Pregnant Women (Surplus),SSTFR_A,https://wwwn.cdc.gov/Nchs/Data/Nhanes/Public/1999/DataFiles/SSTFR_A.htm,https://wwwn.cdc.gov/Nchs/Data/Nhanes/Public/1999/DataFiles/SSTFR_A.xpt
1999-2000,1999,laboratory,Varicella-Zoster Virus Antibody (Surplus),SSVARI_A,https://wwwn.cdc.gov/Nchs/Data/Nhanes/Public/1999/DataFiles/SSVARI_A.htm,https://wwwn.cdc.gov/Nchs/Data/Nhanes/Public/1999/DataFiles/SSVARI_A.xpt
1999-2000,1999,laboratory,Volatile Organic Compounds - Blood & Water,LAB04,https://wwwn.cdc.gov/Nchs/Data/Nhanes/Public/1999/DataFiles/LAB04.htm,https://wwwn.cdc.gov/Nchs/Data/Nhanes/Public/1999/DataFiles/LAB04.xpt
1999-2000,1999,laboratory,Volatile Organic Compounds (VOC) - Personal Exposure Badge,LAB21,https://wwwn.cdc.gov/Nchs/Data/Nhanes/Public/1999/DataFiles/LAB21.htm,https://wwwn.cdc.gov/Nchs/Data/Nhanes/Public/1999/DataFiles/LAB21.xpt
1999-2000,1999,questionnaire,Acculturation,ACQ,https://wwwn.cdc.gov/Nchs/Data/Nhanes/Public/1999/DataFiles/ACQ.htm,https://wwwn.cdc.gov/Nchs/Data/Nhanes/Public/1999/DataFiles/ACQ.xpt
1999-2000,1999,questionnaire,Alcohol Use,ALQ,https://wwwn.cdc.gov/Nchs/Data/Nhanes/Public/1999/DataFiles/ALQ.htm,https://wwwn.cdc.gov/Nchs/Data/Nhanes/Public/1999/DataFiles/ALQ.xpt
1999-2000,1999,questionnaire,Analgesic Pain Relievers,RXQ_ANA,https://wwwn.cdc.gov/Nchs/Data/Nhanes/Public/1999/DataFiles/RXQ_ANA.htm,https://wwwn.cdc.gov/Nchs/Data/Nhanes/Public/1999/DataFiles/RXQ_ANA.xpt
1999-2000,1999,questionnaire,Audiometry,AUQ,https://wwwn.cdc.gov/Nchs/Data/Nhanes/Public/1999/DataFiles/AUQ.htm,https://wwwn.cdc.gov/Nchs/Data/Nhanes/Public/1999/DataFiles/AUQ.xpt
1999-2000,1999,questionnaire,Balance,BAQ,https://wwwn.cdc.gov/Nchs/Data/Nhanes/Public/1999/DataFiles/BAQ.htm,https://wwwn.cdc.gov/Nchs/Data/Nhanes/Public/1999/DataFiles/BAQ.xpt
1999-2000,1999,questionnaire,Blood Pressure & Cholesterol,BPQ,https://wwwn.cdc.gov/Nchs/Data/Nhanes/Public/1999/DataFiles/BPQ.htm,https://wwwn.cdc.gov/Nchs/Data/Nhanes/Public/1999/DataFiles/BPQ.xpt
1999-2000,1999,questionnaire,Cardiovascular Health,CDQ,https://wwwn.cdc.gov/Nchs/Data/Nhanes/Public/1999/DataFiles/CDQ.htm,https://wwwn.cdc.gov/Nchs/Data/Nhanes/Public/1999/DataFiles/CDQ.xpt
1999-2000,1999,questionnaire,Cognitive Functioning,CFQ,https://wwwn.cdc.gov/Nchs/Data/Nhanes/Public/1999/DataFiles/CFQ.htm,https://wwwn.cdc.gov/Nchs/Data/Nhanes/Public/1999/DataFiles/CFQ.xpt
1999-2000,1999,questionnaire,Current Health Status,HSQ,https://wwwn.cdc.gov/Nchs/Data/Nhanes/Public/1999/DataFiles/HSQ.htm,https://wwwn.cdc.gov/Nchs/Data/Nhanes/Public/1999/DataFiles/HSQ.xpt
1999-2000,1999,questionnaire,Dermatology,DEQ,https://wwwn.cdc.gov/Nchs/Data/Nhanes/Public/1999/DataFiles/DEQ.htm,https://wwwn.cdc.gov/Nchs/Data/Nhanes/Public/1999/DataFiles/DEQ.xpt
1999-2000,1999,questionnaire,Diabetes,DIQ,https://wwwn.cdc.gov/Nchs/Data/Nhanes/Public/1999/DataFiles/DIQ.htm,https://wwwn.cdc.gov/Nchs/Data/Nhanes/Public/1999/DataFiles/DIQ.xpt
1999-2000,1999,questionnaire,Diet Behavior & Nutrition,DBQ,https://wwwn.cdc.gov/Nchs/Data/Nhanes/Public/1999/DataFiles/DBQ.htm,https://wwwn.cdc.gov/Nchs/Data/Nhanes/Public/1999/DataFiles/DBQ.xpt
1999-2000,1999,questionnaire,Drug Use,DUQ,https://wwwn.cdc.gov/Nchs/Data/Nhanes/Public/1999/DataFiles/DUQ.htm,https://wwwn.cdc.gov/Nchs/Data/Nhanes/Public/1999/DataFiles/DUQ.xpt
1999-2000,1999,questionnaire,Early Childhood,ECQ,https://wwwn.cdc.gov/Nchs/Data/Nhanes/Public/1999/DataFiles/ECQ.htm,https://wwwn.cdc.gov/Nchs/Data/Nhanes/Public/1999/DataFiles/ECQ.xpt
1999-2000,1999,questionnaire,Food Security,FSQ,https://wwwn.cdc.gov/Nchs/Data/Nhanes/Public/1999/DataFiles/FSQ.htm,https://wwwn.cdc.gov/Nchs/Data/Nhanes/Public/1999/DataFiles/FSQ.xpt
1999-2000,1999,questionnaire,Health Insurance,HIQ,https://wwwn.cdc.gov/Nchs/Data/Nhanes/Public/1999/DataFiles/HIQ.htm,https://wwwn.cdc.gov/Nchs/Data/Nhanes/Public/1999/DataFiles/HIQ.xpt
1999-2000,1999,questionnaire,Hospital Utilization & Access to Care,HUQ,https://wwwn.cdc.gov/Nchs/Data/Nhanes/Public/1999/DataFiles/HUQ.htm,https://wwwn.cdc.gov/Nchs/Data/Nhanes/Public/1999/DataFiles/HUQ.xpt
1999-2000,1999,questionnaire,Housing Characteristics,HOQ,https://wwwn.cdc.gov/Nchs/Data/Nhanes/Public/1999/DataFiles/HOQ.htm,https://wwwn.cdc.gov/Nchs/Data/Nhanes/Public/1999/DataFiles/HOQ.xpt
1999-2000,1999,questionnaire,Immunization,IMQ,https://wwwn.cdc.gov/Nchs/Data/Nhanes/Public/1999/DataFiles/IMQ.htm,https://wwwn.cdc.gov/Nchs/Data/Nhanes/Public/1999/DataFiles/IMQ.xpt
1999-2000,1999,questionnaire,Kidney Conditions,KIQ,https://wwwn.cdc.gov/Nchs/Data/Nhanes/Public/1999/DataFiles/KIQ.htm,https://wwwn.cdc.gov/Nchs/Data/Nhanes/Public/1999/DataFiles/KIQ.xpt
1999-2000,1999,questionnaire,Medical Conditions,MCQ,https://wwwn.cdc.gov/Nchs/Data/Nhanes/Public/1999/DataFiles/MCQ.htm,https://wwwn.cdc.gov/Nchs/Data/Nhanes/Public/1999/DataFiles/MCQ.xpt
1999-2000,1999,questionnaire,Mental Health - Depression,CIQMDEP,https://wwwn.cdc.gov/Nchs/Data/Nhanes/Public/1999/DataFiles/CIQMDEP.htm,https://wwwn.cdc.gov/Nchs/Data/Nhanes/Public/1999/DataFiles/CIQMDEP.xpt
1999-2000,1999,questionnaire,Mental Health - Generalized Anxiety Disorder,CIQGAD,https://wwwn.cdc.gov/Nchs/Data/Nhanes/Public/1999/DataFiles/CIQGAD.htm,https://wwwn.cdc.gov/Nchs/Data/Nhanes/Public/1999/DataFiles/CIQGAD.xpt
1999-2000,1999,questionnaire,Mental Health - Panic Disorder,CIQPANIC,https://wwwn.cdc.gov/Nchs/Data/Nhanes/Public/1999/DataFiles/CIQPANIC.htm,https://wwwn.cdc.gov/Nchs/Data/Nhanes/Public/1999/DataFiles/CIQPANIC.xpt
1999-2000,1999,questionnaire,Miscellaneous Pain,MPQ,https://wwwn.cdc.gov/Nchs/Data/Nhanes/Public/1999/DataFiles/MPQ.htm,https://wwwn.cdc.gov/Nchs/Data/Nhanes/Public/1999/DataFiles/MPQ.xpt
1999-2000,1999,questionnaire,Occupation,OCQ,https://wwwn.cdc.gov/Nchs/Data/Nhanes/Public/1999/DataFiles/OCQ.htm,https://wwwn.cdc.gov/Nchs/Data/Nhanes/Public/1999/DataFiles/OCQ.xpt
1999-2000,1999,questionnaire,Oral Health,OHQ,https://wwwn.cdc.gov/Nchs/Data/Nhanes/Public/1999/DataFiles/OHQ.htm,https://wwwn.cdc.gov/Nchs/Data/Nhanes/Public/1999/DataFiles/OHQ.xpt
1999-2000,1999,questionnaire,Osteoporosis,OSQ,https://wwwn.cdc.gov/Nchs/Data/Nhanes/Public/1999/DataFiles/OSQ.htm,https://wwwn.cdc.gov/Nchs/Data/Nhanes/Public/1999/DataFiles/OSQ.xpt
1999-2000,1999,questionnaire,Pesticide Use,PUQ,https://wwwn.cdc.gov/Nchs/Data/Nhanes/Public/1999/DataFiles/PUQ.htm,https://wwwn.cdc.gov/Nchs/Data/Nhanes/Public/1999/DataFiles/PUQ.xpt
1999-2000,1999,questionnaire,Physical Activity,PAQ,https://wwwn.cdc.gov/Nchs/Data/Nhanes/Public/1999/DataFiles/PAQ.htm,https://wwwn.cdc.gov/Nchs/Data/Nhanes/Public/1999/DataFiles/PAQ.xpt
1999-2000,1999,questionnaire,Physical Activity - Individual Activities,PAQIAF,https://wwwn.cdc.gov/Nchs/Data/Nhanes/Public/1999/DataFiles/PAQIAF.htm,https://wwwn.cdc.gov/Nchs/Data/Nhanes/Public/1999/DataFiles/PAQIAF.xpt
1999-2000,1999,questionnaire,Physical Functioning,PFQ,https://wwwn.cdc.gov/Nchs/Data/Nhanes/Public/1999/DataFiles/PFQ.htm,https://wwwn.cdc.gov/Nchs/Data/Nhanes/Public/1999/DataFiles/PFQ.xpt
1999-2000,1999,questionnaire,Prescription Medications,RXQ_RX,https://wwwn.cdc.gov/Nchs/Data/Nhanes/Public/1999/DataFiles/RXQ_RX.htm,https://wwwn.cdc.gov/Nchs/Data/Nhanes/Public/1999/DataFiles/RXQ_RX.xpt
1999-2000,1999,questionnaire,Prescription Medications - Drug Information,RXQ_DRUG,https://wwwn.cdc.gov/Nchs/Data/Nhanes/Public/1988/DataFiles/RXQ_DRUG.htm,https://wwwn.cdc.gov/Nchs/Data/Nhanes/Public/1988/DataFiles/RXQ_DRUG.xpt
1999-2000,1999,questionnaire,Reproductive Health,RHQ,https://wwwn.cdc.gov/Nchs/Data/Nhanes/Public/1999/DataFiles/RHQ.htm,https://wwwn.cdc.gov/Nchs/Data/Nhanes/Public/1999/DataFiles/RHQ.xpt
1999-2000,1999,questionnaire,Respiratory Health,RDQ,https://wwwn.cdc.gov/Nchs/Data/Nhanes/Public/1999/DataFiles/RDQ.htm,https://wwwn.cdc.gov/Nchs/Data/Nhanes/Public/1999/DataFiles/RDQ.xpt
1999-2000,1999,questionnaire,Sexual Behavior,SXQ,https://wwwn.cdc.gov/Nchs/Data/Nhanes/Public/1999/DataFiles/SXQ.htm,https://wwwn.cdc.gov/Nchs/Data/Nhanes/Public/1999/DataFiles/SXQ.xpt
1999-2000,1999,questionnaire,Smoking - Adult Recent Tobacco Use & Youth Cigarette/Tobacco Use,SMQMEC,https://wwwn.cdc.gov/Nchs/Data/Nhanes/Public/1999/DataFiles/SMQMEC.htm,https://wwwn.cdc.gov/Nchs/Data/Nhanes/Public/1999/DataFiles/SMQMEC.xpt
1999-2000,1999,questionnaire,Smoking - Cigarette/Tobacco Use - Adult,SMQ,https://wwwn.cdc.gov/Nchs/Data/Nhanes/Public/1999/DataFiles/SMQ.htm,https://wwwn.cdc.gov/Nchs/Data/Nhanes/Public/1999/DataFiles/SMQ.xpt
1999-2000,1999,questionnaire,Smoking - Household Smokers,SMQFAM,https://wwwn.cdc.gov/Nchs/Data/Nhanes/Public/1999/DataFiles/SMQFAM.htm,https://wwwn.cdc.gov/Nchs/Data/Nhanes/Public/1999/DataFiles/SMQFAM.xpt
1999-2000,1999,questionnaire,Social Support,SSQ,https://wwwn.cdc.gov/Nchs/Data/Nhanes/Public/1999/DataFiles/SSQ.htm,https://wwwn.cdc.gov/Nchs/Data/Nhanes/Public/1999/DataFiles/SSQ.xpt
1999-2000,1999,questionnaire,Tuberculosis,TBQ,https://wwwn.cdc.gov/Nchs/Data/Nhanes/Public/1999/DataFiles/TBQ.htm,https://wwwn.cdc.gov/Nchs/Data/Nhanes/Public/1999/DataFiles/TBQ.xpt
1999-2000,1999,questionnaire,Vision,VIQ,https://wwwn.cdc.gov/Nchs/Data/Nhanes/Public/1999/DataFiles/VIQ.htm,https://wwwn.cdc.gov/Nchs/Data/Nhanes/Public/1999/DataFiles/VIQ.xpt
1999-2000,1999,questionnaire,Weight History,WHQ,https://wwwn.cdc.gov/Nchs/Data/Nhanes/Public/1999/DataFiles/WHQ.htm,https://wwwn.cdc.gov/Nchs/Data/Nhanes/Public/1999/DataFiles/WHQ.xpt
2001-2002,2001,demographics,Demographic Variables & Sample Weights,DEMO_B,https://wwwn.cdc.gov/Nchs/Data/Nhanes/Public/2001/DataFiles/DEMO_B.htm,https://wwwn.cdc.gov/Nchs/Data/Nhanes/Public/2001/DataFiles/DEMO_B.xpt
2001-2002,2001,dietary,Dietary Interview - Individual Foods,DRXIFF_B,https://wwwn.cdc.gov/Nchs/Data/Nhanes/Public/2001/DataFiles/DRXIFF_B.htm,https://wwwn.cdc.gov/Nchs/Data/Nhanes/Public/2001/DataFiles/DRXIFF_B.xpt
2001-2002,2001,dietary,Dietary Interview - Total Nutrient Intakes,DRXTOT_B,https://wwwn.cdc.gov/Nchs/Data/Nhanes/Public/2001/DataFiles/DRXTOT_B.htm,https://wwwn.cdc.gov/Nchs/Data/Nhanes/Public/2001/DataFiles/DRXTOT_B.xpt
2001-2002,2001,dietary,Dietary Interview Technical Support File - Food Code Format File,DRXFMT_B,https://wwwn.cdc.gov/Nchs/Data/Nhanes/Public/2001/DataFiles/DRXFMT_B.htm,https://wwwn.cdc.gov/Nchs/Data/Nhanes/Public/2001/DataFiles/DRXFMT_B.xpt
2001-2002,2001,dietary,Dietary Supplement Database - Blend Information,DSBI,https://wwwn.cdc.gov/Nchs/Data/Nhanes/Public/1999/DataFiles/DSBI.htm,https://wwwn.cdc.gov/Nchs/Data/Nhanes/Public/1999/DataFiles/DSBI.xpt
2001-2002,2001,dietary,Dietary Supplement Database - Ingredient Information,DSII,https://wwwn.cdc.gov/Nchs/Data/Nhanes/Public/1999/DataFiles/DSII.htm,https://wwwn.cdc.gov/Nchs/Data/Nhanes/Public/1999/DataFiles/DSII.xpt
2001-2002,2001,dietary,Dietary Supplement Database - Product Information,DSPI,https://wwwn.cdc.gov/Nchs/Data/Nhanes/Public/1999/DataFiles/DSPI.htm,https://wwwn.cdc.gov/Nchs/Data/Nhanes/Public/1999/DataFiles/DSPI.xpt
2001-2002,2001,dietary,"Dietary Supplement Use 30-Day - File 1, Supplement Counts",DSQ1_B,https://wwwn.cdc.gov/Nchs/Data/Nhanes/Public/2001/DataFiles/DSQ1_B.htm,https://wwwn.cdc.gov/Nchs/Data/Nhanes/Public/2001/DataFiles/DSQ1_B.xpt
2001-2002,2001,dietary,"Dietary Supplement Use 30-Day - File 2, Participant's Use of Supplements",DSQ2_B,https://wwwn.cdc.gov/Nchs/Data/Nhanes/Public/2001/DataFiles/DSQ2_B.htm,https://wwwn.cdc.gov/Nchs/Data/Nhanes/Public/2001/DataFiles/DSQ2_B.xpt
2001-2002,2001,examination,Audiometry,AUX_B,https://wwwn.cdc.gov/Nchs/Data/Nhanes/Public/2001/DataFiles/AUX_B.htm,https://wwwn.cdc.gov/Nchs/Data/Nhanes/Public/2001/DataFiles/AUX_B.xpt
2001-2002,2001,examination,Audiometry - Acoustic Reflex,AUXAR_B,https://wwwn.cdc.gov/Nchs/Data/Nhanes/Public/2001/DataFiles/AUXAR_B.htm,https://wwwn.cdc.gov/Nchs/Data/Nhanes/Public/2001/DataFiles/AUXAR_B.xpt
2001-2002,2001,examination,Audiometry - Tympanometry,AUXTYM_B,https://wwwn.cdc.gov/Nchs/Data/Nhanes/Public/2001/DataFiles/AUXTYM_B.htm,https://wwwn.cdc.gov/Nchs/Data/Nhanes/Public/2001/DataFiles/AUXTYM_B.xpt
2001-2002,2001,examination,Balance,BAX_B,https://wwwn.cdc.gov/Nchs/Data/Nhanes/Public/2001/DataFiles/BAX_B.htm,https://wwwn.cdc.gov/Nchs/Data/Nhanes/Public/2001/DataFiles/BAX_B.xpt
2001-2002,2001,examination,Bioelectrical Impedance Analysis,BIX_B,https://wwwn.cdc.gov/Nchs/Data/Nhanes/Public/2001/DataFiles/BIX_B.htm,https://wwwn.cdc.gov/Nchs/Data/Nhanes/Public/2001/DataFiles/BIX_B.xpt
2001-2002,2001,examination,Blood Pressure,BPX_B,https://wwwn.cdc.gov/Nchs/Data/Nhanes/Public/2001/DataFiles/BPX_B.htm,https://wwwn.cdc.gov/Nchs/Data/Nhanes/Public/2001/DataFiles/BPX_B.xpt
2001-2002,2001,examination,Body Measures,BMX_B,https://wwwn.cdc.gov/Nchs/Data/Nhanes/Public/2001/DataFiles/BMX_B.htm,https://wwwn.cdc.gov/Nchs/Data/Nhanes/Public/2001/DataFiles/BMX_B.xpt
2001-2002,2001,examination,Cardiovascular Fitness,CVX_B,https://wwwn.cdc.gov/Nchs/Data/Nhanes/Public/2001/DataFiles/CVX_B.htm,https://wwwn.cdc.gov/Nchs/Data/Nhanes/Public/2001/DataFiles/CVX_B.xpt
2001-2002,2001,examination,"Dual-Energy X-ray Absorptiometry - Whole Body
					All Years Doc
				
					All Years Data
				
					Updated December 2016
				
			
				Dual-Energy X-ray Absorptiometry - Whole Body, Second Exam",DXX_2_B,https://wwwn.cdc.gov/Nchs/Data/Nhanes/Public/2001/DataFiles/DXX_2_B.htm,https://wwwn.cdc.gov/Nchs/Data/Nhanes/Public/2001/DataFiles/DXX_2_B.xpt
2001-2002,2001,examination,Lower Extremity Disease - Ankle Brachial Blood Pressure Index,LEXAB_B,https://wwwn.cdc.gov/Nchs/Data/Nhanes/Public/2001/DataFiles/LEXAB_B.htm,https://wwwn.cdc.gov/Nchs/Data/Nhanes/Public/2001/DataFiles/LEXAB_B.xpt
2001-2002,2001,examination,Lower Extremity Disease - Peripheral Neuropathy,LEXPN_B,https://wwwn.cdc.gov/Nchs/Data/Nhanes/Public/2001/DataFiles/LEXPN_B.htm,https://wwwn.cdc.gov/Nchs/Data/Nhanes/Public/2001/DataFiles/LEXPN_B.xpt
2001-2002,2001,examination,Muscle Strength,MSX_B,https://wwwn.cdc.gov/Nchs/Data/Nhanes/Public/2001/DataFiles/MSX_B.htm,https://wwwn.cdc.gov/Nchs/Data/Nhanes/Public/2001/DataFiles/MSX_B.xpt
2001-2002,2001,examination,Oral Health - Dentition,OHXDEN_B,https://wwwn.cdc.gov/Nchs/Data/Nhanes/Public/2001/DataFiles/OHXDEN_B.htm,https://wwwn.cdc.gov/Nchs/Data/Nhanes/Public/2001/DataFiles/OHXDEN_B.xpt
2001-2002,2001,examination,Oral Health - Periodontal/Lower,OHXPRL_B,https://wwwn.cdc.gov/Nchs/Data/Nhanes/Public/2001/DataFiles/OHXPRL_B.htm,https://wwwn.cdc.gov/Nchs/Data/Nhanes/Public/2001/DataFiles/OHXPRL_B.xpt
2001-2002,2001,examination,Oral Health - Periodontal/Upper,OHXPRU_B,https://wwwn.cdc.gov/Nchs/Data/Nhanes/Public/2001/DataFiles/OHXPRU_B.htm,https://wwwn.cdc.gov/Nchs/Data/Nhanes/Public/2001/DataFiles/OHXPRU_B.xpt
2001-2002,2001,examination,Oral Health - Recommendation of Care,OHXREF_B,https://wwwn.cdc.gov/Nchs/Data/Nhanes/Public/2001/DataFiles/OHXREF_B.htm,https://wwwn.cdc.gov/Nchs/Data/Nhanes/Public/2001/DataFiles/OHXREF_B.xpt
2001-2002,2001,examination,Vision,VIX_B,https://wwwn.cdc.gov/Nchs/Data/Nhanes/Public/2001/DataFiles/VIX_B.htm,https://wwwn.cdc.gov/Nchs/Data/Nhanes/Public/2001/DataFiles/VIX_B.xpt
2001-2002,2001,laboratory,Albumin & Creatinine - Urine,L16_B,https://wwwn.cdc.gov/Nchs/Data/Nhanes/Public/2001/DataFiles/L16_B.htm,https://wwwn.cdc.gov/Nchs/Data/Nhanes/Public/2001/DataFiles/L16_B.xpt
2001-2002,2001,laboratory,Anti-Mullerian Hormone (AMH) & Inhibin-B (Surplus),SSAMH_B,https://wwwn.cdc.gov/Nchs/Data/Nhanes/Public/2001/DataFiles/SSAMH_B.htm,https://wwwn.cdc.gov/Nchs/Data/Nhanes/Public/2001/DataFiles/SSAMH_B.xpt
2001-2002,2001,laboratory,Autoantibodies - Anti-DFS70 Autoantibody Analyses (Surplus),SSDFS_A,https://wwwn.cdc.gov/Nchs/Data/Nhanes/Public/1999/DataFiles/SSDFS_A.htm,https://wwwn.cdc.gov/Nchs/Data/Nhanes/Public/1999/DataFiles/SSDFS_A.xpt
2001-2002,2001,laboratory,Autoantibodies - Immunofluorescence & Immunoprecipitation Analyses (Surplus),SSANA_A,https://wwwn.cdc.gov/Nchs/Data/Nhanes/Public/1999/DataFiles/SSANA_A.htm,https://wwwn.cdc.gov/Nchs/Data/Nhanes/Public/1999/DataFiles/SSANA_A.xpt
2001-2002,2001,laboratory,Autoantibodies - Immunofluorescence Analyses (Surplus),SSANA2_A,https://wwwn.cdc.gov/Nchs/Data/Nhanes/Public/1999/DataFiles/SSANA2_A.htm,https://wwwn.cdc.gov/Nchs/Data/Nhanes/Public/1999/DataFiles/SSANA2_A.xpt
2001-2002,2001,laboratory,Bacterial vaginosis (BV) & Trichomonas vaginalis,L34_B,https://wwwn.cdc.gov/Nchs/Data/Nhanes/Public/2001/DataFiles/L34_B.htm,https://wwwn.cdc.gov/Nchs/Data/Nhanes/Public/2001/DataFiles/L34_B.xpt
2001-2002,2001,laboratory,Brominated Flame Retardants (BFRs) - Pooled Samples (Surplus),SSBFR_B,https://wwwn.cdc.gov/Nchs/Data/Nhanes/Public/2001/DataFiles/SSBFR_B.htm,https://wwwn.cdc.gov/Nchs/Data/Nhanes/Public/2001/DataFiles/SSBFR_B.xpt
2001-2002,2001,laboratory,"Cadmium, Lead, Mercury, Cotinine & Nutritional Biochemistries",L06_B,https://wwwn.cdc.gov/Nchs/Data/Nhanes/Public/2001/DataFiles/L06_B.htm,https://wwwn.cdc.gov/Nchs/Data/Nhanes/Public/2001/DataFiles/L06_B.xpt
2001-2002,2001,laboratory,"Cadmium, Lead, Total Mercury, Ferritin, Serum Folate, RBC Folate, Vitamin B12, Homocysteine, Methylmalonic acid, Cotinine - Blood, Second Exam",L06_2_B,https://wwwn.cdc.gov/Nchs/Data/Nhanes/Public/2001/DataFiles/L06_2_B.htm,https://wwwn.cdc.gov/Nchs/Data/Nhanes/Public/2001/DataFiles/L06_2_B.xpt
2001-2002,2001,laboratory,Caffeine & Caffeine Metabolites - Urine (Surplus),SSCAFE_B,https://wwwn.cdc.gov/Nchs/Data/Nhanes/Public/2001/DataFiles/SSCAFE_B.htm,https://wwwn.cdc.gov/Nchs/Data/Nhanes/Public/2001/DataFiles/SSCAFE_B.xpt
2001-2002,2001,laboratory,Cancer antigen CA125 and CA15.3 - Serum (Surplus),SSCA_B,https://wwwn.cdc.gov/Nchs/Data/Nhanes/Public/2001/DataFiles/SSCA_B.htm,https://wwwn.cdc.gov/Nchs/Data/Nhanes/Public/2001/DataFiles/SSCA_B.xpt
2001-2002,2001,laboratory,"Cancer antigen CA125, CA15.3 and HE4 IgG antibodies - Serum (Surplus)",SSCGA_B,https://wwwn.cdc.gov/Nchs/Data/Nhanes/Public/2001/DataFiles/SSCGA_B.htm,https://wwwn.cdc.gov/Nchs/Data/Nhanes/Public/2001/DataFiles/SSCGA_B.xpt
2001-2002,2001,laboratory,Chlamydia & Gonorrhea - Urine,L05_B,https://wwwn.cdc.gov/Nchs/Data/Nhanes/Public/2001/DataFiles/L05_B.htm,https://wwwn.cdc.gov/Nchs/Data/Nhanes/Public/2001/DataFiles/L05_B.xpt
2001-2002,2001,laboratory,Cholesterol - LDL & Triglycerides,L13AM_B,https://wwwn.cdc.gov/Nchs/Data/Nhanes/Public/2001/DataFiles/L13AM_B.htm,https://wwwn.cdc.gov/Nchs/Data/Nhanes/Public/2001/DataFiles/L13AM_B.xpt
2001-2002,2001,laboratory,Cholesterol - Total & HDL,L13_B,https://wwwn.cdc.gov/Nchs/Data/Nhanes/Public/2001/DataFiles/L13_B.htm,https://wwwn.cdc.gov/Nchs/Data/Nhanes/Public/2001/DataFiles/L13_B.xpt
2001-2002,2001,laboratory,"Cholesterol - Total, HDL, LDL  & Triglycerides, Second Exam",L13_2_B,https://wwwn.cdc.gov/Nchs/Data/Nhanes/Public/2001/DataFiles/L13_2_B.htm,https://wwwn.cdc.gov/Nchs/Data/Nhanes/Public/2001/DataFiles/L13_2_B.xpt
2001-2002,2001,laboratory,Complete Blood Count with 5-part Differential - Whole Blood,L25_B,https://wwwn.cdc.gov/Nchs/Data/Nhanes/Public/2001/DataFiles/L25_B.htm,https://wwwn.cdc.gov/Nchs/Data/Nhanes/Public/2001/DataFiles/L25_B.xpt
2001-2002,2001,laboratory,"Complete Blood Count with 5-part Differential - Whole Blood, Second Exam",L25_2_B,https://wwwn.cdc.gov/Nchs/Data/Nhanes/Public/2001/DataFiles/L25_2_B.htm,https://wwwn.cdc.gov/Nchs/Data/Nhanes/Public/2001/DataFiles/L25_2_B.xpt
2001-2002,2001,laboratory,"C-Reactive Protein & Others, Second Exam",L11_2_B,https://wwwn.cdc.gov/Nchs/Data/Nhanes/Public/2001/DataFiles/L11_2_B.htm,https://wwwn.cdc.gov/Nchs/Data/Nhanes/Public/2001/DataFiles/L11_2_B.xpt
2001-2002,2001,laboratory,"C-Reactive protein (CRP), Fibrinogen, Bone Alkaline Phosphatase & Urinary N-telopeptides",L11_B,https://wwwn.cdc.gov/Nchs/Data/Nhanes/Public/2001/DataFiles/L11_B.htm,https://wwwn.cdc.gov/Nchs/Data/Nhanes/Public/2001/DataFiles/L11_B.xpt
2001-2002,2001,laboratory,"Creatinine & Albumin - Urine, Second Exam",L16_2_B,https://wwwn.cdc.gov/Nchs/Data/Nhanes/Public/2001/DataFiles/L16_2_B.htm,https://wwwn.cdc.gov/Nchs/Data/Nhanes/Public/2001/DataFiles/L16_2_B.xpt
2001-2002,2001,laboratory,Cystatin C (Surplus),SSCYST_B,https://wwwn.cdc.gov/Nchs/Data/Nhanes/Public/2001/DataFiles/SSCYST_B.htm,https://wwwn.cdc.gov/Nchs/Data/Nhanes/Public/2001/DataFiles/SSCYST_B.xpt
2001-2002,2001,laboratory,Cytomegalovirus Antibodies - Serum (Surplus),SSCMV_B,https://wwwn.cdc.gov/Nchs/Data/Nhanes/Public/2001/DataFiles/SSCMV_B.htm,https://wwwn.cdc.gov/Nchs/Data/Nhanes/Public/2001/DataFiles/SSCMV_B.xpt
2001-2002,2001,laboratory,Cytomegalovirus Genotypes - Urine (Surplus),SSCMVG_A,https://wwwn.cdc.gov/Nchs/Data/Nhanes/Public/1999/DataFiles/SSCMVG_A.htm,https://wwwn.cdc.gov/Nchs/Data/Nhanes/Public/1999/DataFiles/SSCMVG_A.xpt
2001-2002,2001,laboratory,Cytomegalovirus shedding - Urine (Surplus),SSUCSH_A,https://wwwn.cdc.gov/Nchs/Data/Nhanes/Public/1999/DataFiles/SSUCSH_A.htm,https://wwwn.cdc.gov/Nchs/Data/Nhanes/Public/1999/DataFiles/SSUCSH_A.xpt
2001-2002,2001,laboratory,"Dioxins, Furans, & Coplanar PCBs",L28POC_B,https://wwwn.cdc.gov/Nchs/Data/Nhanes/Public/2001/DataFiles/L28POC_B.htm,https://wwwn.cdc.gov/Nchs/Data/Nhanes/Public/2001/DataFiles/L28POC_B.xpt
2001-2002,2001,laboratory,"DNAm Epigenetic Biomarker
					All Years Doc
				
					All Years Data
				
					July 2024
				
			
				Enterovirus D68 (EV-D68) - Serum (Surplus)
					SSEVD_B Doc
				
					SSEVD_B Data [XPT - 86.5 KB]
				
					Withdrawn
				
			
				Erythrocyte Protoporphyrin",L39_2_B,https://wwwn.cdc.gov/Nchs/Data/Nhanes/Public/2001/DataFiles/L39_2_B.htm,https://wwwn.cdc.gov/Nchs/Data/Nhanes/Public/2001/DataFiles/L39_2_B.xpt
2001-2002,2001,laboratory,Erythrocyte Protoporphyrin,L39_B,https://wwwn.cdc.gov/Nchs/Data/Nhanes/Public/2001/DataFiles/L39_B.htm,https://wwwn.cdc.gov/Nchs/Data/Nhanes/Public/2001/DataFiles/L39_B.xpt
2001-2002,2001,laboratory,Fasting Questionnaire,PH_B,https://wwwn.cdc.gov/Nchs/Data/Nhanes/Public/2001/DataFiles/PH_B.htm,https://wwwn.cdc.gov/Nchs/Data/Nhanes/Public/2001/DataFiles/PH_B.xpt
2001-2002,2001,laboratory,"Glycated albumin, Beta-2 Microglobulin, Cystatin C (Surplus)",SSCARD_A,https://wwwn.cdc.gov/Nchs/Data/Nhanes/Public/1999/DataFiles/SSCARD_A.htm,https://wwwn.cdc.gov/Nchs/Data/Nhanes/Public/1999/DataFiles/SSCARD_A.xpt
2001-2002,2001,laboratory,Glycohemoglobin,L10_B,https://wwwn.cdc.gov/Nchs/Data/Nhanes/Public/2001/DataFiles/L10_B.htm,https://wwwn.cdc.gov/Nchs/Data/Nhanes/Public/2001/DataFiles/L10_B.xpt
2001-2002,2001,laboratory,"Glycohemoglobin, Plasma Glucose, Serum C-peptide, & Insulin, Second Exam",L10_2_B,https://wwwn.cdc.gov/Nchs/Data/Nhanes/Public/2001/DataFiles/L10_2_B.htm,https://wwwn.cdc.gov/Nchs/Data/Nhanes/Public/2001/DataFiles/L10_2_B.xpt
2001-2002,2001,laboratory,Hepatitis A Antibody,L02HPA_B,https://wwwn.cdc.gov/Nchs/Data/Nhanes/Public/2001/DataFiles/L02HPA_B.htm,https://wwwn.cdc.gov/Nchs/Data/Nhanes/Public/2001/DataFiles/L02HPA_B.xpt
2001-2002,2001,laboratory,Hepatitis B Surface Antibody,L02HBS_B,https://wwwn.cdc.gov/Nchs/Data/Nhanes/Public/2001/DataFiles/L02HBS_B.htm,https://wwwn.cdc.gov/Nchs/Data/Nhanes/Public/2001/DataFiles/L02HBS_B.xpt
2001-2002,2001,laboratory,Hepatitis B: Core Antibody & Surface Antigen; Hepatitis C: Confirmed Antibody & RNA (HCV-RNA); Hepatitis D Antibody,L02_B,https://wwwn.cdc.gov/Nchs/Data/Nhanes/Public/2001/DataFiles/L02_B.htm,https://wwwn.cdc.gov/Nchs/Data/Nhanes/Public/2001/DataFiles/L02_B.xpt
2001-2002,2001,laboratory,Herpes Simplex Virus Type-1 & Type-2,L09_B,https://wwwn.cdc.gov/Nchs/Data/Nhanes/Public/2001/DataFiles/L09_B.htm,https://wwwn.cdc.gov/Nchs/Data/Nhanes/Public/2001/DataFiles/L09_B.xpt
2001-2002,2001,laboratory,Herpes Simplex Virus Type-1 (Surplus),SSHSV1_B,https://wwwn.cdc.gov/Nchs/Data/Nhanes/Public/2001/DataFiles/SSHSV1_B.htm,https://wwwn.cdc.gov/Nchs/Data/Nhanes/Public/2001/DataFiles/SSHSV1_B.xpt
2001-2002,2001,laboratory,High-sensitivity cardiac troponins (Surplus),SSTROP_A,https://wwwn.cdc.gov/Nchs/Data/Nhanes/Public/1999/DataFiles/SSTROP_A.htm,https://wwwn.cdc.gov/Nchs/Data/Nhanes/Public/1999/DataFiles/SSTROP_A.xpt
2001-2002,2001,laboratory,"HIV Antibody Test, CD4+ T Lymphocytes & CD8+ T Cells",L03_B,https://wwwn.cdc.gov/Nchs/Data/Nhanes/Public/2001/DataFiles/L03_B.htm,https://wwwn.cdc.gov/Nchs/Data/Nhanes/Public/2001/DataFiles/L03_B.xpt
2001-2002,2001,laboratory,Human epididymal secretory protein E4 (HE4) - Serum (Surplus),SSHE4_B,https://wwwn.cdc.gov/Nchs/Data/Nhanes/Public/2001/DataFiles/SSHE4_B.htm,https://wwwn.cdc.gov/Nchs/Data/Nhanes/Public/2001/DataFiles/SSHE4_B.xpt
2001-2002,2001,laboratory,Iodine - Urine,L06UIO_B,https://wwwn.cdc.gov/Nchs/Data/Nhanes/Public/2001/DataFiles/L06UIO_B.htm,https://wwwn.cdc.gov/Nchs/Data/Nhanes/Public/2001/DataFiles/L06UIO_B.xpt
2001-2002,2001,laboratory,"Iron, Total Iron Binding Capacity (TIBC), & Transferrin Saturation",L40FE_B,https://wwwn.cdc.gov/Nchs/Data/Nhanes/Public/2001/DataFiles/L40FE_B.htm,https://wwwn.cdc.gov/Nchs/Data/Nhanes/Public/2001/DataFiles/L40FE_B.xpt
2001-2002,2001,laboratory,Lead - Dust,L20_B,https://wwwn.cdc.gov/Nchs/Data/Nhanes/Public/2001/DataFiles/L20_B.htm,https://wwwn.cdc.gov/Nchs/Data/Nhanes/Public/2001/DataFiles/L20_B.xpt
2001-2002,2001,laboratory,"Measles, Rubella, & Varicella",L19_B,https://wwwn.cdc.gov/Nchs/Data/Nhanes/Public/2001/DataFiles/L19_B.htm,https://wwwn.cdc.gov/Nchs/Data/Nhanes/Public/2001/DataFiles/L19_B.xpt
2001-2002,2001,laboratory,"Measles, Rubella, & Varicella, Second Exam",L19_2_B,https://wwwn.cdc.gov/Nchs/Data/Nhanes/Public/2001/DataFiles/L19_2_B.htm,https://wwwn.cdc.gov/Nchs/Data/Nhanes/Public/2001/DataFiles/L19_2_B.xpt
2001-2002,2001,laboratory,Metals - Urine,L06HM_B,https://wwwn.cdc.gov/Nchs/Data/Nhanes/Public/2001/DataFiles/L06HM_B.htm,https://wwwn.cdc.gov/Nchs/Data/Nhanes/Public/2001/DataFiles/L06HM_B.xpt
2001-2002,2001,laboratory,Methicillin - Resistant Staphylococcus aureus (MRSA),L35_B,https://wwwn.cdc.gov/Nchs/Data/Nhanes/Public/2001/DataFiles/L35_B.htm,https://wwwn.cdc.gov/Nchs/Data/Nhanes/Public/2001/DataFiles/L35_B.xpt
2001-2002,2001,laboratory,Monoclonal gammopathy of undetermined significance (MGUS) (Surplus),SSOL_B,https://wwwn.cdc.gov/Nchs/Data/Nhanes/Public/2001/DataFiles/SSOL_B.htm,https://wwwn.cdc.gov/Nchs/Data/Nhanes/Public/2001/DataFiles/SSOL_B.xpt
2001-2002,2001,laboratory,Mumps Antibody - Serum (Surplus),SSMUMP_B,https://wwwn.cdc.gov/Nchs/Data/Nhanes/Public/2001/DataFiles/SSMUMP_B.htm,https://wwwn.cdc.gov/Nchs/Data/Nhanes/Public/2001/DataFiles/SSMUMP_B.xpt
2001-2002,2001,laboratory,Non-dioxin-like Polychlorinated Biphenyls - Pooled Samples (Surplus Sera),SSPCB_B,https://wwwn.cdc.gov/Nchs/Data/Nhanes/Public/2001/DataFiles/SSPCB_B.htm,https://wwwn.cdc.gov/Nchs/Data/Nhanes/Public/2001/DataFiles/SSPCB_B.xpt
2001-2002,2001,laboratory,N-terminal Pro-BNP (Surplus),SSBNP_A,https://wwwn.cdc.gov/Nchs/Data/Nhanes/Public/1999/DataFiles/SSBNP_A.htm,https://wwwn.cdc.gov/Nchs/Data/Nhanes/Public/1999/DataFiles/SSBNP_A.xpt
2001-2002,2001,laboratory,"Perchlorate, Nitrate & Thiocyanate - Urine (Surplus)",SSNO3P_B,https://wwwn.cdc.gov/Nchs/Data/Nhanes/Public/2001/DataFiles/SSNO3P_B.htm,https://wwwn.cdc.gov/Nchs/Data/Nhanes/Public/2001/DataFiles/SSNO3P_B.xpt
2001-2002,2001,laboratory,"Pesticides - Current Use - Urine (Formerly Priority Pesticides, Non-persistent Pesticide Metabolites)",L26PP_B,https://wwwn.cdc.gov/Nchs/Data/Nhanes/Public/2001/DataFiles/L26PP_B.htm,https://wwwn.cdc.gov/Nchs/Data/Nhanes/Public/2001/DataFiles/L26PP_B.xpt
2001-2002,2001,laboratory,Pesticides - Organochlorine Metabolites - Serum - Pooled Samples (Surplus),SSPST_B,https://wwwn.cdc.gov/Nchs/Data/Nhanes/Public/2001/DataFiles/SSPST_B.htm,https://wwwn.cdc.gov/Nchs/Data/Nhanes/Public/2001/DataFiles/SSPST_B.xpt
2001-2002,2001,laboratory,"Phthalates, Phytoestrogens & PAHs - Urine",PHPYPA_B,https://wwwn.cdc.gov/Nchs/Data/Nhanes/Public/2001/DataFiles/PHPYPA_B.htm,https://wwwn.cdc.gov/Nchs/Data/Nhanes/Public/2001/DataFiles/PHPYPA_B.xpt
2001-2002,2001,laboratory,"Plasma Fasting Glucose, Serum C-peptide & Insulin",L10AM_B,https://wwwn.cdc.gov/Nchs/Data/Nhanes/Public/2001/DataFiles/L10AM_B.htm,https://wwwn.cdc.gov/Nchs/Data/Nhanes/Public/2001/DataFiles/L10AM_B.xpt
2001-2002,2001,laboratory,Polyfluoroalkyl Chemicals - Pooled Samples (Surplus),PFC_POOL,https://wwwn.cdc.gov/Nchs/Data/Nhanes/Public/2001/DataFiles/PFC_POOL.htm,https://wwwn.cdc.gov/Nchs/Data/Nhanes/Public/2001/DataFiles/PFC_POOL.xpt
2001-2002,2001,laboratory,Pregnancy Test - Urine,UC_B,https://wwwn.cdc.gov/Nchs/Data/Nhanes/Public/2001/DataFiles/UC_B.htm,https://wwwn.cdc.gov/Nchs/Data/Nhanes/Public/2001/DataFiles/UC_B.xpt
2001-2002,2001,laboratory,Prostate specific antigen (PSA),L11PSA_B,https://wwwn.cdc.gov/Nchs/Data/Nhanes/Public/2001/DataFiles/L11PSA_B.htm,https://wwwn.cdc.gov/Nchs/Data/Nhanes/Public/2001/DataFiles/L11PSA_B.xpt
2001-2002,2001,laboratory,"Prostate-specific Antigen (PSA), Second Exam",L11P_2_B,https://wwwn.cdc.gov/Nchs/Data/Nhanes/Public/2001/DataFiles/L11P_2_B.htm,https://wwwn.cdc.gov/Nchs/Data/Nhanes/Public/2001/DataFiles/L11P_2_B.xpt
2001-2002,2001,laboratory,Sex Steroid Hormone - Men (Surplus),SSCHL_B,https://wwwn.cdc.gov/Nchs/Data/Nhanes/Public/2001/DataFiles/SSCHL_B.htm,https://wwwn.cdc.gov/Nchs/Data/Nhanes/Public/2001/DataFiles/SSCHL_B.xpt
2001-2002,2001,laboratory,Standard Biochemistry Profile,L40_B,https://wwwn.cdc.gov/Nchs/Data/Nhanes/Public/2001/DataFiles/L40_B.htm,https://wwwn.cdc.gov/Nchs/Data/Nhanes/Public/2001/DataFiles/L40_B.xpt
2001-2002,2001,laboratory,"Standard Biochemistry Profile, Follicle Stimulating Hormone & Luteinizing Hormone, Second Exam",L40_2_B,https://wwwn.cdc.gov/Nchs/Data/Nhanes/Public/2001/DataFiles/L40_2_B.htm,https://wwwn.cdc.gov/Nchs/Data/Nhanes/Public/2001/DataFiles/L40_2_B.xpt
2001-2002,2001,laboratory,"Syphilis-IgG, Syphilis Rapid Plasma Reagin (RPR) & Treponema pallidum Particle Agglutination (TP-PA)",L36_B,https://wwwn.cdc.gov/Nchs/Data/Nhanes/Public/2001/DataFiles/L36_B.htm,https://wwwn.cdc.gov/Nchs/Data/Nhanes/Public/2001/DataFiles/L36_B.xpt
2001-2002,2001,laboratory,Telomere Mean and Standard Deviation (Surplus),TELO_B,https://wwwn.cdc.gov/Nchs/Data/Nhanes/Public/2001/DataFiles/TELO_B.htm,https://wwwn.cdc.gov/Nchs/Data/Nhanes/Public/2001/DataFiles/TELO_B.xpt
2001-2002,2001,laboratory,Thyroid - Stimulating Hormone & Thyroxine (TSH & T4),L40T4_B,https://wwwn.cdc.gov/Nchs/Data/Nhanes/Public/2001/DataFiles/L40T4_B.htm,https://wwwn.cdc.gov/Nchs/Data/Nhanes/Public/2001/DataFiles/L40T4_B.xpt
2001-2002,2001,laboratory,Thyroid Profile (Surplus),SSNH4THY,https://wwwn.cdc.gov/Nchs/Data/Nhanes/Public/2001/DataFiles/SSNH4THY.htm,https://wwwn.cdc.gov/Nchs/Data/Nhanes/Public/2001/DataFiles/SSNH4THY.xpt
2001-2002,2001,laboratory,"Toxoplasma (IgG), Toxoplasma (IgM),Toxoplasma (Dye),Toxoplasma Differential Agglutination, & Toxoplasma (Avidity)",L17_B,https://wwwn.cdc.gov/Nchs/Data/Nhanes/Public/2001/DataFiles/L17_B.htm,https://wwwn.cdc.gov/Nchs/Data/Nhanes/Public/2001/DataFiles/L17_B.xpt
2001-2002,2001,laboratory,Transferrin Receptor - Pregnant Women (Surplus),SSTFR_B,https://wwwn.cdc.gov/Nchs/Data/Nhanes/Public/2001/DataFiles/SSTFR_B.htm,https://wwwn.cdc.gov/Nchs/Data/Nhanes/Public/2001/DataFiles/SSTFR_B.xpt
2001-2002,2001,laboratory,Varicella-Zoster Virus Antibody (Surplus),SSVARI_B,https://wwwn.cdc.gov/Nchs/Data/Nhanes/Public/2001/DataFiles/SSVARI_B.htm,https://wwwn.cdc.gov/Nchs/Data/Nhanes/Public/2001/DataFiles/SSVARI_B.xpt
2001-2002,2001,laboratory,"Vitamin A, Vitamin E & Carotenoids",L06VIT_B,https://wwwn.cdc.gov/Nchs/Data/Nhanes/Public/2001/DataFiles/L06VIT_B.htm,https://wwwn.cdc.gov/Nchs/Data/Nhanes/Public/2001/DataFiles/L06VIT_B.xpt
2001-2002,2001,laboratory,"Vitamin A, Vitamin E, & Carotenoids, Second Exam",VIT_2_B,https://wwwn.cdc.gov/Nchs/Data/Nhanes/Public/2001/DataFiles/VIT_2_B.htm,https://wwwn.cdc.gov/Nchs/Data/Nhanes/Public/2001/DataFiles/VIT_2_B.xpt
2001-2002,2001,laboratory,"Vitamin D
					VID_B Doc
				
					VID_B Data [XPT - 136.2 KB]
				
					Updated October 2015
				
			
				Volatile Organic Compounds - Blood & Water",L04VOC_B,https://wwwn.cdc.gov/Nchs/Data/Nhanes/Public/2001/DataFiles/L04VOC_B.htm,https://wwwn.cdc.gov/Nchs/Data/Nhanes/Public/2001/DataFiles/L04VOC_B.xpt
2001-2002,2001,questionnaire,Acculturation,ACQ_B,https://wwwn.cdc.gov/Nchs/Data/Nhanes/Public/2001/DataFiles/ACQ_B.htm,https://wwwn.cdc.gov/Nchs/Data/Nhanes/Public/2001/DataFiles/ACQ_B.xpt
2001-2002,2001,questionnaire,Alcohol Use,ALQ_B,https://wwwn.cdc.gov/Nchs/Data/Nhanes/Public/2001/DataFiles/ALQ_B.htm,https://wwwn.cdc.gov/Nchs/Data/Nhanes/Public/2001/DataFiles/ALQ_B.xpt
2001-2002,2001,questionnaire,Analgesic Pain Relievers,RXQANA_B,https://wwwn.cdc.gov/Nchs/Data/Nhanes/Public/2001/DataFiles/RXQANA_B.htm,https://wwwn.cdc.gov/Nchs/Data/Nhanes/Public/2001/DataFiles/RXQANA_B.xpt
2001-2002,2001,questionnaire,Audiometry,AUQ_B,https://wwwn.cdc.gov/Nchs/Data/Nhanes/Public/2001/DataFiles/AUQ_B.htm,https://wwwn.cdc.gov/Nchs/Data/Nhanes/Public/2001/DataFiles/AUQ_B.xpt
2001-2002,2001,questionnaire,Balance,BAQ_B,https://wwwn.cdc.gov/Nchs/Data/Nhanes/Public/2001/DataFiles/BAQ_B.htm,https://wwwn.cdc.gov/Nchs/Data/Nhanes/Public/2001/DataFiles/BAQ_B.xpt
2001-2002,2001,questionnaire,Blood Pressure & Cholesterol,BPQ_B,https://wwwn.cdc.gov/Nchs/Data/Nhanes/Public/2001/DataFiles/BPQ_B.htm,https://wwwn.cdc.gov/Nchs/Data/Nhanes/Public/2001/DataFiles/BPQ_B.xpt
2001-2002,2001,questionnaire,Cardiovascular Health,CDQ_B,https://wwwn.cdc.gov/Nchs/Data/Nhanes/Public/2001/DataFiles/CDQ_B.htm,https://wwwn.cdc.gov/Nchs/Data/Nhanes/Public/2001/DataFiles/CDQ_B.xpt
2001-2002,2001,questionnaire,Cognitive Functioning,CFQ_B,https://wwwn.cdc.gov/Nchs/Data/Nhanes/Public/2001/DataFiles/CFQ_B.htm,https://wwwn.cdc.gov/Nchs/Data/Nhanes/Public/2001/DataFiles/CFQ_B.xpt
2001-2002,2001,questionnaire,Current Health Status,HSQ_B,https://wwwn.cdc.gov/Nchs/Data/Nhanes/Public/2001/DataFiles/HSQ_B.htm,https://wwwn.cdc.gov/Nchs/Data/Nhanes/Public/2001/DataFiles/HSQ_B.xpt
2001-2002,2001,questionnaire,Dermatology,DEQ_B,https://wwwn.cdc.gov/Nchs/Data/Nhanes/Public/2001/DataFiles/DEQ_B.htm,https://wwwn.cdc.gov/Nchs/Data/Nhanes/Public/2001/DataFiles/DEQ_B.xpt
2001-2002,2001,questionnaire,Diabetes,DIQ_B,https://wwwn.cdc.gov/Nchs/Data/Nhanes/Public/2001/DataFiles/DIQ_B.htm,https://wwwn.cdc.gov/Nchs/Data/Nhanes/Public/2001/DataFiles/DIQ_B.xpt
2001-2002,2001,questionnaire,Diet Behavior & Nutrition,DBQ_B,https://wwwn.cdc.gov/Nchs/Data/Nhanes/Public/2001/DataFiles/DBQ_B.htm,https://wwwn.cdc.gov/Nchs/Data/Nhanes/Public/2001/DataFiles/DBQ_B.xpt
2001-2002,2001,questionnaire,Drug Use,DUQ_B,https://wwwn.cdc.gov/Nchs/Data/Nhanes/Public/2001/DataFiles/DUQ_B.htm,https://wwwn.cdc.gov/Nchs/Data/Nhanes/Public/2001/DataFiles/DUQ_B.xpt
2001-2002,2001,questionnaire,Early Childhood,ECQ_B,https://wwwn.cdc.gov/Nchs/Data/Nhanes/Public/2001/DataFiles/ECQ_B.htm,https://wwwn.cdc.gov/Nchs/Data/Nhanes/Public/2001/DataFiles/ECQ_B.xpt
2001-2002,2001,questionnaire,Food Security,FSQ_B,https://wwwn.cdc.gov/Nchs/Data/Nhanes/Public/2001/DataFiles/FSQ_B.htm,https://wwwn.cdc.gov/Nchs/Data/Nhanes/Public/2001/DataFiles/FSQ_B.xpt
2001-2002,2001,questionnaire,Health Insurance,HIQ_B,https://wwwn.cdc.gov/Nchs/Data/Nhanes/Public/2001/DataFiles/HIQ_B.htm,https://wwwn.cdc.gov/Nchs/Data/Nhanes/Public/2001/DataFiles/HIQ_B.xpt
2001-2002,2001,questionnaire,Hepatitis C Follow Up,HCQ_B,https://wwwn.cdc.gov/Nchs/Data/Nhanes/Public/2001/DataFiles/HCQ_B.htm,https://wwwn.cdc.gov/Nchs/Data/Nhanes/Public/2001/DataFiles/HCQ_B.xpt
2001-2002,2001,questionnaire,Hospital Utilization & Access to Care,HUQ_B,https://wwwn.cdc.gov/Nchs/Data/Nhanes/Public/2001/DataFiles/HUQ_B.htm,https://wwwn.cdc.gov/Nchs/Data/Nhanes/Public/2001/DataFiles/HUQ_B.xpt
2001-2002,2001,questionnaire,Housing Characteristics,HOQ_B,https://wwwn.cdc.gov/Nchs/Data/Nhanes/Public/2001/DataFiles/HOQ_B.htm,https://wwwn.cdc.gov/Nchs/Data/Nhanes/Public/2001/DataFiles/HOQ_B.xpt
2001-2002,2001,questionnaire,Immunization,IMQ_B,https://wwwn.cdc.gov/Nchs/Data/Nhanes/Public/2001/DataFiles/IMQ_B.htm,https://wwwn.cdc.gov/Nchs/Data/Nhanes/Public/2001/DataFiles/IMQ_B.xpt
2001-2002,2001,questionnaire,Kidney Conditions - Urology,KIQ_U_B,https://wwwn.cdc.gov/Nchs/Data/Nhanes/Public/2001/DataFiles/KIQ_U_B.htm,https://wwwn.cdc.gov/Nchs/Data/Nhanes/Public/2001/DataFiles/KIQ_U_B.xpt
2001-2002,2001,questionnaire,Medical Conditions,MCQ_B,https://wwwn.cdc.gov/Nchs/Data/Nhanes/Public/2001/DataFiles/MCQ_B.htm,https://wwwn.cdc.gov/Nchs/Data/Nhanes/Public/2001/DataFiles/MCQ_B.xpt
2001-2002,2001,questionnaire,Mental Health - Depression,CIQDEP_B,https://wwwn.cdc.gov/Nchs/Data/Nhanes/Public/2001/DataFiles/CIQDEP_B.htm,https://wwwn.cdc.gov/Nchs/Data/Nhanes/Public/2001/DataFiles/CIQDEP_B.xpt
2001-2002,2001,questionnaire,Mental Health - Generalized Anxiety Disorder,CIQGAD_B,https://wwwn.cdc.gov/Nchs/Data/Nhanes/Public/2001/DataFiles/CIQGAD_B.htm,https://wwwn.cdc.gov/Nchs/Data/Nhanes/Public/2001/DataFiles/CIQGAD_B.xpt
2001-2002,2001,questionnaire,Mental Health - Panic Disorder,CIQPAN_B,https://wwwn.cdc.gov/Nchs/Data/Nhanes/Public/2001/DataFiles/CIQPAN_B.htm,https://wwwn.cdc.gov/Nchs/Data/Nhanes/Public/2001/DataFiles/CIQPAN_B.xpt
2001-2002,2001,questionnaire,Miscellaneous Pain,MPQ_B,https://wwwn.cdc.gov/Nchs/Data/Nhanes/Public/2001/DataFiles/MPQ_B.htm,https://wwwn.cdc.gov/Nchs/Data/Nhanes/Public/2001/DataFiles/MPQ_B.xpt
2001-2002,2001,questionnaire,Occupation,OCQ_B,https://wwwn.cdc.gov/Nchs/Data/Nhanes/Public/2001/DataFiles/OCQ_B.htm,https://wwwn.cdc.gov/Nchs/Data/Nhanes/Public/2001/DataFiles/OCQ_B.xpt
2001-2002,2001,questionnaire,Oral Health,OHQ_B,https://wwwn.cdc.gov/Nchs/Data/Nhanes/Public/2001/DataFiles/OHQ_B.htm,https://wwwn.cdc.gov/Nchs/Data/Nhanes/Public/2001/DataFiles/OHQ_B.xpt
2001-2002,2001,questionnaire,Osteoporosis,OSQ_B,https://wwwn.cdc.gov/Nchs/Data/Nhanes/Public/2001/DataFiles/OSQ_B.htm,https://wwwn.cdc.gov/Nchs/Data/Nhanes/Public/2001/DataFiles/OSQ_B.xpt
2001-2002,2001,questionnaire,Pesticide Use,PUQ_B,https://wwwn.cdc.gov/Nchs/Data/Nhanes/Public/2001/DataFiles/PUQ_B.htm,https://wwwn.cdc.gov/Nchs/Data/Nhanes/Public/2001/DataFiles/PUQ_B.xpt
2001-2002,2001,questionnaire,Physical Activity,PAQ_B,https://wwwn.cdc.gov/Nchs/Data/Nhanes/Public/2001/DataFiles/PAQ_B.htm,https://wwwn.cdc.gov/Nchs/Data/Nhanes/Public/2001/DataFiles/PAQ_B.xpt
2001-2002,2001,questionnaire,Physical Activity - Individual Activities,PAQIAF_B,https://wwwn.cdc.gov/Nchs/Data/Nhanes/Public/2001/DataFiles/PAQIAF_B.htm,https://wwwn.cdc.gov/Nchs/Data/Nhanes/Public/2001/DataFiles/PAQIAF_B.xpt
2001-2002,2001,questionnaire,Physical Functioning,PFQ_B,https://wwwn.cdc.gov/Nchs/Data/Nhanes/Public/2001/DataFiles/PFQ_B.htm,https://wwwn.cdc.gov/Nchs/Data/Nhanes/Public/2001/DataFiles/PFQ_B.xpt
2001-2002,2001,questionnaire,Prescription Medications,RXQ_RX_B,https://wwwn.cdc.gov/Nchs/Data/Nhanes/Public/2001/DataFiles/RXQ_RX_B.htm,https://wwwn.cdc.gov/Nchs/Data/Nhanes/Public/2001/DataFiles/RXQ_RX_B.xpt
2001-2002,2001,questionnaire,Prescription Medications - Drug Information,RXQ_DRUG,https://wwwn.cdc.gov/Nchs/Data/Nhanes/Public/1988/DataFiles/RXQ_DRUG.htm,https://wwwn.cdc.gov/Nchs/Data/Nhanes/Public/1988/DataFiles/RXQ_DRUG.xpt
2001-2002,2001,questionnaire,Prostate Conditions,KIQ_P_B,https://wwwn.cdc.gov/Nchs/Data/Nhanes/Public/2001/DataFiles/KIQ_P_B.htm,https://wwwn.cdc.gov/Nchs/Data/Nhanes/Public/2001/DataFiles/KIQ_P_B.xpt
2001-2002,2001,questionnaire,Reproductive Health,RHQ_B,https://wwwn.cdc.gov/Nchs/Data/Nhanes/Public/2001/DataFiles/RHQ_B.htm,https://wwwn.cdc.gov/Nchs/Data/Nhanes/Public/2001/DataFiles/RHQ_B.xpt
2001-2002,2001,questionnaire,Respiratory Health,RDQ_B,https://wwwn.cdc.gov/Nchs/Data/Nhanes/Public/2001/DataFiles/RDQ_B.htm,https://wwwn.cdc.gov/Nchs/Data/Nhanes/Public/2001/DataFiles/RDQ_B.xpt
2001-2002,2001,questionnaire,Sexual Behavior,SXQ_B,https://wwwn.cdc.gov/Nchs/Data/Nhanes/Public/2001/DataFiles/SXQ_B.htm,https://wwwn.cdc.gov/Nchs/Data/Nhanes/Public/2001/DataFiles/SXQ_B.xpt
2001-2002,2001,questionnaire,Smoking - Adult Recent Tobacco Use & Youth Cigarette/Tobacco Use,SMQMEC_B,https://wwwn.cdc.gov/Nchs/Data/Nhanes/Public/2001/DataFiles/SMQMEC_B.htm,https://wwwn.cdc.gov/Nchs/Data/Nhanes/Public/2001/DataFiles/SMQMEC_B.xpt
2001-2002,2001,questionnaire,Smoking - Cigarette/Tobacco Use - Adult,SMQ_B,https://wwwn.cdc.gov/Nchs/Data/Nhanes/Public/2001/DataFiles/SMQ_B.htm,https://wwwn.cdc.gov/Nchs/Data/Nhanes/Public/2001/DataFiles/SMQ_B.xpt
2001-2002,2001,questionnaire,Smoking - Household Smokers,SMQFAM_B,https://wwwn.cdc.gov/Nchs/Data/Nhanes/Public/2001/DataFiles/SMQFAM_B.htm,https://wwwn.cdc.gov/Nchs/Data/Nhanes/Public/2001/DataFiles/SMQFAM_B.xpt
2001-2002,2001,questionnaire,Social Support,SSQ_B,https://wwwn.cdc.gov/Nchs/Data/Nhanes/Public/2001/DataFiles/SSQ_B.htm,https://wwwn.cdc.gov/Nchs/Data/Nhanes/Public/2001/DataFiles/SSQ_B.xpt
2001-2002,2001,questionnaire,Vision,VIQ_B,https://wwwn.cdc.gov/Nchs/Data/Nhanes/Public/2001/DataFiles/VIQ_B.htm,https://wwwn.cdc.gov/Nchs/Data/Nhanes/Public/2001/DataFiles/VIQ_B.xpt
2001-2002,2001,questionnaire,Weight History,WHQ_B,https://wwwn.cdc.gov/Nchs/Data/Nhanes/Public/2001/DataFiles/WHQ_B.htm,https://wwwn.cdc.gov/Nchs/Data/Nhanes/Public/2001/DataFiles/WHQ_B.xpt
2003-2004,2003,demographics,Demographic Variables & Sample Weights,DEMO_C,https://wwwn.cdc.gov/Nchs/Data/Nhanes/Public/2003/DataFiles/DEMO_C.htm,https://wwwn.cdc.gov/Nchs/Data/Nhanes/Public/2003/DataFiles/DEMO_C.xpt
2003-2004,2003,dietary,"Dietary Interview - Individual Foods, First Day",DR1IFF_C,https://wwwn.cdc.gov/Nchs/Data/Nhanes/Public/2003/DataFiles/DR1IFF_C.htm,https://wwwn.cdc.gov/Nchs/Data/Nhanes/Public/2003/DataFiles/DR1IFF_C.xpt
2003-2004,2003,dietary,"Dietary Interview - Individual Foods, Second Day",DR2IFF_C,https://wwwn.cdc.gov/Nchs/Data/Nhanes/Public/2003/DataFiles/DR2IFF_C.htm,https://wwwn.cdc.gov/Nchs/Data/Nhanes/Public/2003/DataFiles/DR2IFF_C.xpt
2003-2004,2003,dietary,"Dietary Interview - Total Nutrient Intakes, First Day",DR1TOT_C,https://wwwn.cdc.gov/Nchs/Data/Nhanes/Public/2003/DataFiles/DR1TOT_C.htm,https://wwwn.cdc.gov/Nchs/Data/Nhanes/Public/2003/DataFiles/DR1TOT_C.xpt
2003-2004,2003,dietary,"Dietary Interview - Total Nutrient Intakes, Second Day",DR2TOT_C,https://wwwn.cdc.gov/Nchs/Data/Nhanes/Public/2003/DataFiles/DR2TOT_C.htm,https://wwwn.cdc.gov/Nchs/Data/Nhanes/Public/2003/DataFiles/DR2TOT_C.xpt
2003-2004,2003,dietary,Dietary Interview Technical Support File - Food Codes,DRXFCD_C,https://wwwn.cdc.gov/Nchs/Data/Nhanes/Public/2003/DataFiles/DRXFCD_C.htm,https://wwwn.cdc.gov/Nchs/Data/Nhanes/Public/2003/DataFiles/DRXFCD_C.xpt
2003-2004,2003,dietary,Dietary Interview Technical Support File - Modification Codes,DRXMCD_C,https://wwwn.cdc.gov/Nchs/Data/Nhanes/Public/2003/DataFiles/DRXMCD_C.htm,https://wwwn.cdc.gov/Nchs/Data/Nhanes/Public/2003/DataFiles/DRXMCD_C.xpt
2003-2004,2003,dietary,Dietary Supplement Database - Blend Information,DSBI,https://wwwn.cdc.gov/Nchs/Data/Nhanes/Public/1999/DataFiles/DSBI.htm,https://wwwn.cdc.gov/Nchs/Data/Nhanes/Public/1999/DataFiles/DSBI.xpt
2003-2004,2003,dietary,Dietary Supplement Database - Ingredient Information,DSII,https://wwwn.cdc.gov/Nchs/Data/Nhanes/Public/1999/DataFiles/DSII.htm,https://wwwn.cdc.gov/Nchs/Data/Nhanes/Public/1999/DataFiles/DSII.xpt
2003-2004,2003,dietary,Dietary Supplement Database - Product Information,DSPI,https://wwwn.cdc.gov/Nchs/Data/Nhanes/Public/1999/DataFiles/DSPI.htm,https://wwwn.cdc.gov/Nchs/Data/Nhanes/Public/1999/DataFiles/DSPI.xpt
2003-2004,2003,dietary,"Dietary Supplement Use 30-Day - File 1, Supplement Counts",DSQ1_C,https://wwwn.cdc.gov/Nchs/Data/Nhanes/Public/2003/DataFiles/DSQ1_C.htm,https://wwwn.cdc.gov/Nchs/Data/Nhanes/Public/2003/DataFiles/DSQ1_C.xpt
2003-2004,2003,dietary,"Dietary Supplement Use 30-Day - File 2, Participant's Use of Supplements",DSQ2_C,https://wwwn.cdc.gov/Nchs/Data/Nhanes/Public/2003/DataFiles/DSQ2_C.htm,https://wwwn.cdc.gov/Nchs/Data/Nhanes/Public/2003/DataFiles/DSQ2_C.xpt
2003-2004,2003,dietary,Food Frequency Questionnaire - Look-Up Table FOODLOOK,FOODLK_C,https://wwwn.cdc.gov/Nchs/Data/Nhanes/Public/2003/DataFiles/FOODLK_C.htm,https://wwwn.cdc.gov/Nchs/Data/Nhanes/Public/2003/DataFiles/FOODLK_C.xpt
2003-2004,2003,dietary,Food Frequency Questionnaire - Look-Up Table VARLOOK,VARLK_C,https://wwwn.cdc.gov/Nchs/Data/Nhanes/Public/2003/DataFiles/VARLK_C.htm,https://wwwn.cdc.gov/Nchs/Data/Nhanes/Public/2003/DataFiles/VARLK_C.xpt
2003-2004,2003,dietary,Food Frequency Questionnaire - Output from DietCalc Software,FFQDC_C,https://wwwn.cdc.gov/Nchs/Data/Nhanes/Public/2003/DataFiles/FFQDC_C.htm,https://wwwn.cdc.gov/Nchs/Data/Nhanes/Public/2003/DataFiles/FFQDC_C.xpt
2003-2004,2003,dietary,Food Frequency Questionnaire - Raw Questionnaire Responses,FFQRAW_C,https://wwwn.cdc.gov/Nchs/Data/Nhanes/Public/2003/DataFiles/FFQRAW_C.htm,https://wwwn.cdc.gov/Nchs/Data/Nhanes/Public/2003/DataFiles/FFQRAW_C.xpt
2003-2004,2003,examination,Audiometry,AUX_C,https://wwwn.cdc.gov/Nchs/Data/Nhanes/Public/2003/DataFiles/AUX_C.htm,https://wwwn.cdc.gov/Nchs/Data/Nhanes/Public/2003/DataFiles/AUX_C.xpt
2003-2004,2003,examination,Audiometry - Acoustic Reflex,AUXAR_C,https://wwwn.cdc.gov/Nchs/Data/Nhanes/Public/2003/DataFiles/AUXAR_C.htm,https://wwwn.cdc.gov/Nchs/Data/Nhanes/Public/2003/DataFiles/AUXAR_C.xpt
2003-2004,2003,examination,Audiometry - Tympanometry,AUXTYM_C,https://wwwn.cdc.gov/Nchs/Data/Nhanes/Public/2003/DataFiles/AUXTYM_C.htm,https://wwwn.cdc.gov/Nchs/Data/Nhanes/Public/2003/DataFiles/AUXTYM_C.xpt
2003-2004,2003,examination,Balance,BAX_C,https://wwwn.cdc.gov/Nchs/Data/Nhanes/Public/2003/DataFiles/BAX_C.htm,https://wwwn.cdc.gov/Nchs/Data/Nhanes/Public/2003/DataFiles/BAX_C.xpt
2003-2004,2003,examination,Bioelectrical Impedance Analysis,BIX_C,https://wwwn.cdc.gov/Nchs/Data/Nhanes/Public/2003/DataFiles/BIX_C.htm,https://wwwn.cdc.gov/Nchs/Data/Nhanes/Public/2003/DataFiles/BIX_C.xpt
2003-2004,2003,examination,Blood Pressure,BPX_C,https://wwwn.cdc.gov/Nchs/Data/Nhanes/Public/2003/DataFiles/BPX_C.htm,https://wwwn.cdc.gov/Nchs/Data/Nhanes/Public/2003/DataFiles/BPX_C.xpt
2003-2004,2003,examination,Body Measures,BMX_C,https://wwwn.cdc.gov/Nchs/Data/Nhanes/Public/2003/DataFiles/BMX_C.htm,https://wwwn.cdc.gov/Nchs/Data/Nhanes/Public/2003/DataFiles/BMX_C.xpt
2003-2004,2003,examination,Cardiovascular Fitness,CVX_C,https://wwwn.cdc.gov/Nchs/Data/Nhanes/Public/2003/DataFiles/CVX_C.htm,https://wwwn.cdc.gov/Nchs/Data/Nhanes/Public/2003/DataFiles/CVX_C.xpt
2003-2004,2003,examination,Dermatology,DEX_C,https://wwwn.cdc.gov/Nchs/Data/Nhanes/Public/2003/DataFiles/DEX_C.htm,https://wwwn.cdc.gov/Nchs/Data/Nhanes/Public/2003/DataFiles/DEX_C.xpt
2003-2004,2003,examination,Dual Energy X-ray Absorptiometry - Android/Gynoid,DXXAG_C,https://wwwn.cdc.gov/Nchs/Data/Nhanes/Public/2003/DataFiles/DXXAG_C.htm,https://wwwn.cdc.gov/Nchs/Data/Nhanes/Public/2003/DataFiles/DXXAG_C.xpt
2003-2004,2003,examination,"Dual-Energy X-ray Absorptiometry - Whole Body
					All Years Doc
				
					All Years Data
				
					Updated December 2016
				
			
				Lower Extremity Disease - Ankle Brachial Blood Pressure Index",LEXAB_C,https://wwwn.cdc.gov/Nchs/Data/Nhanes/Public/2003/DataFiles/LEXAB_C.htm,https://wwwn.cdc.gov/Nchs/Data/Nhanes/Public/2003/DataFiles/LEXAB_C.xpt
2003-2004,2003,examination,Lower Extremity Disease - Peripheral Neuropathy,LEXPN_C,https://wwwn.cdc.gov/Nchs/Data/Nhanes/Public/2003/DataFiles/LEXPN_C.htm,https://wwwn.cdc.gov/Nchs/Data/Nhanes/Public/2003/DataFiles/LEXPN_C.xpt
2003-2004,2003,examination,Oral Health - Addendum,OHXADD_C,https://wwwn.cdc.gov/Nchs/Data/Nhanes/Public/2003/DataFiles/OHXADD_C.htm,https://wwwn.cdc.gov/Nchs/Data/Nhanes/Public/2003/DataFiles/OHXADD_C.xpt
2003-2004,2003,examination,Oral Health - Dentition,OHXDEN_C,https://wwwn.cdc.gov/Nchs/Data/Nhanes/Public/2003/DataFiles/OHXDEN_C.htm,https://wwwn.cdc.gov/Nchs/Data/Nhanes/Public/2003/DataFiles/OHXDEN_C.xpt
2003-2004,2003,examination,Oral Health - Periodontal/Lower,OHXPRL_C,https://wwwn.cdc.gov/Nchs/Data/Nhanes/Public/2003/DataFiles/OHXPRL_C.htm,https://wwwn.cdc.gov/Nchs/Data/Nhanes/Public/2003/DataFiles/OHXPRL_C.xpt
2003-2004,2003,examination,Oral Health - Periodontal/Upper,OHXPRU_C,https://wwwn.cdc.gov/Nchs/Data/Nhanes/Public/2003/DataFiles/OHXPRU_C.htm,https://wwwn.cdc.gov/Nchs/Data/Nhanes/Public/2003/DataFiles/OHXPRU_C.xpt
2003-2004,2003,examination,Oral Health - Recommendation of Care,OHXREF_C,https://wwwn.cdc.gov/Nchs/Data/Nhanes/Public/2003/DataFiles/OHXREF_C.htm,https://wwwn.cdc.gov/Nchs/Data/Nhanes/Public/2003/DataFiles/OHXREF_C.xpt
2003-2004,2003,examination,"Physical Activity Monitor
					PAXRAW_C Doc
				
					PAXRAW_C Data [ZIP - 407.7 MB]
				
					Updated December 2007
				
			
				Vision",VIX_C,https://wwwn.cdc.gov/Nchs/Data/Nhanes/Public/2003/DataFiles/VIX_C.htm,https://wwwn.cdc.gov/Nchs/Data/Nhanes/Public/2003/DataFiles/VIX_C.xpt
2003-2004,2003,laboratory,Acrylamide & Glycidamide,L06AGE_C,https://wwwn.cdc.gov/Nchs/Data/Nhanes/Public/2003/DataFiles/L06AGE_C.htm,https://wwwn.cdc.gov/Nchs/Data/Nhanes/Public/2003/DataFiles/L06AGE_C.xpt
2003-2004,2003,laboratory,Albumin & Creatinine - Urine,L16_C,https://wwwn.cdc.gov/Nchs/Data/Nhanes/Public/2003/DataFiles/L16_C.htm,https://wwwn.cdc.gov/Nchs/Data/Nhanes/Public/2003/DataFiles/L16_C.xpt
2003-2004,2003,laboratory,Anti-Mullerian Hormone (AMH) & Inhibin-B (Surplus),SSAMH_C,https://wwwn.cdc.gov/Nchs/Data/Nhanes/Public/2003/DataFiles/SSAMH_C.htm,https://wwwn.cdc.gov/Nchs/Data/Nhanes/Public/2003/DataFiles/SSAMH_C.xpt
2003-2004,2003,laboratory,Arsenics - Total & Speciated - Urine,L06UAS_C,https://wwwn.cdc.gov/Nchs/Data/Nhanes/Public/2003/DataFiles/L06UAS_C.htm,https://wwwn.cdc.gov/Nchs/Data/Nhanes/Public/2003/DataFiles/L06UAS_C.xpt
2003-2004,2003,laboratory,Autoantibodies - Anti-DFS70 Autoantibody Analyses (Surplus),SSDFS_A,https://wwwn.cdc.gov/Nchs/Data/Nhanes/Public/1999/DataFiles/SSDFS_A.htm,https://wwwn.cdc.gov/Nchs/Data/Nhanes/Public/1999/DataFiles/SSDFS_A.xpt
2003-2004,2003,laboratory,Autoantibodies - Immunofluorescence & Immunoprecipitation Analyses (Surplus),SSANA_A,https://wwwn.cdc.gov/Nchs/Data/Nhanes/Public/1999/DataFiles/SSANA_A.htm,https://wwwn.cdc.gov/Nchs/Data/Nhanes/Public/1999/DataFiles/SSANA_A.xpt
2003-2004,2003,laboratory,Autoantibodies - Immunofluorescence Analyses (Surplus),SSANA2_A,https://wwwn.cdc.gov/Nchs/Data/Nhanes/Public/1999/DataFiles/SSANA2_A.htm,https://wwwn.cdc.gov/Nchs/Data/Nhanes/Public/1999/DataFiles/SSANA2_A.xpt
2003-2004,2003,laboratory,Bacterial vaginosis (BV) & Trichomonas vaginalis,L34_C,https://wwwn.cdc.gov/Nchs/Data/Nhanes/Public/2003/DataFiles/L34_C.htm,https://wwwn.cdc.gov/Nchs/Data/Nhanes/Public/2003/DataFiles/L34_C.xpt
2003-2004,2003,laboratory,Brominated Flame Retardants (BFRs),L28PBE_C,https://wwwn.cdc.gov/Nchs/Data/Nhanes/Public/2003/DataFiles/L28PBE_C.htm,https://wwwn.cdc.gov/Nchs/Data/Nhanes/Public/2003/DataFiles/L28PBE_C.xpt
2003-2004,2003,laboratory,"Cadmium, Lead, & Total Mercury - Blood",L06BMT_C,https://wwwn.cdc.gov/Nchs/Data/Nhanes/Public/2003/DataFiles/L06BMT_C.htm,https://wwwn.cdc.gov/Nchs/Data/Nhanes/Public/2003/DataFiles/L06BMT_C.xpt
2003-2004,2003,laboratory,Chlamydia & Gonorrhea - Urine,L05_C,https://wwwn.cdc.gov/Nchs/Data/Nhanes/Public/2003/DataFiles/L05_C.htm,https://wwwn.cdc.gov/Nchs/Data/Nhanes/Public/2003/DataFiles/L05_C.xpt
2003-2004,2003,laboratory,Cholesterol - LDL & Triglycerides,L13AM_C,https://wwwn.cdc.gov/Nchs/Data/Nhanes/Public/2003/DataFiles/L13AM_C.htm,https://wwwn.cdc.gov/Nchs/Data/Nhanes/Public/2003/DataFiles/L13AM_C.xpt
2003-2004,2003,laboratory,Cholesterol - Total & HDL,L13_C,https://wwwn.cdc.gov/Nchs/Data/Nhanes/Public/2003/DataFiles/L13_C.htm,https://wwwn.cdc.gov/Nchs/Data/Nhanes/Public/2003/DataFiles/L13_C.xpt
2003-2004,2003,laboratory,Complete Blood Count with 5-part Differential - Whole Blood,L25_C,https://wwwn.cdc.gov/Nchs/Data/Nhanes/Public/2003/DataFiles/L25_C.htm,https://wwwn.cdc.gov/Nchs/Data/Nhanes/Public/2003/DataFiles/L25_C.xpt
2003-2004,2003,laboratory,Cotinine - Serum,L06COT_C,https://wwwn.cdc.gov/Nchs/Data/Nhanes/Public/2003/DataFiles/L06COT_C.htm,https://wwwn.cdc.gov/Nchs/Data/Nhanes/Public/2003/DataFiles/L06COT_C.xpt
2003-2004,2003,laboratory,Coxiella Burnetii (Q Fever) Antibodies - Serum (Surplus),SSQFEV_C,https://wwwn.cdc.gov/Nchs/Data/Nhanes/Public/2003/DataFiles/SSQFEV_C.htm,https://wwwn.cdc.gov/Nchs/Data/Nhanes/Public/2003/DataFiles/SSQFEV_C.xpt
2003-2004,2003,laboratory,"C-Reactive Protein (CRP), Bone Alkaline Phosphatase (BAP) & Parathyroid Hormone (PTH)",L11_C,https://wwwn.cdc.gov/Nchs/Data/Nhanes/Public/2003/DataFiles/L11_C.htm,https://wwwn.cdc.gov/Nchs/Data/Nhanes/Public/2003/DataFiles/L11_C.xpt
2003-2004,2003,laboratory,Cytomegalovirus Antibodies - Serum (Surplus),SSCMV_C,https://wwwn.cdc.gov/Nchs/Data/Nhanes/Public/2003/DataFiles/SSCMV_C.htm,https://wwwn.cdc.gov/Nchs/Data/Nhanes/Public/2003/DataFiles/SSCMV_C.xpt
2003-2004,2003,laboratory,Cytomegalovirus Genotypes - Urine (Surplus),SSCMVG_A,https://wwwn.cdc.gov/Nchs/Data/Nhanes/Public/1999/DataFiles/SSCMVG_A.htm,https://wwwn.cdc.gov/Nchs/Data/Nhanes/Public/1999/DataFiles/SSCMVG_A.xpt
2003-2004,2003,laboratory,Cytomegalovirus shedding - Urine (Surplus),SSUCSH_A,https://wwwn.cdc.gov/Nchs/Data/Nhanes/Public/1999/DataFiles/SSUCSH_A.htm,https://wwwn.cdc.gov/Nchs/Data/Nhanes/Public/1999/DataFiles/SSUCSH_A.xpt
2003-2004,2003,laboratory,"Dioxins, Furans, & Coplanar PCBs",L28DFP_C,https://wwwn.cdc.gov/Nchs/Data/Nhanes/Public/2003/DataFiles/L28DFP_C.htm,https://wwwn.cdc.gov/Nchs/Data/Nhanes/Public/2003/DataFiles/L28DFP_C.xpt
2003-2004,2003,laboratory,"Enterovirus D68 (EV-D68) - Serum (Surplus)
					SSEVD_C Doc
				
					SSEVD_C Data [XPT - 63.8 KB]
				
					Withdrawn
				
			
				Environmental Phenols",L24EPH_C,https://wwwn.cdc.gov/Nchs/Data/Nhanes/Public/2003/DataFiles/L24EPH_C.htm,https://wwwn.cdc.gov/Nchs/Data/Nhanes/Public/2003/DataFiles/L24EPH_C.xpt
2003-2004,2003,laboratory,Epstein-Barr Virus (VCA IgG) - Serum (Surplus),SSEBV_C,https://wwwn.cdc.gov/Nchs/Data/Nhanes/Public/2003/DataFiles/SSEBV_C.htm,https://wwwn.cdc.gov/Nchs/Data/Nhanes/Public/2003/DataFiles/SSEBV_C.xpt
2003-2004,2003,laboratory,Erythrocyte Protoporphyrin & Selenium,L39EPP_C,https://wwwn.cdc.gov/Nchs/Data/Nhanes/Public/2003/DataFiles/L39EPP_C.htm,https://wwwn.cdc.gov/Nchs/Data/Nhanes/Public/2003/DataFiles/L39EPP_C.xpt
2003-2004,2003,laboratory,Fasting Questionnaire,PH_C,https://wwwn.cdc.gov/Nchs/Data/Nhanes/Public/2003/DataFiles/PH_C.htm,https://wwwn.cdc.gov/Nchs/Data/Nhanes/Public/2003/DataFiles/PH_C.xpt
2003-2004,2003,laboratory,Fatty Acids - Plasma (Surplus),SSFA_C,https://wwwn.cdc.gov/Nchs/Data/Nhanes/Public/2003/DataFiles/SSFA_C.htm,https://wwwn.cdc.gov/Nchs/Data/Nhanes/Public/2003/DataFiles/SSFA_C.xpt
2003-2004,2003,laboratory,Ferritin & Transferrin Receptor,L06TFR_C,https://wwwn.cdc.gov/Nchs/Data/Nhanes/Public/2003/DataFiles/L06TFR_C.htm,https://wwwn.cdc.gov/Nchs/Data/Nhanes/Public/2003/DataFiles/L06TFR_C.xpt
2003-2004,2003,laboratory,"Folate - RBC & Serum, and Vitamin B12",L06NB_C,https://wwwn.cdc.gov/Nchs/Data/Nhanes/Public/2003/DataFiles/L06NB_C.htm,https://wwwn.cdc.gov/Nchs/Data/Nhanes/Public/2003/DataFiles/L06NB_C.xpt
2003-2004,2003,laboratory,"Glycated albumin, Beta-2 Microglobulin, Cystatin C (Surplus)",SSCARD_A,https://wwwn.cdc.gov/Nchs/Data/Nhanes/Public/1999/DataFiles/SSCARD_A.htm,https://wwwn.cdc.gov/Nchs/Data/Nhanes/Public/1999/DataFiles/SSCARD_A.xpt
2003-2004,2003,laboratory,Glycohemoglobin,L10_C,https://wwwn.cdc.gov/Nchs/Data/Nhanes/Public/2003/DataFiles/L10_C.htm,https://wwwn.cdc.gov/Nchs/Data/Nhanes/Public/2003/DataFiles/L10_C.xpt
2003-2004,2003,laboratory,Hepatitis A Antibody,L02HPA_C,https://wwwn.cdc.gov/Nchs/Data/Nhanes/Public/2003/DataFiles/L02HPA_C.htm,https://wwwn.cdc.gov/Nchs/Data/Nhanes/Public/2003/DataFiles/L02HPA_C.xpt
2003-2004,2003,laboratory,Hepatitis B Surface Antibody,L02HBS_C,https://wwwn.cdc.gov/Nchs/Data/Nhanes/Public/2003/DataFiles/L02HBS_C.htm,https://wwwn.cdc.gov/Nchs/Data/Nhanes/Public/2003/DataFiles/L02HBS_C.xpt
2003-2004,2003,laboratory,Hepatitis B: Core Antibody & Surface Antigen; Hepatitis C: Confirmed Antibody & RNA (HCV-RNA); Hepatitis D Antibody,L02_C,https://wwwn.cdc.gov/Nchs/Data/Nhanes/Public/2003/DataFiles/L02_C.htm,https://wwwn.cdc.gov/Nchs/Data/Nhanes/Public/2003/DataFiles/L02_C.xpt
2003-2004,2003,laboratory,Hepatitis C RNA (HCV-RNA) & HCV Genotype (Surplus),SSHCVR_C,https://wwwn.cdc.gov/Nchs/Data/Nhanes/Public/2003/DataFiles/SSHCVR_C.htm,https://wwwn.cdc.gov/Nchs/Data/Nhanes/Public/2003/DataFiles/SSHCVR_C.xpt
2003-2004,2003,laboratory,Herpes Simplex Virus Type-1 & Type-2,L09_C,https://wwwn.cdc.gov/Nchs/Data/Nhanes/Public/2003/DataFiles/L09_C.htm,https://wwwn.cdc.gov/Nchs/Data/Nhanes/Public/2003/DataFiles/L09_C.xpt
2003-2004,2003,laboratory,High-sensitivity cardiac troponins (Surplus),SSTROP_A,https://wwwn.cdc.gov/Nchs/Data/Nhanes/Public/1999/DataFiles/SSTROP_A.htm,https://wwwn.cdc.gov/Nchs/Data/Nhanes/Public/1999/DataFiles/SSTROP_A.xpt
2003-2004,2003,laboratory,"HIV Antibody Test, CD4+ T Lymphocytes & CD8+ T Cells",L03_C,https://wwwn.cdc.gov/Nchs/Data/Nhanes/Public/2003/DataFiles/L03_C.htm,https://wwwn.cdc.gov/Nchs/Data/Nhanes/Public/2003/DataFiles/L03_C.xpt
2003-2004,2003,laboratory,"Human Papillomavirus (HPV) - 6, 11, 16 & 18 Antibody - Serum: 4-plex CLIA",L52SER_C,https://wwwn.cdc.gov/Nchs/Data/Nhanes/Public/2003/DataFiles/L52SER_C.htm,https://wwwn.cdc.gov/Nchs/Data/Nhanes/Public/2003/DataFiles/L52SER_C.xpt
2003-2004,2003,laboratory,Human Papillomavirus (HPV) DNA - Vaginal Swab: Digene Hybrid Capture & Prototype Line Blot Assay,L37SWA_C,https://wwwn.cdc.gov/Nchs/Data/Nhanes/Public/2003/DataFiles/L37SWA_C.htm,https://wwwn.cdc.gov/Nchs/Data/Nhanes/Public/2003/DataFiles/L37SWA_C.xpt
2003-2004,2003,laboratory,Human Papillomavirus (HPV) DNA - Vaginal Swab: Roche Linear Array,L37SWR_C,https://wwwn.cdc.gov/Nchs/Data/Nhanes/Public/2003/DataFiles/L37SWR_C.htm,https://wwwn.cdc.gov/Nchs/Data/Nhanes/Public/2003/DataFiles/L37SWR_C.xpt
2003-2004,2003,laboratory,Iodine - Urine,L06UIO_C,https://wwwn.cdc.gov/Nchs/Data/Nhanes/Public/2003/DataFiles/L06UIO_C.htm,https://wwwn.cdc.gov/Nchs/Data/Nhanes/Public/2003/DataFiles/L06UIO_C.xpt
2003-2004,2003,laboratory,"Iron, Total Iron Binding Capacity (TIBC), & Transferrin Saturation",L40FE_C,https://wwwn.cdc.gov/Nchs/Data/Nhanes/Public/2003/DataFiles/L40FE_C.htm,https://wwwn.cdc.gov/Nchs/Data/Nhanes/Public/2003/DataFiles/L40FE_C.xpt
2003-2004,2003,laboratory,Lead - Dust,L20_C,https://wwwn.cdc.gov/Nchs/Data/Nhanes/Public/2003/DataFiles/L20_C.htm,https://wwwn.cdc.gov/Nchs/Data/Nhanes/Public/2003/DataFiles/L20_C.xpt
2003-2004,2003,laboratory,"Measles, Rubella, & Varicella",L19_C,https://wwwn.cdc.gov/Nchs/Data/Nhanes/Public/2003/DataFiles/L19_C.htm,https://wwwn.cdc.gov/Nchs/Data/Nhanes/Public/2003/DataFiles/L19_C.xpt
2003-2004,2003,laboratory,Melamine - Urine (Surplus),SSMEL_C,https://wwwn.cdc.gov/Nchs/Data/Nhanes/Public/2003/DataFiles/SSMEL_C.htm,https://wwwn.cdc.gov/Nchs/Data/Nhanes/Public/2003/DataFiles/SSMEL_C.xpt
2003-2004,2003,laboratory,Mercury: Inorganic - Urine,L06UHG_C,https://wwwn.cdc.gov/Nchs/Data/Nhanes/Public/2003/DataFiles/L06UHG_C.htm,https://wwwn.cdc.gov/Nchs/Data/Nhanes/Public/2003/DataFiles/L06UHG_C.xpt
2003-2004,2003,laboratory,Metals - Urine,L06HM_C,https://wwwn.cdc.gov/Nchs/Data/Nhanes/Public/2003/DataFiles/L06HM_C.htm,https://wwwn.cdc.gov/Nchs/Data/Nhanes/Public/2003/DataFiles/L06HM_C.xpt
2003-2004,2003,laboratory,Methicillin - Resistant Staphylococcus aureus (MRSA),L35_C,https://wwwn.cdc.gov/Nchs/Data/Nhanes/Public/2003/DataFiles/L35_C.htm,https://wwwn.cdc.gov/Nchs/Data/Nhanes/Public/2003/DataFiles/L35_C.xpt
2003-2004,2003,laboratory,Methylmalonic acid & Homocysteine,L06MH_C,https://wwwn.cdc.gov/Nchs/Data/Nhanes/Public/2003/DataFiles/L06MH_C.htm,https://wwwn.cdc.gov/Nchs/Data/Nhanes/Public/2003/DataFiles/L06MH_C.xpt
2003-2004,2003,laboratory,Monoclonal gammopathy of undetermined significance (MGUS) (Surplus),SSOL_C,https://wwwn.cdc.gov/Nchs/Data/Nhanes/Public/2003/DataFiles/SSOL_C.htm,https://wwwn.cdc.gov/Nchs/Data/Nhanes/Public/2003/DataFiles/SSOL_C.xpt
2003-2004,2003,laboratory,Mumps Antibody - Serum (Surplus),SSMUMP_C,https://wwwn.cdc.gov/Nchs/Data/Nhanes/Public/2003/DataFiles/SSMUMP_C.htm,https://wwwn.cdc.gov/Nchs/Data/Nhanes/Public/2003/DataFiles/SSMUMP_C.xpt
2003-2004,2003,laboratory,Non-dioxin-like Polychlorinated Biphenyls,L28NPB_C,https://wwwn.cdc.gov/Nchs/Data/Nhanes/Public/2003/DataFiles/L28NPB_C.htm,https://wwwn.cdc.gov/Nchs/Data/Nhanes/Public/2003/DataFiles/L28NPB_C.xpt
2003-2004,2003,laboratory,Norovirus antibody - Serum,SSNORO_C,https://wwwn.cdc.gov/Nchs/Data/Nhanes/Public/2003/DataFiles/SSNORO_C.htm,https://wwwn.cdc.gov/Nchs/Data/Nhanes/Public/2003/DataFiles/SSNORO_C.xpt
2003-2004,2003,laboratory,N-terminal Pro-BNP (Surplus),SSBNP_A,https://wwwn.cdc.gov/Nchs/Data/Nhanes/Public/1999/DataFiles/SSBNP_A.htm,https://wwwn.cdc.gov/Nchs/Data/Nhanes/Public/1999/DataFiles/SSBNP_A.xpt
2003-2004,2003,laboratory,Organophosphate Insecticides - Diakyl Phosphate Metabolites - Urine,L26OPD_C,https://wwwn.cdc.gov/Nchs/Data/Nhanes/Public/2003/DataFiles/L26OPD_C.htm,https://wwwn.cdc.gov/Nchs/Data/Nhanes/Public/2003/DataFiles/L26OPD_C.xpt
2003-2004,2003,laboratory,Perchlorate - Urine,L04PER_C,https://wwwn.cdc.gov/Nchs/Data/Nhanes/Public/2003/DataFiles/L04PER_C.htm,https://wwwn.cdc.gov/Nchs/Data/Nhanes/Public/2003/DataFiles/L04PER_C.xpt
2003-2004,2003,laboratory,"Pesticides - Current Use - Urine (Formerly Priority Pesticides, Non-persistent Pesticide Metabolites)",L26UPP_C,https://wwwn.cdc.gov/Nchs/Data/Nhanes/Public/2003/DataFiles/L26UPP_C.htm,https://wwwn.cdc.gov/Nchs/Data/Nhanes/Public/2003/DataFiles/L26UPP_C.xpt
2003-2004,2003,laboratory,Pesticides - Environmental - Urine,L24PP_C,https://wwwn.cdc.gov/Nchs/Data/Nhanes/Public/2003/DataFiles/L24PP_C.htm,https://wwwn.cdc.gov/Nchs/Data/Nhanes/Public/2003/DataFiles/L24PP_C.xpt
2003-2004,2003,laboratory,Pesticides - Organochlorine Metabolites - Serum (Surplus),L28OCP_C,https://wwwn.cdc.gov/Nchs/Data/Nhanes/Public/2003/DataFiles/L28OCP_C.htm,https://wwwn.cdc.gov/Nchs/Data/Nhanes/Public/2003/DataFiles/L28OCP_C.xpt
2003-2004,2003,laboratory,Phthalates - Urine,L24PH_C,https://wwwn.cdc.gov/Nchs/Data/Nhanes/Public/2003/DataFiles/L24PH_C.htm,https://wwwn.cdc.gov/Nchs/Data/Nhanes/Public/2003/DataFiles/L24PH_C.xpt
2003-2004,2003,laboratory,Phytoestrogens - Urine,L06PHY_C,https://wwwn.cdc.gov/Nchs/Data/Nhanes/Public/2003/DataFiles/L06PHY_C.htm,https://wwwn.cdc.gov/Nchs/Data/Nhanes/Public/2003/DataFiles/L06PHY_C.xpt
2003-2004,2003,laboratory,"Plasma Fasting Glucose, Serum C-peptide & Insulin",L10AM_C,https://wwwn.cdc.gov/Nchs/Data/Nhanes/Public/2003/DataFiles/L10AM_C.htm,https://wwwn.cdc.gov/Nchs/Data/Nhanes/Public/2003/DataFiles/L10AM_C.xpt
2003-2004,2003,laboratory,Polyaromatic Hydrocarbons (PAHs) - Urine,L31PAH_C,https://wwwn.cdc.gov/Nchs/Data/Nhanes/Public/2003/DataFiles/L31PAH_C.htm,https://wwwn.cdc.gov/Nchs/Data/Nhanes/Public/2003/DataFiles/L31PAH_C.xpt
2003-2004,2003,laboratory,Polyfluoroalkyl Chemicals,L24PFC_C,https://wwwn.cdc.gov/Nchs/Data/Nhanes/Public/2003/DataFiles/L24PFC_C.htm,https://wwwn.cdc.gov/Nchs/Data/Nhanes/Public/2003/DataFiles/L24PFC_C.xpt
2003-2004,2003,laboratory,Pregnancy Test - Urine,UC_C,https://wwwn.cdc.gov/Nchs/Data/Nhanes/Public/2003/DataFiles/UC_C.htm,https://wwwn.cdc.gov/Nchs/Data/Nhanes/Public/2003/DataFiles/UC_C.xpt
2003-2004,2003,laboratory,Prostate Specific Antigen (PSA),L11PSA_C,https://wwwn.cdc.gov/Nchs/Data/Nhanes/Public/2003/DataFiles/L11PSA_C.htm,https://wwwn.cdc.gov/Nchs/Data/Nhanes/Public/2003/DataFiles/L11PSA_C.xpt
2003-2004,2003,laboratory,Sex Steroid Hormone - Men (Surplus),SSCHL_C,https://wwwn.cdc.gov/Nchs/Data/Nhanes/Public/2003/DataFiles/SSCHL_C.htm,https://wwwn.cdc.gov/Nchs/Data/Nhanes/Public/2003/DataFiles/SSCHL_C.xpt
2003-2004,2003,laboratory,Standard Biochemistry Profile,L40_C,https://wwwn.cdc.gov/Nchs/Data/Nhanes/Public/2003/DataFiles/L40_C.htm,https://wwwn.cdc.gov/Nchs/Data/Nhanes/Public/2003/DataFiles/L40_C.xpt
2003-2004,2003,laboratory,"Syphilis-IgG, Syphilis Rapid Plasma Reagin (RPR) & Treponema pallidum Particle Agglutination (TP-PA)",L36_C,https://wwwn.cdc.gov/Nchs/Data/Nhanes/Public/2003/DataFiles/L36_C.htm,https://wwwn.cdc.gov/Nchs/Data/Nhanes/Public/2003/DataFiles/L36_C.xpt
2003-2004,2003,laboratory,Toxoplasma (IgG) & Toxoplasma (IgM),L17_C,https://wwwn.cdc.gov/Nchs/Data/Nhanes/Public/2003/DataFiles/L17_C.htm,https://wwwn.cdc.gov/Nchs/Data/Nhanes/Public/2003/DataFiles/L17_C.xpt
2003-2004,2003,laboratory,Varicella-Zoster Virus Antibody (Surplus),SSVARI_C,https://wwwn.cdc.gov/Nchs/Data/Nhanes/Public/2003/DataFiles/SSVARI_C.htm,https://wwwn.cdc.gov/Nchs/Data/Nhanes/Public/2003/DataFiles/SSVARI_C.xpt
2003-2004,2003,laboratory,"Vitamin A, Vitamin E & Carotenoids",L45VIT_C,https://wwwn.cdc.gov/Nchs/Data/Nhanes/Public/2003/DataFiles/L45VIT_C.htm,https://wwwn.cdc.gov/Nchs/Data/Nhanes/Public/2003/DataFiles/L45VIT_C.xpt
2003-2004,2003,laboratory,Vitamin B6,L43_C,https://wwwn.cdc.gov/Nchs/Data/Nhanes/Public/2003/DataFiles/L43_C.htm,https://wwwn.cdc.gov/Nchs/Data/Nhanes/Public/2003/DataFiles/L43_C.xpt
2003-2004,2003,laboratory,Vitamin C,L06VIT_C,https://wwwn.cdc.gov/Nchs/Data/Nhanes/Public/2003/DataFiles/L06VIT_C.htm,https://wwwn.cdc.gov/Nchs/Data/Nhanes/Public/2003/DataFiles/L06VIT_C.xpt
2003-2004,2003,laboratory,"Vitamin D
					VID_C Doc
				
					VID_C Data [XPT - 144.5 KB]
				
					Updated October 2015
				
			
				Volatile Organic Compounds - Blood, Water, & Related Questionnaire Items",L04VOC_C,https://wwwn.cdc.gov/Nchs/Data/Nhanes/Public/2003/DataFiles/L04VOC_C.htm,https://wwwn.cdc.gov/Nchs/Data/Nhanes/Public/2003/DataFiles/L04VOC_C.xpt
2003-2004,2003,questionnaire,Acculturation,ACQ_C,https://wwwn.cdc.gov/Nchs/Data/Nhanes/Public/2003/DataFiles/ACQ_C.htm,https://wwwn.cdc.gov/Nchs/Data/Nhanes/Public/2003/DataFiles/ACQ_C.xpt
2003-2004,2003,questionnaire,Alcohol Use,ALQ_C,https://wwwn.cdc.gov/Nchs/Data/Nhanes/Public/2003/DataFiles/ALQ_C.htm,https://wwwn.cdc.gov/Nchs/Data/Nhanes/Public/2003/DataFiles/ALQ_C.xpt
2003-2004,2003,questionnaire,Analgesic Pain Relievers,RXQANA_C,https://wwwn.cdc.gov/Nchs/Data/Nhanes/Public/2003/DataFiles/RXQANA_C.htm,https://wwwn.cdc.gov/Nchs/Data/Nhanes/Public/2003/DataFiles/RXQANA_C.xpt
2003-2004,2003,questionnaire,Audiometry,AUQ_C,https://wwwn.cdc.gov/Nchs/Data/Nhanes/Public/2003/DataFiles/AUQ_C.htm,https://wwwn.cdc.gov/Nchs/Data/Nhanes/Public/2003/DataFiles/AUQ_C.xpt
2003-2004,2003,questionnaire,Balance,BAQ_C,https://wwwn.cdc.gov/Nchs/Data/Nhanes/Public/2003/DataFiles/BAQ_C.htm,https://wwwn.cdc.gov/Nchs/Data/Nhanes/Public/2003/DataFiles/BAQ_C.xpt
2003-2004,2003,questionnaire,Blood Pressure & Cholesterol,BPQ_C,https://wwwn.cdc.gov/Nchs/Data/Nhanes/Public/2003/DataFiles/BPQ_C.htm,https://wwwn.cdc.gov/Nchs/Data/Nhanes/Public/2003/DataFiles/BPQ_C.xpt
2003-2004,2003,questionnaire,Cardiovascular Health,CDQ_C,https://wwwn.cdc.gov/Nchs/Data/Nhanes/Public/2003/DataFiles/CDQ_C.htm,https://wwwn.cdc.gov/Nchs/Data/Nhanes/Public/2003/DataFiles/CDQ_C.xpt
2003-2004,2003,questionnaire,Current Health Status,HSQ_C,https://wwwn.cdc.gov/Nchs/Data/Nhanes/Public/2003/DataFiles/HSQ_C.htm,https://wwwn.cdc.gov/Nchs/Data/Nhanes/Public/2003/DataFiles/HSQ_C.xpt
2003-2004,2003,questionnaire,Dermatology,DEQ_C,https://wwwn.cdc.gov/Nchs/Data/Nhanes/Public/2003/DataFiles/DEQ_C.htm,https://wwwn.cdc.gov/Nchs/Data/Nhanes/Public/2003/DataFiles/DEQ_C.xpt
2003-2004,2003,questionnaire,Diabetes,DIQ_C,https://wwwn.cdc.gov/Nchs/Data/Nhanes/Public/2003/DataFiles/DIQ_C.htm,https://wwwn.cdc.gov/Nchs/Data/Nhanes/Public/2003/DataFiles/DIQ_C.xpt
2003-2004,2003,questionnaire,Diet Behavior & Nutrition,DBQ_C,https://wwwn.cdc.gov/Nchs/Data/Nhanes/Public/2003/DataFiles/DBQ_C.htm,https://wwwn.cdc.gov/Nchs/Data/Nhanes/Public/2003/DataFiles/DBQ_C.xpt
2003-2004,2003,questionnaire,Drug Use,DUQ_C,https://wwwn.cdc.gov/Nchs/Data/Nhanes/Public/2003/DataFiles/DUQ_C.htm,https://wwwn.cdc.gov/Nchs/Data/Nhanes/Public/2003/DataFiles/DUQ_C.xpt
2003-2004,2003,questionnaire,Early Childhood,ECQ_C,https://wwwn.cdc.gov/Nchs/Data/Nhanes/Public/2003/DataFiles/ECQ_C.htm,https://wwwn.cdc.gov/Nchs/Data/Nhanes/Public/2003/DataFiles/ECQ_C.xpt
2003-2004,2003,questionnaire,Food Security,FSQ_C,https://wwwn.cdc.gov/Nchs/Data/Nhanes/Public/2003/DataFiles/FSQ_C.htm,https://wwwn.cdc.gov/Nchs/Data/Nhanes/Public/2003/DataFiles/FSQ_C.xpt
2003-2004,2003,questionnaire,Health Insurance,HIQ_C,https://wwwn.cdc.gov/Nchs/Data/Nhanes/Public/2003/DataFiles/HIQ_C.htm,https://wwwn.cdc.gov/Nchs/Data/Nhanes/Public/2003/DataFiles/HIQ_C.xpt
2003-2004,2003,questionnaire,Hepatitis C Follow Up,HCQ_C,https://wwwn.cdc.gov/Nchs/Data/Nhanes/Public/2003/DataFiles/HCQ_C.htm,https://wwwn.cdc.gov/Nchs/Data/Nhanes/Public/2003/DataFiles/HCQ_C.xpt
2003-2004,2003,questionnaire,Hospital Utilization & Access to Care,HUQ_C,https://wwwn.cdc.gov/Nchs/Data/Nhanes/Public/2003/DataFiles/HUQ_C.htm,https://wwwn.cdc.gov/Nchs/Data/Nhanes/Public/2003/DataFiles/HUQ_C.xpt
2003-2004,2003,questionnaire,Housing Characteristics,HOQ_C,https://wwwn.cdc.gov/Nchs/Data/Nhanes/Public/2003/DataFiles/HOQ_C.htm,https://wwwn.cdc.gov/Nchs/Data/Nhanes/Public/2003/DataFiles/HOQ_C.xpt
2003-2004,2003,questionnaire,Immunization,IMQ_C,https://wwwn.cdc.gov/Nchs/Data/Nhanes/Public/2003/DataFiles/IMQ_C.htm,https://wwwn.cdc.gov/Nchs/Data/Nhanes/Public/2003/DataFiles/IMQ_C.xpt
2003-2004,2003,questionnaire,Kidney Conditions - Urology,KIQ_U_C,https://wwwn.cdc.gov/Nchs/Data/Nhanes/Public/2003/DataFiles/KIQ_U_C.htm,https://wwwn.cdc.gov/Nchs/Data/Nhanes/Public/2003/DataFiles/KIQ_U_C.xpt
2003-2004,2003,questionnaire,Medical Conditions,MCQ_C,https://wwwn.cdc.gov/Nchs/Data/Nhanes/Public/2003/DataFiles/MCQ_C.htm,https://wwwn.cdc.gov/Nchs/Data/Nhanes/Public/2003/DataFiles/MCQ_C.xpt
2003-2004,2003,questionnaire,Mental Health - Depression,CIQDEP_C,https://wwwn.cdc.gov/Nchs/Data/Nhanes/Public/2003/DataFiles/CIQDEP_C.htm,https://wwwn.cdc.gov/Nchs/Data/Nhanes/Public/2003/DataFiles/CIQDEP_C.xpt
2003-2004,2003,questionnaire,Mental Health - Generalized Anxiety Disorder,CIQGAD_C,https://wwwn.cdc.gov/Nchs/Data/Nhanes/Public/2003/DataFiles/CIQGAD_C.htm,https://wwwn.cdc.gov/Nchs/Data/Nhanes/Public/2003/DataFiles/CIQGAD_C.xpt
2003-2004,2003,questionnaire,Mental Health - Panic Disorder,CIQPAN_C,https://wwwn.cdc.gov/Nchs/Data/Nhanes/Public/2003/DataFiles/CIQPAN_C.htm,https://wwwn.cdc.gov/Nchs/Data/Nhanes/Public/2003/DataFiles/CIQPAN_C.xpt
2003-2004,2003,questionnaire,Miscellaneous Pain,MPQ_C,https://wwwn.cdc.gov/Nchs/Data/Nhanes/Public/2003/DataFiles/MPQ_C.htm,https://wwwn.cdc.gov/Nchs/Data/Nhanes/Public/2003/DataFiles/MPQ_C.xpt
2003-2004,2003,questionnaire,Occupation,OCQ_C,https://wwwn.cdc.gov/Nchs/Data/Nhanes/Public/2003/DataFiles/OCQ_C.htm,https://wwwn.cdc.gov/Nchs/Data/Nhanes/Public/2003/DataFiles/OCQ_C.xpt
2003-2004,2003,questionnaire,Oral Health,OHQ_C,https://wwwn.cdc.gov/Nchs/Data/Nhanes/Public/2003/DataFiles/OHQ_C.htm,https://wwwn.cdc.gov/Nchs/Data/Nhanes/Public/2003/DataFiles/OHQ_C.xpt
2003-2004,2003,questionnaire,Osteoporosis,OSQ_C,https://wwwn.cdc.gov/Nchs/Data/Nhanes/Public/2003/DataFiles/OSQ_C.htm,https://wwwn.cdc.gov/Nchs/Data/Nhanes/Public/2003/DataFiles/OSQ_C.xpt
2003-2004,2003,questionnaire,Pesticide Use,PUQ_C,https://wwwn.cdc.gov/Nchs/Data/Nhanes/Public/2003/DataFiles/PUQ_C.htm,https://wwwn.cdc.gov/Nchs/Data/Nhanes/Public/2003/DataFiles/PUQ_C.xpt
2003-2004,2003,questionnaire,Physical Activity,PAQ_C,https://wwwn.cdc.gov/Nchs/Data/Nhanes/Public/2003/DataFiles/PAQ_C.htm,https://wwwn.cdc.gov/Nchs/Data/Nhanes/Public/2003/DataFiles/PAQ_C.xpt
2003-2004,2003,questionnaire,Physical Activity - Individual Activities,PAQIAF_C,https://wwwn.cdc.gov/Nchs/Data/Nhanes/Public/2003/DataFiles/PAQIAF_C.htm,https://wwwn.cdc.gov/Nchs/Data/Nhanes/Public/2003/DataFiles/PAQIAF_C.xpt
2003-2004,2003,questionnaire,Physical Functioning,PFQ_C,https://wwwn.cdc.gov/Nchs/Data/Nhanes/Public/2003/DataFiles/PFQ_C.htm,https://wwwn.cdc.gov/Nchs/Data/Nhanes/Public/2003/DataFiles/PFQ_C.xpt
2003-2004,2003,questionnaire,Prescription Medications,RXQ_RX_C,https://wwwn.cdc.gov/Nchs/Data/Nhanes/Public/2003/DataFiles/RXQ_RX_C.htm,https://wwwn.cdc.gov/Nchs/Data/Nhanes/Public/2003/DataFiles/RXQ_RX_C.xpt
2003-2004,2003,questionnaire,Prescription Medications - Drug Information,RXQ_DRUG,https://wwwn.cdc.gov/Nchs/Data/Nhanes/Public/1988/DataFiles/RXQ_DRUG.htm,https://wwwn.cdc.gov/Nchs/Data/Nhanes/Public/1988/DataFiles/RXQ_DRUG.xpt
2003-2004,2003,questionnaire,Prostate Conditions,KIQ_P_C,https://wwwn.cdc.gov/Nchs/Data/Nhanes/Public/2003/DataFiles/KIQ_P_C.htm,https://wwwn.cdc.gov/Nchs/Data/Nhanes/Public/2003/DataFiles/KIQ_P_C.xpt
2003-2004,2003,questionnaire,Prostate Specific Antigen Follow-up,PSQ_C,https://wwwn.cdc.gov/Nchs/Data/Nhanes/Public/2003/DataFiles/PSQ_C.htm,https://wwwn.cdc.gov/Nchs/Data/Nhanes/Public/2003/DataFiles/PSQ_C.xpt
2003-2004,2003,questionnaire,Reproductive Health,RHQ_C,https://wwwn.cdc.gov/Nchs/Data/Nhanes/Public/2003/DataFiles/RHQ_C.htm,https://wwwn.cdc.gov/Nchs/Data/Nhanes/Public/2003/DataFiles/RHQ_C.xpt
2003-2004,2003,questionnaire,Respiratory Health,RDQ_C,https://wwwn.cdc.gov/Nchs/Data/Nhanes/Public/2003/DataFiles/RDQ_C.htm,https://wwwn.cdc.gov/Nchs/Data/Nhanes/Public/2003/DataFiles/RDQ_C.xpt
2003-2004,2003,questionnaire,Sexual Behavior,SXQ_C,https://wwwn.cdc.gov/Nchs/Data/Nhanes/Public/2003/DataFiles/SXQ_C.htm,https://wwwn.cdc.gov/Nchs/Data/Nhanes/Public/2003/DataFiles/SXQ_C.xpt
2003-2004,2003,questionnaire,Smoking - Adult Recent Tobacco Use & Youth Cigarette/Tobacco Use,SMQMEC_C,https://wwwn.cdc.gov/Nchs/Data/Nhanes/Public/2003/DataFiles/SMQMEC_C.htm,https://wwwn.cdc.gov/Nchs/Data/Nhanes/Public/2003/DataFiles/SMQMEC_C.xpt
2003-2004,2003,questionnaire,Smoking - Cigarette/Tobacco Use - Adult,SMQ_C,https://wwwn.cdc.gov/Nchs/Data/Nhanes/Public/2003/DataFiles/SMQ_C.htm,https://wwwn.cdc.gov/Nchs/Data/Nhanes/Public/2003/DataFiles/SMQ_C.xpt
2003-2004,2003,questionnaire,Smoking - Household Smokers,SMQFAM_C,https://wwwn.cdc.gov/Nchs/Data/Nhanes/Public/2003/DataFiles/SMQFAM_C.htm,https://wwwn.cdc.gov/Nchs/Data/Nhanes/Public/2003/DataFiles/SMQFAM_C.xpt
2003-2004,2003,questionnaire,Social Support,SSQ_C,https://wwwn.cdc.gov/Nchs/Data/Nhanes/Public/2003/DataFiles/SSQ_C.htm,https://wwwn.cdc.gov/Nchs/Data/Nhanes/Public/2003/DataFiles/SSQ_C.xpt
2003-2004,2003,questionnaire,Vision,VIQ_C,https://wwwn.cdc.gov/Nchs/Data/Nhanes/Public/2003/DataFiles/VIQ_C.htm,https://wwwn.cdc.gov/Nchs/Data/Nhanes/Public/2003/DataFiles/VIQ_C.xpt
2003-2004,2003,questionnaire,Weight History,WHQ_C,https://wwwn.cdc.gov/Nchs/Data/Nhanes/Public/2003/DataFiles/WHQ_C.htm,https://wwwn.cdc.gov/Nchs/Data/Nhanes/Public/2003/DataFiles/WHQ_C.xpt
2005-2006,2005,demographics,Demographic Variables & Sample Weights,DEMO_D,https://wwwn.cdc.gov/Nchs/Data/Nhanes/Public/2005/DataFiles/DEMO_D.htm,https://wwwn.cdc.gov/Nchs/Data/Nhanes/Public/2005/DataFiles/DEMO_D.xpt
2005-2006,2005,dietary,"Dietary Interview - Individual Foods, First Day",DR1IFF_D,https://wwwn.cdc.gov/Nchs/Data/Nhanes/Public/2005/DataFiles/DR1IFF_D.htm,https://wwwn.cdc.gov/Nchs/Data/Nhanes/Public/2005/DataFiles/DR1IFF_D.xpt
2005-2006,2005,dietary,"Dietary Interview - Individual Foods, Second Day",DR2IFF_D,https://wwwn.cdc.gov/Nchs/Data/Nhanes/Public/2005/DataFiles/DR2IFF_D.htm,https://wwwn.cdc.gov/Nchs/Data/Nhanes/Public/2005/DataFiles/DR2IFF_D.xpt
2005-2006,2005,dietary,"Dietary Interview - Total Nutrient Intakes, First Day",DR1TOT_D,https://wwwn.cdc.gov/Nchs/Data/Nhanes/Public/2005/DataFiles/DR1TOT_D.htm,https://wwwn.cdc.gov/Nchs/Data/Nhanes/Public/2005/DataFiles/DR1TOT_D.xpt
2005-2006,2005,dietary,"Dietary Interview - Total Nutrient Intakes, Second Day",DR2TOT_D,https://wwwn.cdc.gov/Nchs/Data/Nhanes/Public/2005/DataFiles/DR2TOT_D.htm,https://wwwn.cdc.gov/Nchs/Data/Nhanes/Public/2005/DataFiles/DR2TOT_D.xpt
2005-2006,2005,dietary,Dietary Interview Technical Support File - Food Codes,DRXFCD_D,https://wwwn.cdc.gov/Nchs/Data/Nhanes/Public/2005/DataFiles/DRXFCD_D.htm,https://wwwn.cdc.gov/Nchs/Data/Nhanes/Public/2005/DataFiles/DRXFCD_D.xpt
2005-2006,2005,dietary,Dietary Interview Technical Support File - Modification Codes,DRXMCD_D,https://wwwn.cdc.gov/Nchs/Data/Nhanes/Public/2005/DataFiles/DRXMCD_D.htm,https://wwwn.cdc.gov/Nchs/Data/Nhanes/Public/2005/DataFiles/DRXMCD_D.xpt
2005-2006,2005,dietary,Dietary Supplement Database - Blend Information,DSBI,https://wwwn.cdc.gov/Nchs/Data/Nhanes/Public/1999/DataFiles/DSBI.htm,https://wwwn.cdc.gov/Nchs/Data/Nhanes/Public/1999/DataFiles/DSBI.xpt
2005-2006,2005,dietary,Dietary Supplement Database - Ingredient Information,DSII,https://wwwn.cdc.gov/Nchs/Data/Nhanes/Public/1999/DataFiles/DSII.htm,https://wwwn.cdc.gov/Nchs/Data/Nhanes/Public/1999/DataFiles/DSII.xpt
2005-2006,2005,dietary,Dietary Supplement Database - Product Information,DSPI,https://wwwn.cdc.gov/Nchs/Data/Nhanes/Public/1999/DataFiles/DSPI.htm,https://wwwn.cdc.gov/Nchs/Data/Nhanes/Public/1999/DataFiles/DSPI.xpt
2005-2006,2005,dietary,"Dietary Supplement Use 30-Day - File 1, Supplement Counts",DSQ1_D,https://wwwn.cdc.gov/Nchs/Data/Nhanes/Public/2005/DataFiles/DSQ1_D.htm,https://wwwn.cdc.gov/Nchs/Data/Nhanes/Public/2005/DataFiles/DSQ1_D.xpt
2005-2006,2005,dietary,"Dietary Supplement Use 30-Day - File 2, Participant's Use of Supplements",DSQ2_D,https://wwwn.cdc.gov/Nchs/Data/Nhanes/Public/2005/DataFiles/DSQ2_D.htm,https://wwwn.cdc.gov/Nchs/Data/Nhanes/Public/2005/DataFiles/DSQ2_D.xpt
2005-2006,2005,dietary,Food Frequency Questionnaire - Look-Up Table FOODLOOK,FOODLK_D,https://wwwn.cdc.gov/Nchs/Data/Nhanes/Public/2005/DataFiles/FOODLK_D.htm,https://wwwn.cdc.gov/Nchs/Data/Nhanes/Public/2005/DataFiles/FOODLK_D.xpt
2005-2006,2005,dietary,Food Frequency Questionnaire - Look-Up Table VARLOOK,VARLK_D,https://wwwn.cdc.gov/Nchs/Data/Nhanes/Public/2005/DataFiles/VARLK_D.htm,https://wwwn.cdc.gov/Nchs/Data/Nhanes/Public/2005/DataFiles/VARLK_D.xpt
2005-2006,2005,dietary,Food Frequency Questionnaire - Output from DietCalc Software,FFQDC_D,https://wwwn.cdc.gov/Nchs/Data/Nhanes/Public/2005/DataFiles/FFQDC_D.htm,https://wwwn.cdc.gov/Nchs/Data/Nhanes/Public/2005/DataFiles/FFQDC_D.xpt
2005-2006,2005,dietary,Food Frequency Questionnaire - Raw Questionnaire Responses,FFQRAW_D,https://wwwn.cdc.gov/Nchs/Data/Nhanes/Public/2005/DataFiles/FFQRAW_D.htm,https://wwwn.cdc.gov/Nchs/Data/Nhanes/Public/2005/DataFiles/FFQRAW_D.xpt
2005-2006,2005,examination,Audiometry,AUX_D,https://wwwn.cdc.gov/Nchs/Data/Nhanes/Public/2005/DataFiles/AUX_D.htm,https://wwwn.cdc.gov/Nchs/Data/Nhanes/Public/2005/DataFiles/AUX_D.xpt
2005-2006,2005,examination,Audiometry - Acoustic Reflex,AUXAR_D,https://wwwn.cdc.gov/Nchs/Data/Nhanes/Public/2005/DataFiles/AUXAR_D.htm,https://wwwn.cdc.gov/Nchs/Data/Nhanes/Public/2005/DataFiles/AUXAR_D.xpt
2005-2006,2005,examination,Audiometry - Tympanometry,AUXTYM_D,https://wwwn.cdc.gov/Nchs/Data/Nhanes/Public/2005/DataFiles/AUXTYM_D.htm,https://wwwn.cdc.gov/Nchs/Data/Nhanes/Public/2005/DataFiles/AUXTYM_D.xpt
2005-2006,2005,examination,Blood Pressure,BPX_D,https://wwwn.cdc.gov/Nchs/Data/Nhanes/Public/2005/DataFiles/BPX_D.htm,https://wwwn.cdc.gov/Nchs/Data/Nhanes/Public/2005/DataFiles/BPX_D.xpt
2005-2006,2005,examination,Body Measures,BMX_D,https://wwwn.cdc.gov/Nchs/Data/Nhanes/Public/2005/DataFiles/BMX_D.htm,https://wwwn.cdc.gov/Nchs/Data/Nhanes/Public/2005/DataFiles/BMX_D.xpt
2005-2006,2005,examination,Dual Energy X-ray Absorptiometry - Android/Gynoid,DXXAG_D,https://wwwn.cdc.gov/Nchs/Data/Nhanes/Public/2005/DataFiles/DXXAG_D.htm,https://wwwn.cdc.gov/Nchs/Data/Nhanes/Public/2005/DataFiles/DXXAG_D.xpt
2005-2006,2005,examination,Dual Energy X-ray Absorptiometry - Femur,DXXFEM_D,https://wwwn.cdc.gov/Nchs/Data/Nhanes/Public/2005/DataFiles/DXXFEM_D.htm,https://wwwn.cdc.gov/Nchs/Data/Nhanes/Public/2005/DataFiles/DXXFEM_D.xpt
2005-2006,2005,examination,Dual Energy X-ray Absorptiometry - Spine,DXXSPN_D,https://wwwn.cdc.gov/Nchs/Data/Nhanes/Public/2005/DataFiles/DXXSPN_D.htm,https://wwwn.cdc.gov/Nchs/Data/Nhanes/Public/2005/DataFiles/DXXSPN_D.xpt
2005-2006,2005,examination,"Dual-Energy X-ray Absorptiometry - Whole Body
					All Years Doc
				
					All Years Data
				
					Updated December 2016
				
			
				Ophthalmology - Frequency Doubling Technology",OPXFDT_D,https://wwwn.cdc.gov/Nchs/Data/Nhanes/Public/2005/DataFiles/OPXFDT_D.htm,https://wwwn.cdc.gov/Nchs/Data/Nhanes/Public/2005/DataFiles/OPXFDT_D.xpt
2005-2006,2005,examination,Ophthalmology - Retinal Imaging,OPXRET_D,https://wwwn.cdc.gov/Nchs/Data/Nhanes/Public/2005/DataFiles/OPXRET_D.htm,https://wwwn.cdc.gov/Nchs/Data/Nhanes/Public/2005/DataFiles/OPXRET_D.xpt
2005-2006,2005,examination,Oral Health,OHX_D,https://wwwn.cdc.gov/Nchs/Data/Nhanes/Public/2005/DataFiles/OHX_D.htm,https://wwwn.cdc.gov/Nchs/Data/Nhanes/Public/2005/DataFiles/OHX_D.xpt
2005-2006,2005,examination,"Physical Activity Monitor
					PAXRAW_D Doc
				
					PAXRAW_D Data [ZIP - 449.2 MB]
				
					June 2008
				
			
				Vision",VIX_D,https://wwwn.cdc.gov/Nchs/Data/Nhanes/Public/2005/DataFiles/VIX_D.htm,https://wwwn.cdc.gov/Nchs/Data/Nhanes/Public/2005/DataFiles/VIX_D.xpt
2005-2006,2005,laboratory,Acrylamide & Glycidamide,AMDGYD_D,https://wwwn.cdc.gov/Nchs/Data/Nhanes/Public/2005/DataFiles/AMDGYD_D.htm,https://wwwn.cdc.gov/Nchs/Data/Nhanes/Public/2005/DataFiles/AMDGYD_D.xpt
2005-2006,2005,laboratory,Albumin & Creatinine - Urine,ALB_CR_D,https://wwwn.cdc.gov/Nchs/Data/Nhanes/Public/2005/DataFiles/ALB_CR_D.htm,https://wwwn.cdc.gov/Nchs/Data/Nhanes/Public/2005/DataFiles/ALB_CR_D.xpt
2005-2006,2005,laboratory,Allergen Specific IgE(s) & Total IgE - Serum,AL_IGE_D,https://wwwn.cdc.gov/Nchs/Data/Nhanes/Public/2005/DataFiles/AL_IGE_D.htm,https://wwwn.cdc.gov/Nchs/Data/Nhanes/Public/2005/DataFiles/AL_IGE_D.xpt
2005-2006,2005,laboratory,Allergens - Household Dust,ALDUST_D,https://wwwn.cdc.gov/Nchs/Data/Nhanes/Public/2005/DataFiles/ALDUST_D.htm,https://wwwn.cdc.gov/Nchs/Data/Nhanes/Public/2005/DataFiles/ALDUST_D.xpt
2005-2006,2005,laboratory,Arsenics - Total & Speciated - Urine,UAS_D,https://wwwn.cdc.gov/Nchs/Data/Nhanes/Public/2005/DataFiles/UAS_D.htm,https://wwwn.cdc.gov/Nchs/Data/Nhanes/Public/2005/DataFiles/UAS_D.xpt
2005-2006,2005,laboratory,Brominated Flame Retardants (BFRs) - Pooled Samples,BFRPOL_D,https://wwwn.cdc.gov/Nchs/Data/Nhanes/Public/2005/DataFiles/BFRPOL_D.htm,https://wwwn.cdc.gov/Nchs/Data/Nhanes/Public/2005/DataFiles/BFRPOL_D.xpt
2005-2006,2005,laboratory,"Cadmium, Lead, & Total Mercury - Blood",PBCD_D,https://wwwn.cdc.gov/Nchs/Data/Nhanes/Public/2005/DataFiles/PBCD_D.htm,https://wwwn.cdc.gov/Nchs/Data/Nhanes/Public/2005/DataFiles/PBCD_D.xpt
2005-2006,2005,laboratory,Chlamydia & Gonorrhea - Urine,CHLMDA_D,https://wwwn.cdc.gov/Nchs/Data/Nhanes/Public/2005/DataFiles/CHLMDA_D.htm,https://wwwn.cdc.gov/Nchs/Data/Nhanes/Public/2005/DataFiles/CHLMDA_D.xpt
2005-2006,2005,laboratory,Cholesterol - HDL,HDL_D,https://wwwn.cdc.gov/Nchs/Data/Nhanes/Public/2005/DataFiles/HDL_D.htm,https://wwwn.cdc.gov/Nchs/Data/Nhanes/Public/2005/DataFiles/HDL_D.xpt
2005-2006,2005,laboratory,"Cholesterol - LDL, Triglyceride & Apoliprotein (ApoB)",TRIGLY_D,https://wwwn.cdc.gov/Nchs/Data/Nhanes/Public/2005/DataFiles/TRIGLY_D.htm,https://wwwn.cdc.gov/Nchs/Data/Nhanes/Public/2005/DataFiles/TRIGLY_D.xpt
2005-2006,2005,laboratory,Cholesterol - Total,TCHOL_D,https://wwwn.cdc.gov/Nchs/Data/Nhanes/Public/2005/DataFiles/TCHOL_D.htm,https://wwwn.cdc.gov/Nchs/Data/Nhanes/Public/2005/DataFiles/TCHOL_D.xpt
2005-2006,2005,laboratory,Complete Blood Count with 5-Part Differential - Whole Blood,CBC_D,https://wwwn.cdc.gov/Nchs/Data/Nhanes/Public/2005/DataFiles/CBC_D.htm,https://wwwn.cdc.gov/Nchs/Data/Nhanes/Public/2005/DataFiles/CBC_D.xpt
2005-2006,2005,laboratory,Cotinine - Serum,COT_D,https://wwwn.cdc.gov/Nchs/Data/Nhanes/Public/2005/DataFiles/COT_D.htm,https://wwwn.cdc.gov/Nchs/Data/Nhanes/Public/2005/DataFiles/COT_D.xpt
2005-2006,2005,laboratory,C-Reactive Protein (CRP),CRP_D,https://wwwn.cdc.gov/Nchs/Data/Nhanes/Public/2005/DataFiles/CRP_D.htm,https://wwwn.cdc.gov/Nchs/Data/Nhanes/Public/2005/DataFiles/CRP_D.xpt
2005-2006,2005,laboratory,"Enterovirus D68 (EV-D68) - Serum (Surplus)
					SSEVD_D Doc
				
					SSEVD_D Data [XPT - 155.5 KB]
				
					Withdrawn
				
			
				Environmental Phenols & Parabens",EPH_D,https://wwwn.cdc.gov/Nchs/Data/Nhanes/Public/2005/DataFiles/EPH_D.htm,https://wwwn.cdc.gov/Nchs/Data/Nhanes/Public/2005/DataFiles/EPH_D.xpt
2005-2006,2005,laboratory,Epstein-Barr Virus (VCA IgG) - Serum (Surplus),SSEBV_D,https://wwwn.cdc.gov/Nchs/Data/Nhanes/Public/2005/DataFiles/SSEBV_D.htm,https://wwwn.cdc.gov/Nchs/Data/Nhanes/Public/2005/DataFiles/SSEBV_D.xpt
2005-2006,2005,laboratory,Erythrocyte Protoporphyrin,EPP_D,https://wwwn.cdc.gov/Nchs/Data/Nhanes/Public/2005/DataFiles/EPP_D.htm,https://wwwn.cdc.gov/Nchs/Data/Nhanes/Public/2005/DataFiles/EPP_D.xpt
2005-2006,2005,laboratory,Fasting Questionnaire,FASTQX_D,https://wwwn.cdc.gov/Nchs/Data/Nhanes/Public/2005/DataFiles/FASTQX_D.htm,https://wwwn.cdc.gov/Nchs/Data/Nhanes/Public/2005/DataFiles/FASTQX_D.xpt
2005-2006,2005,laboratory,Ferritin,FERTIN_D,https://wwwn.cdc.gov/Nchs/Data/Nhanes/Public/2005/DataFiles/FERTIN_D.htm,https://wwwn.cdc.gov/Nchs/Data/Nhanes/Public/2005/DataFiles/FERTIN_D.xpt
2005-2006,2005,laboratory,Folate - RBC & Serum,FOLATE_D,https://wwwn.cdc.gov/Nchs/Data/Nhanes/Public/2005/DataFiles/FOLATE_D.htm,https://wwwn.cdc.gov/Nchs/Data/Nhanes/Public/2005/DataFiles/FOLATE_D.xpt
2005-2006,2005,laboratory,Glycohemoglobin,GHB_D,https://wwwn.cdc.gov/Nchs/Data/Nhanes/Public/2005/DataFiles/GHB_D.htm,https://wwwn.cdc.gov/Nchs/Data/Nhanes/Public/2005/DataFiles/GHB_D.xpt
2005-2006,2005,laboratory,Hepatitis A Antibody,HEPA_D,https://wwwn.cdc.gov/Nchs/Data/Nhanes/Public/2005/DataFiles/HEPA_D.htm,https://wwwn.cdc.gov/Nchs/Data/Nhanes/Public/2005/DataFiles/HEPA_D.xpt
2005-2006,2005,laboratory,Hepatitis B Surface Antibody,HEPB_S_D,https://wwwn.cdc.gov/Nchs/Data/Nhanes/Public/2005/DataFiles/HEPB_S_D.htm,https://wwwn.cdc.gov/Nchs/Data/Nhanes/Public/2005/DataFiles/HEPB_S_D.xpt
2005-2006,2005,laboratory,"Hepatitis B: Core antibody, Surface antigen, and Hepatitis D: antibody",HEPBD_D,https://wwwn.cdc.gov/Nchs/Data/Nhanes/Public/2005/DataFiles/HEPBD_D.htm,https://wwwn.cdc.gov/Nchs/Data/Nhanes/Public/2005/DataFiles/HEPBD_D.xpt
2005-2006,2005,laboratory,"Hepatitis C: Confirmed Antibody, RNA (HCV-RNA), & Genotype",HEPC_D,https://wwwn.cdc.gov/Nchs/Data/Nhanes/Public/2005/DataFiles/HEPC_D.htm,https://wwwn.cdc.gov/Nchs/Data/Nhanes/Public/2005/DataFiles/HEPC_D.xpt
2005-2006,2005,laboratory,Herpes Simplex Virus Type-1 & Type-2,HSV_D,https://wwwn.cdc.gov/Nchs/Data/Nhanes/Public/2005/DataFiles/HSV_D.htm,https://wwwn.cdc.gov/Nchs/Data/Nhanes/Public/2005/DataFiles/HSV_D.xpt
2005-2006,2005,laboratory,"HIV Antibody Test, CD4+ T Lymphocytes & CD8+ T Cells",HIV_D,https://wwwn.cdc.gov/Nchs/Data/Nhanes/Public/2005/DataFiles/HIV_D.htm,https://wwwn.cdc.gov/Nchs/Data/Nhanes/Public/2005/DataFiles/HIV_D.xpt
2005-2006,2005,laboratory,Homocysteine,HCY_D,https://wwwn.cdc.gov/Nchs/Data/Nhanes/Public/2005/DataFiles/HCY_D.htm,https://wwwn.cdc.gov/Nchs/Data/Nhanes/Public/2005/DataFiles/HCY_D.xpt
2005-2006,2005,laboratory,"Human Papillomavirus (HPV) - 6, 11, 16 & 18 Antibody – Serum: 4-plex CLIA",HPVSER_D,https://wwwn.cdc.gov/Nchs/Data/Nhanes/Public/2005/DataFiles/HPVSER_D.htm,https://wwwn.cdc.gov/Nchs/Data/Nhanes/Public/2005/DataFiles/HPVSER_D.xpt
2005-2006,2005,laboratory,"Human Papillomavirus (HPV) - Multiplexed 6, 11, 16, 18, 31, 33, 45, 52 & 58 Antibody – Serum: 9-plex CLIA",HPVSRM_D,https://wwwn.cdc.gov/Nchs/Data/Nhanes/Public/2005/DataFiles/HPVSRM_D.htm,https://wwwn.cdc.gov/Nchs/Data/Nhanes/Public/2005/DataFiles/HPVSRM_D.xpt
2005-2006,2005,laboratory,Human Papillomavirus (HPV) DNA - Vaginal Swab: Digene Hybrid Capture & Roche Linear Array,HPVSWR_D,https://wwwn.cdc.gov/Nchs/Data/Nhanes/Public/2005/DataFiles/HPVSWR_D.htm,https://wwwn.cdc.gov/Nchs/Data/Nhanes/Public/2005/DataFiles/HPVSWR_D.xpt
2005-2006,2005,laboratory,Iodine - Urine,UIO_D,https://wwwn.cdc.gov/Nchs/Data/Nhanes/Public/2005/DataFiles/UIO_D.htm,https://wwwn.cdc.gov/Nchs/Data/Nhanes/Public/2005/DataFiles/UIO_D.xpt
2005-2006,2005,laboratory,"Iron, Total Iron Binding Capacity (TIBC), & Transferrin Saturation",FETIB_D,https://wwwn.cdc.gov/Nchs/Data/Nhanes/Public/2005/DataFiles/FETIB_D.htm,https://wwwn.cdc.gov/Nchs/Data/Nhanes/Public/2005/DataFiles/FETIB_D.xpt
2005-2006,2005,laboratory,Mercury: Inorganic - Blood,IHG_D,https://wwwn.cdc.gov/Nchs/Data/Nhanes/Public/2005/DataFiles/IHG_D.htm,https://wwwn.cdc.gov/Nchs/Data/Nhanes/Public/2005/DataFiles/IHG_D.xpt
2005-2006,2005,laboratory,Mercury: Inorganic - Urine,UHG_D,https://wwwn.cdc.gov/Nchs/Data/Nhanes/Public/2005/DataFiles/UHG_D.htm,https://wwwn.cdc.gov/Nchs/Data/Nhanes/Public/2005/DataFiles/UHG_D.xpt
2005-2006,2005,laboratory,Metals - Urine,UHM_D,https://wwwn.cdc.gov/Nchs/Data/Nhanes/Public/2005/DataFiles/UHM_D.htm,https://wwwn.cdc.gov/Nchs/Data/Nhanes/Public/2005/DataFiles/UHM_D.xpt
2005-2006,2005,laboratory,Non-dioxin-like Polychlorinated Biphenyls & Mono-ortho-substituted Polychlorinated Biphenyls - Pooled Samples,PCBPOL_D,https://wwwn.cdc.gov/Nchs/Data/Nhanes/Public/2005/DataFiles/PCBPOL_D.htm,https://wwwn.cdc.gov/Nchs/Data/Nhanes/Public/2005/DataFiles/PCBPOL_D.xpt
2005-2006,2005,laboratory,Oral Glucose Tolerance Test,OGTT_D,https://wwwn.cdc.gov/Nchs/Data/Nhanes/Public/2005/DataFiles/OGTT_D.htm,https://wwwn.cdc.gov/Nchs/Data/Nhanes/Public/2005/DataFiles/OGTT_D.xpt
2005-2006,2005,laboratory,Organophosphate Insecticides - Diakyl Phosphate Metabolites - Urine,OPD_D,https://wwwn.cdc.gov/Nchs/Data/Nhanes/Public/2005/DataFiles/OPD_D.htm,https://wwwn.cdc.gov/Nchs/Data/Nhanes/Public/2005/DataFiles/OPD_D.xpt
2005-2006,2005,laboratory,Parathyroid Hormone,PTH_D,https://wwwn.cdc.gov/Nchs/Data/Nhanes/Public/2005/DataFiles/PTH_D.htm,https://wwwn.cdc.gov/Nchs/Data/Nhanes/Public/2005/DataFiles/PTH_D.xpt
2005-2006,2005,laboratory,"Perchlorate, Nitrate & Iodide - Tap Water",WPIN_D,https://wwwn.cdc.gov/Nchs/Data/Nhanes/Public/2005/DataFiles/WPIN_D.htm,https://wwwn.cdc.gov/Nchs/Data/Nhanes/Public/2005/DataFiles/WPIN_D.xpt
2005-2006,2005,laboratory,"Perchlorate, Nitrate & Thiocyanate - Urine",PERNT_D,https://wwwn.cdc.gov/Nchs/Data/Nhanes/Public/2005/DataFiles/PERNT_D.htm,https://wwwn.cdc.gov/Nchs/Data/Nhanes/Public/2005/DataFiles/PERNT_D.xpt
2005-2006,2005,laboratory,Pesticides - Carbamates & Organophosphorus Metabolites - Urine,CARB_D,https://wwwn.cdc.gov/Nchs/Data/Nhanes/Public/2005/DataFiles/CARB_D.htm,https://wwwn.cdc.gov/Nchs/Data/Nhanes/Public/2005/DataFiles/CARB_D.xpt
2005-2006,2005,laboratory,"Pesticides - Current Use - Urine (Formerly Priority Pesticides, Non-persistent Pesticide Metabolites)",UPP_D,https://wwwn.cdc.gov/Nchs/Data/Nhanes/Public/2005/DataFiles/UPP_D.htm,https://wwwn.cdc.gov/Nchs/Data/Nhanes/Public/2005/DataFiles/UPP_D.xpt
2005-2006,2005,laboratory,Pesticides - Environmental - Urine,PP_D,https://wwwn.cdc.gov/Nchs/Data/Nhanes/Public/2005/DataFiles/PP_D.htm,https://wwwn.cdc.gov/Nchs/Data/Nhanes/Public/2005/DataFiles/PP_D.xpt
2005-2006,2005,laboratory,Pesticides - Organochlorine Pesticides - Pooled Samples,PSTPOL_D,https://wwwn.cdc.gov/Nchs/Data/Nhanes/Public/2005/DataFiles/PSTPOL_D.htm,https://wwwn.cdc.gov/Nchs/Data/Nhanes/Public/2005/DataFiles/PSTPOL_D.xpt
2005-2006,2005,laboratory,Phthalates - Urine,PHTHTE_D,https://wwwn.cdc.gov/Nchs/Data/Nhanes/Public/2005/DataFiles/PHTHTE_D.htm,https://wwwn.cdc.gov/Nchs/Data/Nhanes/Public/2005/DataFiles/PHTHTE_D.xpt
2005-2006,2005,laboratory,Phytoestrogens - Urine,PHYTO_D,https://wwwn.cdc.gov/Nchs/Data/Nhanes/Public/2005/DataFiles/PHYTO_D.htm,https://wwwn.cdc.gov/Nchs/Data/Nhanes/Public/2005/DataFiles/PHYTO_D.xpt
2005-2006,2005,laboratory,Plasma Fasting Glucose & Insulin,GLU_D,https://wwwn.cdc.gov/Nchs/Data/Nhanes/Public/2005/DataFiles/GLU_D.htm,https://wwwn.cdc.gov/Nchs/Data/Nhanes/Public/2005/DataFiles/GLU_D.xpt
2005-2006,2005,laboratory,Polyaromatic Hydrocarbons (PAHs) - Urine,PAH_D,https://wwwn.cdc.gov/Nchs/Data/Nhanes/Public/2005/DataFiles/PAH_D.htm,https://wwwn.cdc.gov/Nchs/Data/Nhanes/Public/2005/DataFiles/PAH_D.xpt
2005-2006,2005,laboratory,"Polychlorinated dibenzo-p-dioxins (PCDDs), Dibenzofurans (PCDFs) & Coplanar Polychlorinated Biphenyls (cPCBs)  - Pooled Samples",DOXPOL_D,https://wwwn.cdc.gov/Nchs/Data/Nhanes/Public/2005/DataFiles/DOXPOL_D.htm,https://wwwn.cdc.gov/Nchs/Data/Nhanes/Public/2005/DataFiles/DOXPOL_D.xpt
2005-2006,2005,laboratory,Polyfluoroalkyl Chemicals,PFC_D,https://wwwn.cdc.gov/Nchs/Data/Nhanes/Public/2005/DataFiles/PFC_D.htm,https://wwwn.cdc.gov/Nchs/Data/Nhanes/Public/2005/DataFiles/PFC_D.xpt
2005-2006,2005,laboratory,Pooled-Sample Technical Support File,POOLTF_D,https://wwwn.cdc.gov/Nchs/Data/Nhanes/Public/2005/DataFiles/POOLTF_D.htm,https://wwwn.cdc.gov/Nchs/Data/Nhanes/Public/2005/DataFiles/POOLTF_D.xpt
2005-2006,2005,laboratory,Pregnancy Test - Urine,UCPREG_D,https://wwwn.cdc.gov/Nchs/Data/Nhanes/Public/2005/DataFiles/UCPREG_D.htm,https://wwwn.cdc.gov/Nchs/Data/Nhanes/Public/2005/DataFiles/UCPREG_D.xpt
2005-2006,2005,laboratory,Prostate Specific Antigen (PSA),PSA_D,https://wwwn.cdc.gov/Nchs/Data/Nhanes/Public/2005/DataFiles/PSA_D.htm,https://wwwn.cdc.gov/Nchs/Data/Nhanes/Public/2005/DataFiles/PSA_D.xpt
2005-2006,2005,laboratory,Salmonella & Campylobacter Antibodies (Surplus),SSSAL_D,https://wwwn.cdc.gov/Nchs/Data/Nhanes/Public/2005/DataFiles/SSSAL_D.htm,https://wwwn.cdc.gov/Nchs/Data/Nhanes/Public/2005/DataFiles/SSSAL_D.xpt
2005-2006,2005,laboratory,Standard Biochemistry Profile,BIOPRO_D,https://wwwn.cdc.gov/Nchs/Data/Nhanes/Public/2005/DataFiles/BIOPRO_D.htm,https://wwwn.cdc.gov/Nchs/Data/Nhanes/Public/2005/DataFiles/BIOPRO_D.xpt
2005-2006,2005,laboratory,Transferrin Receptor,TFR_D,https://wwwn.cdc.gov/Nchs/Data/Nhanes/Public/2005/DataFiles/TFR_D.htm,https://wwwn.cdc.gov/Nchs/Data/Nhanes/Public/2005/DataFiles/TFR_D.xpt
2005-2006,2005,laboratory,"Vitamin A, Vitamin E & Carotenoids",VITAEC_D,https://wwwn.cdc.gov/Nchs/Data/Nhanes/Public/2005/DataFiles/VITAEC_D.htm,https://wwwn.cdc.gov/Nchs/Data/Nhanes/Public/2005/DataFiles/VITAEC_D.xpt
2005-2006,2005,laboratory,Vitamin B12,B12_D,https://wwwn.cdc.gov/Nchs/Data/Nhanes/Public/2005/DataFiles/B12_D.htm,https://wwwn.cdc.gov/Nchs/Data/Nhanes/Public/2005/DataFiles/B12_D.xpt
2005-2006,2005,laboratory,Vitamin B6,VIT_B6_D,https://wwwn.cdc.gov/Nchs/Data/Nhanes/Public/2005/DataFiles/VIT_B6_D.htm,https://wwwn.cdc.gov/Nchs/Data/Nhanes/Public/2005/DataFiles/VIT_B6_D.xpt
2005-2006,2005,laboratory,Vitamin C,VIC_D,https://wwwn.cdc.gov/Nchs/Data/Nhanes/Public/2005/DataFiles/VIC_D.htm,https://wwwn.cdc.gov/Nchs/Data/Nhanes/Public/2005/DataFiles/VIC_D.xpt
2005-2006,2005,laboratory,"Vitamin D
					VID_D Doc
				
					VID_D Data [XPT - 148.5 KB]
				
					Updated October 2015
				
			
				Volatile Organic Compound (VOC) Metabolites - Urine (Surplus)",SSUVOC_D,https://wwwn.cdc.gov/Nchs/Data/Nhanes/Public/2005/DataFiles/SSUVOC_D.htm,https://wwwn.cdc.gov/Nchs/Data/Nhanes/Public/2005/DataFiles/SSUVOC_D.xpt
2005-2006,2005,laboratory,Volatile Organic Compounds - Blood & Related Questionnaire Items,VOCWB_D,https://wwwn.cdc.gov/Nchs/Data/Nhanes/Public/2005/DataFiles/VOCWB_D.htm,https://wwwn.cdc.gov/Nchs/Data/Nhanes/Public/2005/DataFiles/VOCWB_D.xpt
2005-2006,2005,laboratory,Volatile Organic Compounds - Water & Related Questionnaire Items,VOC_D,https://wwwn.cdc.gov/Nchs/Data/Nhanes/Public/2005/DataFiles/VOC_D.htm,https://wwwn.cdc.gov/Nchs/Data/Nhanes/Public/2005/DataFiles/VOC_D.xpt
2005-2006,2005,questionnaire,Acculturation,ACQ_D,https://wwwn.cdc.gov/Nchs/Data/Nhanes/Public/2005/DataFiles/ACQ_D.htm,https://wwwn.cdc.gov/Nchs/Data/Nhanes/Public/2005/DataFiles/ACQ_D.xpt
2005-2006,2005,questionnaire,Alcohol Use,ALQ_D,https://wwwn.cdc.gov/Nchs/Data/Nhanes/Public/2005/DataFiles/ALQ_D.htm,https://wwwn.cdc.gov/Nchs/Data/Nhanes/Public/2005/DataFiles/ALQ_D.xpt
2005-2006,2005,questionnaire,Allergy,AGQ_D,https://wwwn.cdc.gov/Nchs/Data/Nhanes/Public/2005/DataFiles/AGQ_D.htm,https://wwwn.cdc.gov/Nchs/Data/Nhanes/Public/2005/DataFiles/AGQ_D.xpt
2005-2006,2005,questionnaire,Audiometry,AUQ_D,https://wwwn.cdc.gov/Nchs/Data/Nhanes/Public/2005/DataFiles/AUQ_D.htm,https://wwwn.cdc.gov/Nchs/Data/Nhanes/Public/2005/DataFiles/AUQ_D.xpt
2005-2006,2005,questionnaire,Blood Pressure & Cholesterol,BPQ_D,https://wwwn.cdc.gov/Nchs/Data/Nhanes/Public/2005/DataFiles/BPQ_D.htm,https://wwwn.cdc.gov/Nchs/Data/Nhanes/Public/2005/DataFiles/BPQ_D.xpt
2005-2006,2005,questionnaire,Bowel Health,BHQ_D,https://wwwn.cdc.gov/Nchs/Data/Nhanes/Public/2005/DataFiles/BHQ_D.htm,https://wwwn.cdc.gov/Nchs/Data/Nhanes/Public/2005/DataFiles/BHQ_D.xpt
2005-2006,2005,questionnaire,Cardiovascular Health,CDQ_D,https://wwwn.cdc.gov/Nchs/Data/Nhanes/Public/2005/DataFiles/CDQ_D.htm,https://wwwn.cdc.gov/Nchs/Data/Nhanes/Public/2005/DataFiles/CDQ_D.xpt
2005-2006,2005,questionnaire,Current Health Status,HSQ_D,https://wwwn.cdc.gov/Nchs/Data/Nhanes/Public/2005/DataFiles/HSQ_D.htm,https://wwwn.cdc.gov/Nchs/Data/Nhanes/Public/2005/DataFiles/HSQ_D.xpt
2005-2006,2005,questionnaire,Dermatology,DEQ_D,https://wwwn.cdc.gov/Nchs/Data/Nhanes/Public/2005/DataFiles/DEQ_D.htm,https://wwwn.cdc.gov/Nchs/Data/Nhanes/Public/2005/DataFiles/DEQ_D.xpt
2005-2006,2005,questionnaire,Diabetes,DIQ_D,https://wwwn.cdc.gov/Nchs/Data/Nhanes/Public/2005/DataFiles/DIQ_D.htm,https://wwwn.cdc.gov/Nchs/Data/Nhanes/Public/2005/DataFiles/DIQ_D.xpt
2005-2006,2005,questionnaire,Diet Behavior & Nutrition,DBQ_D,https://wwwn.cdc.gov/Nchs/Data/Nhanes/Public/2005/DataFiles/DBQ_D.htm,https://wwwn.cdc.gov/Nchs/Data/Nhanes/Public/2005/DataFiles/DBQ_D.xpt
2005-2006,2005,questionnaire,Drug Use,DUQ_D,https://wwwn.cdc.gov/Nchs/Data/Nhanes/Public/2005/DataFiles/DUQ_D.htm,https://wwwn.cdc.gov/Nchs/Data/Nhanes/Public/2005/DataFiles/DUQ_D.xpt
2005-2006,2005,questionnaire,Early Childhood,ECQ_D,https://wwwn.cdc.gov/Nchs/Data/Nhanes/Public/2005/DataFiles/ECQ_D.htm,https://wwwn.cdc.gov/Nchs/Data/Nhanes/Public/2005/DataFiles/ECQ_D.xpt
2005-2006,2005,questionnaire,Food Security,FSQ_D,https://wwwn.cdc.gov/Nchs/Data/Nhanes/Public/2005/DataFiles/FSQ_D.htm,https://wwwn.cdc.gov/Nchs/Data/Nhanes/Public/2005/DataFiles/FSQ_D.xpt
2005-2006,2005,questionnaire,Health Insurance,HIQ_D,https://wwwn.cdc.gov/Nchs/Data/Nhanes/Public/2005/DataFiles/HIQ_D.htm,https://wwwn.cdc.gov/Nchs/Data/Nhanes/Public/2005/DataFiles/HIQ_D.xpt
2005-2006,2005,questionnaire,Hepatitis C Follow Up,HCQ_D,https://wwwn.cdc.gov/Nchs/Data/Nhanes/Public/2005/DataFiles/HCQ_D.htm,https://wwwn.cdc.gov/Nchs/Data/Nhanes/Public/2005/DataFiles/HCQ_D.xpt
2005-2006,2005,questionnaire,Hospital Utilization & Access to Care,HUQ_D,https://wwwn.cdc.gov/Nchs/Data/Nhanes/Public/2005/DataFiles/HUQ_D.htm,https://wwwn.cdc.gov/Nchs/Data/Nhanes/Public/2005/DataFiles/HUQ_D.xpt
2005-2006,2005,questionnaire,Housing Characteristics,HOQ_D,https://wwwn.cdc.gov/Nchs/Data/Nhanes/Public/2005/DataFiles/HOQ_D.htm,https://wwwn.cdc.gov/Nchs/Data/Nhanes/Public/2005/DataFiles/HOQ_D.xpt
2005-2006,2005,questionnaire,Immunization,IMQ_D,https://wwwn.cdc.gov/Nchs/Data/Nhanes/Public/2005/DataFiles/IMQ_D.htm,https://wwwn.cdc.gov/Nchs/Data/Nhanes/Public/2005/DataFiles/IMQ_D.xpt
2005-2006,2005,questionnaire,Kidney Conditions - Urology,KIQ_U_D,https://wwwn.cdc.gov/Nchs/Data/Nhanes/Public/2005/DataFiles/KIQ_U_D.htm,https://wwwn.cdc.gov/Nchs/Data/Nhanes/Public/2005/DataFiles/KIQ_U_D.xpt
2005-2006,2005,questionnaire,Medical Conditions,MCQ_D,https://wwwn.cdc.gov/Nchs/Data/Nhanes/Public/2005/DataFiles/MCQ_D.htm,https://wwwn.cdc.gov/Nchs/Data/Nhanes/Public/2005/DataFiles/MCQ_D.xpt
2005-2006,2005,questionnaire,Mental Health - Depression Screener,DPQ_D,https://wwwn.cdc.gov/Nchs/Data/Nhanes/Public/2005/DataFiles/DPQ_D.htm,https://wwwn.cdc.gov/Nchs/Data/Nhanes/Public/2005/DataFiles/DPQ_D.xpt
2005-2006,2005,questionnaire,Occupation,OCQ_D,https://wwwn.cdc.gov/Nchs/Data/Nhanes/Public/2005/DataFiles/OCQ_D.htm,https://wwwn.cdc.gov/Nchs/Data/Nhanes/Public/2005/DataFiles/OCQ_D.xpt
2005-2006,2005,questionnaire,Oral Health,OHQ_D,https://wwwn.cdc.gov/Nchs/Data/Nhanes/Public/2005/DataFiles/OHQ_D.htm,https://wwwn.cdc.gov/Nchs/Data/Nhanes/Public/2005/DataFiles/OHQ_D.xpt
2005-2006,2005,questionnaire,Osteoporosis,OSQ_D,https://wwwn.cdc.gov/Nchs/Data/Nhanes/Public/2005/DataFiles/OSQ_D.htm,https://wwwn.cdc.gov/Nchs/Data/Nhanes/Public/2005/DataFiles/OSQ_D.xpt
2005-2006,2005,questionnaire,Pesticide Use,PUQMEC_D,https://wwwn.cdc.gov/Nchs/Data/Nhanes/Public/2005/DataFiles/PUQMEC_D.htm,https://wwwn.cdc.gov/Nchs/Data/Nhanes/Public/2005/DataFiles/PUQMEC_D.xpt
2005-2006,2005,questionnaire,Physical Activity,PAQ_D,https://wwwn.cdc.gov/Nchs/Data/Nhanes/Public/2005/DataFiles/PAQ_D.htm,https://wwwn.cdc.gov/Nchs/Data/Nhanes/Public/2005/DataFiles/PAQ_D.xpt
2005-2006,2005,questionnaire,Physical Activity - Individual Activities,PAQIAF_D,https://wwwn.cdc.gov/Nchs/Data/Nhanes/Public/2005/DataFiles/PAQIAF_D.htm,https://wwwn.cdc.gov/Nchs/Data/Nhanes/Public/2005/DataFiles/PAQIAF_D.xpt
2005-2006,2005,questionnaire,Physical Functioning,PFQ_D,https://wwwn.cdc.gov/Nchs/Data/Nhanes/Public/2005/DataFiles/PFQ_D.htm,https://wwwn.cdc.gov/Nchs/Data/Nhanes/Public/2005/DataFiles/PFQ_D.xpt
2005-2006,2005,questionnaire,Prescription Medications,RXQ_RX_D,https://wwwn.cdc.gov/Nchs/Data/Nhanes/Public/2005/DataFiles/RXQ_RX_D.htm,https://wwwn.cdc.gov/Nchs/Data/Nhanes/Public/2005/DataFiles/RXQ_RX_D.xpt
2005-2006,2005,questionnaire,Prescription Medications - Drug Information,RXQ_DRUG,https://wwwn.cdc.gov/Nchs/Data/Nhanes/Public/1988/DataFiles/RXQ_DRUG.htm,https://wwwn.cdc.gov/Nchs/Data/Nhanes/Public/1988/DataFiles/RXQ_DRUG.xpt
2005-2006,2005,questionnaire,Prostate Conditions,KIQ_P_D,https://wwwn.cdc.gov/Nchs/Data/Nhanes/Public/2005/DataFiles/KIQ_P_D.htm,https://wwwn.cdc.gov/Nchs/Data/Nhanes/Public/2005/DataFiles/KIQ_P_D.xpt
2005-2006,2005,questionnaire,Prostate Specific Antigen Follow-up,PSQ_D,https://wwwn.cdc.gov/Nchs/Data/Nhanes/Public/2005/DataFiles/PSQ_D.htm,https://wwwn.cdc.gov/Nchs/Data/Nhanes/Public/2005/DataFiles/PSQ_D.xpt
2005-2006,2005,questionnaire,Reproductive Health,RHQ_D,https://wwwn.cdc.gov/Nchs/Data/Nhanes/Public/2005/DataFiles/RHQ_D.htm,https://wwwn.cdc.gov/Nchs/Data/Nhanes/Public/2005/DataFiles/RHQ_D.xpt
2005-2006,2005,questionnaire,Respiratory Health,RDQ_D,https://wwwn.cdc.gov/Nchs/Data/Nhanes/Public/2005/DataFiles/RDQ_D.htm,https://wwwn.cdc.gov/Nchs/Data/Nhanes/Public/2005/DataFiles/RDQ_D.xpt
2005-2006,2005,questionnaire,Sexual Behavior,SXQ_D,https://wwwn.cdc.gov/Nchs/Data/Nhanes/Public/2005/DataFiles/SXQ_D.htm,https://wwwn.cdc.gov/Nchs/Data/Nhanes/Public/2005/DataFiles/SXQ_D.xpt
2005-2006,2005,questionnaire,Sleep Disorders,SLQ_D,https://wwwn.cdc.gov/Nchs/Data/Nhanes/Public/2005/DataFiles/SLQ_D.htm,https://wwwn.cdc.gov/Nchs/Data/Nhanes/Public/2005/DataFiles/SLQ_D.xpt
2005-2006,2005,questionnaire,Smoking - Cigarette Use,SMQ_D,https://wwwn.cdc.gov/Nchs/Data/Nhanes/Public/2005/DataFiles/SMQ_D.htm,https://wwwn.cdc.gov/Nchs/Data/Nhanes/Public/2005/DataFiles/SMQ_D.xpt
2005-2006,2005,questionnaire,Smoking - Household Smokers,SMQFAM_D,https://wwwn.cdc.gov/Nchs/Data/Nhanes/Public/2005/DataFiles/SMQFAM_D.htm,https://wwwn.cdc.gov/Nchs/Data/Nhanes/Public/2005/DataFiles/SMQFAM_D.xpt
2005-2006,2005,questionnaire,Smoking - Recent Tobacco Use,SMQRTU_D,https://wwwn.cdc.gov/Nchs/Data/Nhanes/Public/2005/DataFiles/SMQRTU_D.htm,https://wwwn.cdc.gov/Nchs/Data/Nhanes/Public/2005/DataFiles/SMQRTU_D.xpt
2005-2006,2005,questionnaire,Social Support,SSQ_D,https://wwwn.cdc.gov/Nchs/Data/Nhanes/Public/2005/DataFiles/SSQ_D.htm,https://wwwn.cdc.gov/Nchs/Data/Nhanes/Public/2005/DataFiles/SSQ_D.xpt
2005-2006,2005,questionnaire,Vision,VIQ_D,https://wwwn.cdc.gov/Nchs/Data/Nhanes/Public/2005/DataFiles/VIQ_D.htm,https://wwwn.cdc.gov/Nchs/Data/Nhanes/Public/2005/DataFiles/VIQ_D.xpt
2005-2006,2005,questionnaire,Weight History,WHQ_D,https://wwwn.cdc.gov/Nchs/Data/Nhanes/Public/2005/DataFiles/WHQ_D.htm,https://wwwn.cdc.gov/Nchs/Data/Nhanes/Public/2005/DataFiles/WHQ_D.xpt
2005-2006,2005,questionnaire,Weight History - Youth,WHQMEC_D,https://wwwn.cdc.gov/Nchs/Data/Nhanes/Public/2005/DataFiles/WHQMEC_D.htm,https://wwwn.cdc.gov/Nchs/Data/Nhanes/Public/2005/DataFiles/WHQMEC_D.xpt
2007-2008,2007,demographics,Demographic Variables & Sample Weights,DEMO_E,https://wwwn.cdc.gov/Nchs/Data/Nhanes/Public/2007/DataFiles/DEMO_E.htm,https://wwwn.cdc.gov/Nchs/Data/Nhanes/Public/2007/DataFiles/DEMO_E.xpt
2007-2008,2007,dietary,"Dietary Interview - Individual Foods, First Day",DR1IFF_E,https://wwwn.cdc.gov/Nchs/Data/Nhanes/Public/2007/DataFiles/DR1IFF_E.htm,https://wwwn.cdc.gov/Nchs/Data/Nhanes/Public/2007/DataFiles/DR1IFF_E.xpt
2007-2008,2007,dietary,"Dietary Interview - Individual Foods, Second Day",DR2IFF_E,https://wwwn.cdc.gov/Nchs/Data/Nhanes/Public/2007/DataFiles/DR2IFF_E.htm,https://wwwn.cdc.gov/Nchs/Data/Nhanes/Public/2007/DataFiles/DR2IFF_E.xpt
2007-2008,2007,dietary,"Dietary Interview - Total Nutrient Intakes, First Day",DR1TOT_E,https://wwwn.cdc.gov/Nchs/Data/Nhanes/Public/2007/DataFiles/DR1TOT_E.htm,https://wwwn.cdc.gov/Nchs/Data/Nhanes/Public/2007/DataFiles/DR1TOT_E.xpt
2007-2008,2007,dietary,"Dietary Interview - Total Nutrient Intakes, Second Day",DR2TOT_E,https://wwwn.cdc.gov/Nchs/Data/Nhanes/Public/2007/DataFiles/DR2TOT_E.htm,https://wwwn.cdc.gov/Nchs/Data/Nhanes/Public/2007/DataFiles/DR2TOT_E.xpt
2007-2008,2007,dietary,Dietary Interview Technical Support File - Food Codes,DRXFCD_E,https://wwwn.cdc.gov/Nchs/Data/Nhanes/Public/2007/DataFiles/DRXFCD_E.htm,https://wwwn.cdc.gov/Nchs/Data/Nhanes/Public/2007/DataFiles/DRXFCD_E.xpt
2007-2008,2007,dietary,Dietary Interview Technical Support File - Modification Codes,DRXMCD_E,https://wwwn.cdc.gov/Nchs/Data/Nhanes/Public/2007/DataFiles/DRXMCD_E.htm,https://wwwn.cdc.gov/Nchs/Data/Nhanes/Public/2007/DataFiles/DRXMCD_E.xpt
2007-2008,2007,dietary,Dietary Supplement Database - Blend Information,DSBI,https://wwwn.cdc.gov/Nchs/Data/Nhanes/Public/1999/DataFiles/DSBI.htm,https://wwwn.cdc.gov/Nchs/Data/Nhanes/Public/1999/DataFiles/DSBI.xpt
2007-2008,2007,dietary,Dietary Supplement Database - Ingredient Information,DSII,https://wwwn.cdc.gov/Nchs/Data/Nhanes/Public/1999/DataFiles/DSII.htm,https://wwwn.cdc.gov/Nchs/Data/Nhanes/Public/1999/DataFiles/DSII.xpt
2007-2008,2007,dietary,Dietary Supplement Database - Product Information,DSPI,https://wwwn.cdc.gov/Nchs/Data/Nhanes/Public/1999/DataFiles/DSPI.htm,https://wwwn.cdc.gov/Nchs/Data/Nhanes/Public/1999/DataFiles/DSPI.xpt
2007-2008,2007,dietary,"Dietary Supplement Use 24-Hour - Individual Dietary Supplements, First Day",DS1IDS_E,https://wwwn.cdc.gov/Nchs/Data/Nhanes/Public/2007/DataFiles/DS1IDS_E.htm,https://wwwn.cdc.gov/Nchs/Data/Nhanes/Public/2007/DataFiles/DS1IDS_E.xpt
2007-2008,2007,dietary,"Dietary Supplement Use 24-Hour - Individual Dietary Supplements, Second Day",DS2IDS_E,https://wwwn.cdc.gov/Nchs/Data/Nhanes/Public/2007/DataFiles/DS2IDS_E.htm,https://wwwn.cdc.gov/Nchs/Data/Nhanes/Public/2007/DataFiles/DS2IDS_E.xpt
2007-2008,2007,dietary,"Dietary Supplement Use 24-Hour - Total Dietary Supplements, First Day",DS1TOT_E,https://wwwn.cdc.gov/Nchs/Data/Nhanes/Public/2007/DataFiles/DS1TOT_E.htm,https://wwwn.cdc.gov/Nchs/Data/Nhanes/Public/2007/DataFiles/DS1TOT_E.xpt
2007-2008,2007,dietary,"Dietary Supplement Use 24-Hour - Total Dietary Supplements, Second Day",DS2TOT_E,https://wwwn.cdc.gov/Nchs/Data/Nhanes/Public/2007/DataFiles/DS2TOT_E.htm,https://wwwn.cdc.gov/Nchs/Data/Nhanes/Public/2007/DataFiles/DS2TOT_E.xpt
2007-2008,2007,dietary,Dietary Supplement Use 30 Day - Individual Dietary Supplements,DSQIDS_E,https://wwwn.cdc.gov/Nchs/Data/Nhanes/Public/2007/DataFiles/DSQIDS_E.htm,https://wwwn.cdc.gov/Nchs/Data/Nhanes/Public/2007/DataFiles/DSQIDS_E.xpt
2007-2008,2007,dietary,Dietary Supplement Use 30-Day - Total Dietary Supplements,DSQTOT_E,https://wwwn.cdc.gov/Nchs/Data/Nhanes/Public/2007/DataFiles/DSQTOT_E.htm,https://wwwn.cdc.gov/Nchs/Data/Nhanes/Public/2007/DataFiles/DSQTOT_E.xpt
2007-2008,2007,examination,Audiometry,AUX_E,https://wwwn.cdc.gov/Nchs/Data/Nhanes/Public/2007/DataFiles/AUX_E.htm,https://wwwn.cdc.gov/Nchs/Data/Nhanes/Public/2007/DataFiles/AUX_E.xpt
2007-2008,2007,examination,Audiometry - Acoustic Reflex,AUXAR_E,https://wwwn.cdc.gov/Nchs/Data/Nhanes/Public/2007/DataFiles/AUXAR_E.htm,https://wwwn.cdc.gov/Nchs/Data/Nhanes/Public/2007/DataFiles/AUXAR_E.xpt
2007-2008,2007,examination,Audiometry - Tympanometry,AUXTYM_E,https://wwwn.cdc.gov/Nchs/Data/Nhanes/Public/2007/DataFiles/AUXTYM_E.htm,https://wwwn.cdc.gov/Nchs/Data/Nhanes/Public/2007/DataFiles/AUXTYM_E.xpt
2007-2008,2007,examination,Blood Pressure,BPX_E,https://wwwn.cdc.gov/Nchs/Data/Nhanes/Public/2007/DataFiles/BPX_E.htm,https://wwwn.cdc.gov/Nchs/Data/Nhanes/Public/2007/DataFiles/BPX_E.xpt
2007-2008,2007,examination,Body Measures,BMX_E,https://wwwn.cdc.gov/Nchs/Data/Nhanes/Public/2007/DataFiles/BMX_E.htm,https://wwwn.cdc.gov/Nchs/Data/Nhanes/Public/2007/DataFiles/BMX_E.xpt
2007-2008,2007,examination,Dual Energy X-ray Absorptiometry - Femur,DXXFEM_E,https://wwwn.cdc.gov/Nchs/Data/Nhanes/Public/2007/DataFiles/DXXFEM_E.htm,https://wwwn.cdc.gov/Nchs/Data/Nhanes/Public/2007/DataFiles/DXXFEM_E.xpt
2007-2008,2007,examination,Dual Energy X-ray Absorptiometry - Spine,DXXSPN_E,https://wwwn.cdc.gov/Nchs/Data/Nhanes/Public/2007/DataFiles/DXXSPN_E.htm,https://wwwn.cdc.gov/Nchs/Data/Nhanes/Public/2007/DataFiles/DXXSPN_E.xpt
2007-2008,2007,examination,Exhaled Nitric Oxide,ENX_E,https://wwwn.cdc.gov/Nchs/Data/Nhanes/Public/2007/DataFiles/ENX_E.htm,https://wwwn.cdc.gov/Nchs/Data/Nhanes/Public/2007/DataFiles/ENX_E.xpt
2007-2008,2007,examination,Ophthalmology - Frequency Doubling Technology,OPXFDT_E,https://wwwn.cdc.gov/Nchs/Data/Nhanes/Public/2007/DataFiles/OPXFDT_E.htm,https://wwwn.cdc.gov/Nchs/Data/Nhanes/Public/2007/DataFiles/OPXFDT_E.xpt
2007-2008,2007,examination,Ophthalmology - Retinal Imaging,OPXRET_E,https://wwwn.cdc.gov/Nchs/Data/Nhanes/Public/2007/DataFiles/OPXRET_E.htm,https://wwwn.cdc.gov/Nchs/Data/Nhanes/Public/2007/DataFiles/OPXRET_E.xpt
2007-2008,2007,examination,Oral Health,OHX_E,https://wwwn.cdc.gov/Nchs/Data/Nhanes/Public/2007/DataFiles/OHX_E.htm,https://wwwn.cdc.gov/Nchs/Data/Nhanes/Public/2007/DataFiles/OHX_E.xpt
2007-2008,2007,examination,Spirometry - Pre and Post-Bronchodilator,SPX_E,https://wwwn.cdc.gov/Nchs/Data/Nhanes/Public/2007/DataFiles/SPX_E.htm,https://wwwn.cdc.gov/Nchs/Data/Nhanes/Public/2007/DataFiles/SPX_E.xpt
2007-2008,2007,examination,"Spirometry - Raw Curve Data
					SPXRAW_E Doc
				
					SPXRAW_E Data [ZIP - 12.1 MB]
				
					December 2011
				
			
				Vision",VIX_E,https://wwwn.cdc.gov/Nchs/Data/Nhanes/Public/2007/DataFiles/VIX_E.htm,https://wwwn.cdc.gov/Nchs/Data/Nhanes/Public/2007/DataFiles/VIX_E.xpt
2007-2008,2007,laboratory,Albumin & Creatinine - Urine,ALB_CR_E,https://wwwn.cdc.gov/Nchs/Data/Nhanes/Public/2007/DataFiles/ALB_CR_E.htm,https://wwwn.cdc.gov/Nchs/Data/Nhanes/Public/2007/DataFiles/ALB_CR_E.xpt
2007-2008,2007,laboratory,Apolipoprotein B,APOB_E,https://wwwn.cdc.gov/Nchs/Data/Nhanes/Public/2007/DataFiles/APOB_E.htm,https://wwwn.cdc.gov/Nchs/Data/Nhanes/Public/2007/DataFiles/APOB_E.xpt
2007-2008,2007,laboratory,Arsenics - Total & Speciated - Urine,UAS_E,https://wwwn.cdc.gov/Nchs/Data/Nhanes/Public/2007/DataFiles/UAS_E.htm,https://wwwn.cdc.gov/Nchs/Data/Nhanes/Public/2007/DataFiles/UAS_E.xpt
2007-2008,2007,laboratory,Atrazine and Metabolites,UAM_E,https://wwwn.cdc.gov/Nchs/Data/Nhanes/Public/2007/DataFiles/UAM_E.htm,https://wwwn.cdc.gov/Nchs/Data/Nhanes/Public/2007/DataFiles/UAM_E.xpt
2007-2008,2007,laboratory,Brominated Flame Retardants (BFRs) - Pooled Samples,BFRPOL_E,https://wwwn.cdc.gov/Nchs/Data/Nhanes/Public/2007/DataFiles/BFRPOL_E.htm,https://wwwn.cdc.gov/Nchs/Data/Nhanes/Public/2007/DataFiles/BFRPOL_E.xpt
2007-2008,2007,laboratory,"Cadmium, Lead, & Total Mercury - Blood",PBCD_E,https://wwwn.cdc.gov/Nchs/Data/Nhanes/Public/2007/DataFiles/PBCD_E.htm,https://wwwn.cdc.gov/Nchs/Data/Nhanes/Public/2007/DataFiles/PBCD_E.xpt
2007-2008,2007,laboratory,Chlamydia & Gonorrhea - Urine,CHLMDA_E,https://wwwn.cdc.gov/Nchs/Data/Nhanes/Public/2007/DataFiles/CHLMDA_E.htm,https://wwwn.cdc.gov/Nchs/Data/Nhanes/Public/2007/DataFiles/CHLMDA_E.xpt
2007-2008,2007,laboratory,Cholesterol - HDL,HDL_E,https://wwwn.cdc.gov/Nchs/Data/Nhanes/Public/2007/DataFiles/HDL_E.htm,https://wwwn.cdc.gov/Nchs/Data/Nhanes/Public/2007/DataFiles/HDL_E.xpt
2007-2008,2007,laboratory,Cholesterol - LDL & Triglycerides,TRIGLY_E,https://wwwn.cdc.gov/Nchs/Data/Nhanes/Public/2007/DataFiles/TRIGLY_E.htm,https://wwwn.cdc.gov/Nchs/Data/Nhanes/Public/2007/DataFiles/TRIGLY_E.xpt
2007-2008,2007,laboratory,Cholesterol - Total,TCHOL_E,https://wwwn.cdc.gov/Nchs/Data/Nhanes/Public/2007/DataFiles/TCHOL_E.htm,https://wwwn.cdc.gov/Nchs/Data/Nhanes/Public/2007/DataFiles/TCHOL_E.xpt
2007-2008,2007,laboratory,Complete Blood Count with 5-part Differential - Whole Blood,CBC_E,https://wwwn.cdc.gov/Nchs/Data/Nhanes/Public/2007/DataFiles/CBC_E.htm,https://wwwn.cdc.gov/Nchs/Data/Nhanes/Public/2007/DataFiles/CBC_E.xpt
2007-2008,2007,laboratory,Cotinine - Serum & Total NNAL - Urine,COTNAL_E,https://wwwn.cdc.gov/Nchs/Data/Nhanes/Public/2007/DataFiles/COTNAL_E.htm,https://wwwn.cdc.gov/Nchs/Data/Nhanes/Public/2007/DataFiles/COTNAL_E.xpt
2007-2008,2007,laboratory,C-Reactive Protein (CRP),CRP_E,https://wwwn.cdc.gov/Nchs/Data/Nhanes/Public/2007/DataFiles/CRP_E.htm,https://wwwn.cdc.gov/Nchs/Data/Nhanes/Public/2007/DataFiles/CRP_E.xpt
2007-2008,2007,laboratory,DEET and Metabolites,DEET_E,https://wwwn.cdc.gov/Nchs/Data/Nhanes/Public/2007/DataFiles/DEET_E.htm,https://wwwn.cdc.gov/Nchs/Data/Nhanes/Public/2007/DataFiles/DEET_E.xpt
2007-2008,2007,laboratory,"Enterovirus D68 (EV-D68) - Serum (Surplus)
					SSEVD_E Doc
				
					SSEVD_E Data [XPT - 151.2 KB]
				
					Withdrawn
				
			
				Environmental Phenols",EPH_E,https://wwwn.cdc.gov/Nchs/Data/Nhanes/Public/2007/DataFiles/EPH_E.htm,https://wwwn.cdc.gov/Nchs/Data/Nhanes/Public/2007/DataFiles/EPH_E.xpt
2007-2008,2007,laboratory,Epstein-Barr Virus (VCA IgG) - Serum (Surplus),SSEBV_E,https://wwwn.cdc.gov/Nchs/Data/Nhanes/Public/2007/DataFiles/SSEBV_E.htm,https://wwwn.cdc.gov/Nchs/Data/Nhanes/Public/2007/DataFiles/SSEBV_E.xpt
2007-2008,2007,laboratory,Fasting Questionnaire,FASTQX_E,https://wwwn.cdc.gov/Nchs/Data/Nhanes/Public/2007/DataFiles/FASTQX_E.htm,https://wwwn.cdc.gov/Nchs/Data/Nhanes/Public/2007/DataFiles/FASTQX_E.xpt
2007-2008,2007,laboratory,Ferritin,FERTIN_E,https://wwwn.cdc.gov/Nchs/Data/Nhanes/Public/2007/DataFiles/FERTIN_E.htm,https://wwwn.cdc.gov/Nchs/Data/Nhanes/Public/2007/DataFiles/FERTIN_E.xpt
2007-2008,2007,laboratory,Folate - RBC & Serum,FOLATE_E,https://wwwn.cdc.gov/Nchs/Data/Nhanes/Public/2007/DataFiles/FOLATE_E.htm,https://wwwn.cdc.gov/Nchs/Data/Nhanes/Public/2007/DataFiles/FOLATE_E.xpt
2007-2008,2007,laboratory,Folate Forms - Individual - Serum,FOLFMS_E,https://wwwn.cdc.gov/Nchs/Data/Nhanes/Public/2007/DataFiles/FOLFMS_E.htm,https://wwwn.cdc.gov/Nchs/Data/Nhanes/Public/2007/DataFiles/FOLFMS_E.xpt
2007-2008,2007,laboratory,Glycohemoglobin,GHB_E,https://wwwn.cdc.gov/Nchs/Data/Nhanes/Public/2007/DataFiles/GHB_E.htm,https://wwwn.cdc.gov/Nchs/Data/Nhanes/Public/2007/DataFiles/GHB_E.xpt
2007-2008,2007,laboratory,Hepatitis A Antibody,HEPA_E,https://wwwn.cdc.gov/Nchs/Data/Nhanes/Public/2007/DataFiles/HEPA_E.htm,https://wwwn.cdc.gov/Nchs/Data/Nhanes/Public/2007/DataFiles/HEPA_E.xpt
2007-2008,2007,laboratory,Hepatitis B Surface Antibody,HEPB_S_E,https://wwwn.cdc.gov/Nchs/Data/Nhanes/Public/2007/DataFiles/HEPB_S_E.htm,https://wwwn.cdc.gov/Nchs/Data/Nhanes/Public/2007/DataFiles/HEPB_S_E.xpt
2007-2008,2007,laboratory,"Hepatitis B: Core antibody, Surface atigen, and Hepatitis D: antibody",HEPBD_E,https://wwwn.cdc.gov/Nchs/Data/Nhanes/Public/2007/DataFiles/HEPBD_E.htm,https://wwwn.cdc.gov/Nchs/Data/Nhanes/Public/2007/DataFiles/HEPBD_E.xpt
2007-2008,2007,laboratory,Hepatitis C Antibody Reflex Testing - Serum (Surplus),SSHCV_E,https://wwwn.cdc.gov/Nchs/Data/Nhanes/Public/2007/DataFiles/SSHCV_E.htm,https://wwwn.cdc.gov/Nchs/Data/Nhanes/Public/2007/DataFiles/SSHCV_E.xpt
2007-2008,2007,laboratory,"Hepatitis C: Confirmed Antibody, RNA (HCV-RNA), & Genotype",HEPC_E,https://wwwn.cdc.gov/Nchs/Data/Nhanes/Public/2007/DataFiles/HEPC_E.htm,https://wwwn.cdc.gov/Nchs/Data/Nhanes/Public/2007/DataFiles/HEPC_E.xpt
2007-2008,2007,laboratory,Herpes Simplex Virus Type-1 & Type-2,HSV_E,https://wwwn.cdc.gov/Nchs/Data/Nhanes/Public/2007/DataFiles/HSV_E.htm,https://wwwn.cdc.gov/Nchs/Data/Nhanes/Public/2007/DataFiles/HSV_E.xpt
2007-2008,2007,laboratory,HIV Antibody Test,HIV_E,https://wwwn.cdc.gov/Nchs/Data/Nhanes/Public/2007/DataFiles/HIV_E.htm,https://wwwn.cdc.gov/Nchs/Data/Nhanes/Public/2007/DataFiles/HIV_E.xpt
2007-2008,2007,laboratory,"Human Papillomavirus (HPV) - 6, 11, 16 & 18 Antibody – Serum: 4-plex CLIA",HPVSER_E,https://wwwn.cdc.gov/Nchs/Data/Nhanes/Public/2007/DataFiles/HPVSER_E.htm,https://wwwn.cdc.gov/Nchs/Data/Nhanes/Public/2007/DataFiles/HPVSER_E.xpt
2007-2008,2007,laboratory,Human Papillomavirus (HPV) DNA - Vaginal Swab: Digene Hybrid Capture & Roche Linear Array,HPVSWR_E,https://wwwn.cdc.gov/Nchs/Data/Nhanes/Public/2007/DataFiles/HPVSWR_E.htm,https://wwwn.cdc.gov/Nchs/Data/Nhanes/Public/2007/DataFiles/HPVSWR_E.xpt
2007-2008,2007,laboratory,Iodine - Urine,UIO_E,https://wwwn.cdc.gov/Nchs/Data/Nhanes/Public/2007/DataFiles/UIO_E.htm,https://wwwn.cdc.gov/Nchs/Data/Nhanes/Public/2007/DataFiles/UIO_E.xpt
2007-2008,2007,laboratory,Klotho - Serum (Surplus),SSKL_E,https://wwwn.cdc.gov/Nchs/Data/Nhanes/Public/2007/DataFiles/SSKL_E.htm,https://wwwn.cdc.gov/Nchs/Data/Nhanes/Public/2007/DataFiles/SSKL_E.xpt
2007-2008,2007,laboratory,Mercury: Inorganic - Blood,IHG_E,https://wwwn.cdc.gov/Nchs/Data/Nhanes/Public/2007/DataFiles/IHG_E.htm,https://wwwn.cdc.gov/Nchs/Data/Nhanes/Public/2007/DataFiles/IHG_E.xpt
2007-2008,2007,laboratory,Mercury: Inorganic - Urine,UHG_E,https://wwwn.cdc.gov/Nchs/Data/Nhanes/Public/2007/DataFiles/UHG_E.htm,https://wwwn.cdc.gov/Nchs/Data/Nhanes/Public/2007/DataFiles/UHG_E.xpt
2007-2008,2007,laboratory,Metals - Urine,UHM_E,https://wwwn.cdc.gov/Nchs/Data/Nhanes/Public/2007/DataFiles/UHM_E.htm,https://wwwn.cdc.gov/Nchs/Data/Nhanes/Public/2007/DataFiles/UHM_E.xpt
2007-2008,2007,laboratory,Non-dioxin-like Polychlorinated Biphenyls & Mono-ortho-substituted Polychlorinated Biphenyls - Pooled Samples,PCBPOL_E,https://wwwn.cdc.gov/Nchs/Data/Nhanes/Public/2007/DataFiles/PCBPOL_E.htm,https://wwwn.cdc.gov/Nchs/Data/Nhanes/Public/2007/DataFiles/PCBPOL_E.xpt
2007-2008,2007,laboratory,Oral Glucose Tolerance Test,OGTT_E,https://wwwn.cdc.gov/Nchs/Data/Nhanes/Public/2007/DataFiles/OGTT_E.htm,https://wwwn.cdc.gov/Nchs/Data/Nhanes/Public/2007/DataFiles/OGTT_E.xpt
2007-2008,2007,laboratory,Organophosphate Insecticides - Diakyl Phosphate Metabolites - Urine,OPD_E,https://wwwn.cdc.gov/Nchs/Data/Nhanes/Public/2007/DataFiles/OPD_E.htm,https://wwwn.cdc.gov/Nchs/Data/Nhanes/Public/2007/DataFiles/OPD_E.xpt
2007-2008,2007,laboratory,"Perchlorate, Nitrate & Thiocyanate - Urine",PERNT_E,https://wwwn.cdc.gov/Nchs/Data/Nhanes/Public/2007/DataFiles/PERNT_E.htm,https://wwwn.cdc.gov/Nchs/Data/Nhanes/Public/2007/DataFiles/PERNT_E.xpt
2007-2008,2007,laboratory,Pesticides - Carbamates & Organophosphorus Metabolites - Urine,CARB_E,https://wwwn.cdc.gov/Nchs/Data/Nhanes/Public/2007/DataFiles/CARB_E.htm,https://wwwn.cdc.gov/Nchs/Data/Nhanes/Public/2007/DataFiles/CARB_E.xpt
2007-2008,2007,laboratory,"Pesticides - Current Use - Urine (Formerly Priority Pesticides, Non-persistent Pesticide Metabolites)",UPP_E,https://wwwn.cdc.gov/Nchs/Data/Nhanes/Public/2007/DataFiles/UPP_E.htm,https://wwwn.cdc.gov/Nchs/Data/Nhanes/Public/2007/DataFiles/UPP_E.xpt
2007-2008,2007,laboratory,Pesticides - Environmental - Urine,PP_E,https://wwwn.cdc.gov/Nchs/Data/Nhanes/Public/2007/DataFiles/PP_E.htm,https://wwwn.cdc.gov/Nchs/Data/Nhanes/Public/2007/DataFiles/PP_E.xpt
2007-2008,2007,laboratory,Pesticides - Organochlorine Pesticides - Pooled Samples,PSTPOL_E,https://wwwn.cdc.gov/Nchs/Data/Nhanes/Public/2007/DataFiles/PSTPOL_E.htm,https://wwwn.cdc.gov/Nchs/Data/Nhanes/Public/2007/DataFiles/PSTPOL_E.xpt
2007-2008,2007,laboratory,Phthalates - Urine,PHTHTE_E,https://wwwn.cdc.gov/Nchs/Data/Nhanes/Public/2007/DataFiles/PHTHTE_E.htm,https://wwwn.cdc.gov/Nchs/Data/Nhanes/Public/2007/DataFiles/PHTHTE_E.xpt
2007-2008,2007,laboratory,Phytoestrogens - Urine,PHYTO_E,https://wwwn.cdc.gov/Nchs/Data/Nhanes/Public/2007/DataFiles/PHYTO_E.htm,https://wwwn.cdc.gov/Nchs/Data/Nhanes/Public/2007/DataFiles/PHYTO_E.xpt
2007-2008,2007,laboratory,Plasma Fasting Glucose & Insulin,GLU_E,https://wwwn.cdc.gov/Nchs/Data/Nhanes/Public/2007/DataFiles/GLU_E.htm,https://wwwn.cdc.gov/Nchs/Data/Nhanes/Public/2007/DataFiles/GLU_E.xpt
2007-2008,2007,laboratory,Polyaromatic Hydrocarbons (PAHs) - Urine,PAH_E,https://wwwn.cdc.gov/Nchs/Data/Nhanes/Public/2007/DataFiles/PAH_E.htm,https://wwwn.cdc.gov/Nchs/Data/Nhanes/Public/2007/DataFiles/PAH_E.xpt
2007-2008,2007,laboratory,"Polychlorinated dibenzo-p-dioxins (PCDDs), Dibenzofurans (PCDFs) & Coplanar Polychlorinated Biphenyls (cPCBs) - Pooled Samples",DOXPOL_E,https://wwwn.cdc.gov/Nchs/Data/Nhanes/Public/2007/DataFiles/DOXPOL_E.htm,https://wwwn.cdc.gov/Nchs/Data/Nhanes/Public/2007/DataFiles/DOXPOL_E.xpt
2007-2008,2007,laboratory,Polyfluoroalkyl Chemicals,PFC_E,https://wwwn.cdc.gov/Nchs/Data/Nhanes/Public/2007/DataFiles/PFC_E.htm,https://wwwn.cdc.gov/Nchs/Data/Nhanes/Public/2007/DataFiles/PFC_E.xpt
2007-2008,2007,laboratory,Pooled-Sample Technical Support File,POOLTF_E,https://wwwn.cdc.gov/Nchs/Data/Nhanes/Public/2007/DataFiles/POOLTF_E.htm,https://wwwn.cdc.gov/Nchs/Data/Nhanes/Public/2007/DataFiles/POOLTF_E.xpt
2007-2008,2007,laboratory,Pregnancy Test - Urine,UCPREG_E,https://wwwn.cdc.gov/Nchs/Data/Nhanes/Public/2007/DataFiles/UCPREG_E.htm,https://wwwn.cdc.gov/Nchs/Data/Nhanes/Public/2007/DataFiles/UCPREG_E.xpt
2007-2008,2007,laboratory,Prostate Specific Antigen (PSA),PSA_E,https://wwwn.cdc.gov/Nchs/Data/Nhanes/Public/2007/DataFiles/PSA_E.htm,https://wwwn.cdc.gov/Nchs/Data/Nhanes/Public/2007/DataFiles/PSA_E.xpt
2007-2008,2007,laboratory,"Pyrethroids, Herbicides, & OP Metabolites - Urine",UPHOPM_E,https://wwwn.cdc.gov/Nchs/Data/Nhanes/Public/2007/DataFiles/UPHOPM_E.htm,https://wwwn.cdc.gov/Nchs/Data/Nhanes/Public/2007/DataFiles/UPHOPM_E.xpt
2007-2008,2007,laboratory,Standard Biochemistry Profile,BIOPRO_E,https://wwwn.cdc.gov/Nchs/Data/Nhanes/Public/2007/DataFiles/BIOPRO_E.htm,https://wwwn.cdc.gov/Nchs/Data/Nhanes/Public/2007/DataFiles/BIOPRO_E.xpt
2007-2008,2007,laboratory,Thyroid Profile,THYROD_E,https://wwwn.cdc.gov/Nchs/Data/Nhanes/Public/2007/DataFiles/THYROD_E.htm,https://wwwn.cdc.gov/Nchs/Data/Nhanes/Public/2007/DataFiles/THYROD_E.xpt
2007-2008,2007,laboratory,Transferrin Receptor,TFR_E,https://wwwn.cdc.gov/Nchs/Data/Nhanes/Public/2007/DataFiles/TFR_E.htm,https://wwwn.cdc.gov/Nchs/Data/Nhanes/Public/2007/DataFiles/TFR_E.xpt
2007-2008,2007,laboratory,Urine Specific Gravity Measurement (Surplus),SSUSG_E,https://wwwn.cdc.gov/Nchs/Data/Nhanes/Public/2007/DataFiles/SSUSG_E.htm,https://wwwn.cdc.gov/Nchs/Data/Nhanes/Public/2007/DataFiles/SSUSG_E.xpt
2007-2008,2007,laboratory,Vitamin B6,VIT_B6_E,https://wwwn.cdc.gov/Nchs/Data/Nhanes/Public/2007/DataFiles/VIT_B6_E.htm,https://wwwn.cdc.gov/Nchs/Data/Nhanes/Public/2007/DataFiles/VIT_B6_E.xpt
2007-2008,2007,laboratory,"Vitamin D
					VID_E Doc
				
					VID_E Data [XPT - 656.4 KB]
				
					October 2015
				
			
				Volatile Organic Compounds - Blood & Related Questionnaire Items",VOCWB_E,https://wwwn.cdc.gov/Nchs/Data/Nhanes/Public/2007/DataFiles/VOCWB_E.htm,https://wwwn.cdc.gov/Nchs/Data/Nhanes/Public/2007/DataFiles/VOCWB_E.xpt
2007-2008,2007,laboratory,Volatile Organic Compounds - Trihalomethanes/MTBE/Nitromethane - Blood,VOCMWB_E,https://wwwn.cdc.gov/Nchs/Data/Nhanes/Public/2007/DataFiles/VOCMWB_E.htm,https://wwwn.cdc.gov/Nchs/Data/Nhanes/Public/2007/DataFiles/VOCMWB_E.xpt
2007-2008,2007,laboratory,Volatile Organic Compounds - Water & Related Questionnaire Items,VOC_E,https://wwwn.cdc.gov/Nchs/Data/Nhanes/Public/2007/DataFiles/VOC_E.htm,https://wwwn.cdc.gov/Nchs/Data/Nhanes/Public/2007/DataFiles/VOC_E.xpt
2007-2008,2007,questionnaire,Acculturation,ACQ_E,https://wwwn.cdc.gov/Nchs/Data/Nhanes/Public/2007/DataFiles/ACQ_E.htm,https://wwwn.cdc.gov/Nchs/Data/Nhanes/Public/2007/DataFiles/ACQ_E.xpt
2007-2008,2007,questionnaire,Air Quality,AQQ_E,https://wwwn.cdc.gov/Nchs/Data/Nhanes/Public/2007/DataFiles/AQQ_E.htm,https://wwwn.cdc.gov/Nchs/Data/Nhanes/Public/2007/DataFiles/AQQ_E.xpt
2007-2008,2007,questionnaire,Alcohol Use,ALQ_E,https://wwwn.cdc.gov/Nchs/Data/Nhanes/Public/2007/DataFiles/ALQ_E.htm,https://wwwn.cdc.gov/Nchs/Data/Nhanes/Public/2007/DataFiles/ALQ_E.xpt
2007-2008,2007,questionnaire,Audiometry,AUQ_E,https://wwwn.cdc.gov/Nchs/Data/Nhanes/Public/2007/DataFiles/AUQ_E.htm,https://wwwn.cdc.gov/Nchs/Data/Nhanes/Public/2007/DataFiles/AUQ_E.xpt
2007-2008,2007,questionnaire,Blood Pressure & Cholesterol,BPQ_E,https://wwwn.cdc.gov/Nchs/Data/Nhanes/Public/2007/DataFiles/BPQ_E.htm,https://wwwn.cdc.gov/Nchs/Data/Nhanes/Public/2007/DataFiles/BPQ_E.xpt
2007-2008,2007,questionnaire,Bowel Health,BHQ_E,https://wwwn.cdc.gov/Nchs/Data/Nhanes/Public/2007/DataFiles/BHQ_E.htm,https://wwwn.cdc.gov/Nchs/Data/Nhanes/Public/2007/DataFiles/BHQ_E.xpt
2007-2008,2007,questionnaire,Cardiovascular Health,CDQ_E,https://wwwn.cdc.gov/Nchs/Data/Nhanes/Public/2007/DataFiles/CDQ_E.htm,https://wwwn.cdc.gov/Nchs/Data/Nhanes/Public/2007/DataFiles/CDQ_E.xpt
2007-2008,2007,questionnaire,Consumer Behavior,CBQ_E,https://wwwn.cdc.gov/Nchs/Data/Nhanes/Public/2007/DataFiles/CBQ_E.htm,https://wwwn.cdc.gov/Nchs/Data/Nhanes/Public/2007/DataFiles/CBQ_E.xpt
2007-2008,2007,questionnaire,Consumer Behavior Phone Follow-up Module - Adult,CBQPFA_E,https://wwwn.cdc.gov/Nchs/Data/Nhanes/Public/2007/DataFiles/CBQPFA_E.htm,https://wwwn.cdc.gov/Nchs/Data/Nhanes/Public/2007/DataFiles/CBQPFA_E.xpt
2007-2008,2007,questionnaire,Consumer Behavior Phone Follow-up Module - Child,CBQPFC_E,https://wwwn.cdc.gov/Nchs/Data/Nhanes/Public/2007/DataFiles/CBQPFC_E.htm,https://wwwn.cdc.gov/Nchs/Data/Nhanes/Public/2007/DataFiles/CBQPFC_E.xpt
2007-2008,2007,questionnaire,Current Health Status,HSQ_E,https://wwwn.cdc.gov/Nchs/Data/Nhanes/Public/2007/DataFiles/HSQ_E.htm,https://wwwn.cdc.gov/Nchs/Data/Nhanes/Public/2007/DataFiles/HSQ_E.xpt
2007-2008,2007,questionnaire,Diabetes,DIQ_E,https://wwwn.cdc.gov/Nchs/Data/Nhanes/Public/2007/DataFiles/DIQ_E.htm,https://wwwn.cdc.gov/Nchs/Data/Nhanes/Public/2007/DataFiles/DIQ_E.xpt
2007-2008,2007,questionnaire,Diet Behavior & Nutrition,DBQ_E,https://wwwn.cdc.gov/Nchs/Data/Nhanes/Public/2007/DataFiles/DBQ_E.htm,https://wwwn.cdc.gov/Nchs/Data/Nhanes/Public/2007/DataFiles/DBQ_E.xpt
2007-2008,2007,questionnaire,Drug Use,DUQ_E,https://wwwn.cdc.gov/Nchs/Data/Nhanes/Public/2007/DataFiles/DUQ_E.htm,https://wwwn.cdc.gov/Nchs/Data/Nhanes/Public/2007/DataFiles/DUQ_E.xpt
2007-2008,2007,questionnaire,Early Childhood,ECQ_E,https://wwwn.cdc.gov/Nchs/Data/Nhanes/Public/2007/DataFiles/ECQ_E.htm,https://wwwn.cdc.gov/Nchs/Data/Nhanes/Public/2007/DataFiles/ECQ_E.xpt
2007-2008,2007,questionnaire,Food Security,FSQ_E,https://wwwn.cdc.gov/Nchs/Data/Nhanes/Public/2007/DataFiles/FSQ_E.htm,https://wwwn.cdc.gov/Nchs/Data/Nhanes/Public/2007/DataFiles/FSQ_E.xpt
2007-2008,2007,questionnaire,Health Insurance,HIQ_E,https://wwwn.cdc.gov/Nchs/Data/Nhanes/Public/2007/DataFiles/HIQ_E.htm,https://wwwn.cdc.gov/Nchs/Data/Nhanes/Public/2007/DataFiles/HIQ_E.xpt
2007-2008,2007,questionnaire,Hepatitis C Follow Up,HCQ_E,https://wwwn.cdc.gov/Nchs/Data/Nhanes/Public/2007/DataFiles/HCQ_E.htm,https://wwwn.cdc.gov/Nchs/Data/Nhanes/Public/2007/DataFiles/HCQ_E.xpt
2007-2008,2007,questionnaire,Hospital Utilization & Access to Care,HUQ_E,https://wwwn.cdc.gov/Nchs/Data/Nhanes/Public/2007/DataFiles/HUQ_E.htm,https://wwwn.cdc.gov/Nchs/Data/Nhanes/Public/2007/DataFiles/HUQ_E.xpt
2007-2008,2007,questionnaire,Housing Characteristics,HOQ_E,https://wwwn.cdc.gov/Nchs/Data/Nhanes/Public/2007/DataFiles/HOQ_E.htm,https://wwwn.cdc.gov/Nchs/Data/Nhanes/Public/2007/DataFiles/HOQ_E.xpt
2007-2008,2007,questionnaire,Immunization,IMQ_E,https://wwwn.cdc.gov/Nchs/Data/Nhanes/Public/2007/DataFiles/IMQ_E.htm,https://wwwn.cdc.gov/Nchs/Data/Nhanes/Public/2007/DataFiles/IMQ_E.xpt
2007-2008,2007,questionnaire,Income,INQ_E,https://wwwn.cdc.gov/Nchs/Data/Nhanes/Public/2007/DataFiles/INQ_E.htm,https://wwwn.cdc.gov/Nchs/Data/Nhanes/Public/2007/DataFiles/INQ_E.xpt
2007-2008,2007,questionnaire,Kidney Conditions - Urology,KIQ_U_E,https://wwwn.cdc.gov/Nchs/Data/Nhanes/Public/2007/DataFiles/KIQ_U_E.htm,https://wwwn.cdc.gov/Nchs/Data/Nhanes/Public/2007/DataFiles/KIQ_U_E.xpt
2007-2008,2007,questionnaire,Medical Conditions,MCQ_E,https://wwwn.cdc.gov/Nchs/Data/Nhanes/Public/2007/DataFiles/MCQ_E.htm,https://wwwn.cdc.gov/Nchs/Data/Nhanes/Public/2007/DataFiles/MCQ_E.xpt
2007-2008,2007,questionnaire,Mental Health - Depression Screener,DPQ_E,https://wwwn.cdc.gov/Nchs/Data/Nhanes/Public/2007/DataFiles/DPQ_E.htm,https://wwwn.cdc.gov/Nchs/Data/Nhanes/Public/2007/DataFiles/DPQ_E.xpt
2007-2008,2007,questionnaire,Occupation,OCQ_E,https://wwwn.cdc.gov/Nchs/Data/Nhanes/Public/2007/DataFiles/OCQ_E.htm,https://wwwn.cdc.gov/Nchs/Data/Nhanes/Public/2007/DataFiles/OCQ_E.xpt
2007-2008,2007,questionnaire,Oral Health,OHQ_E,https://wwwn.cdc.gov/Nchs/Data/Nhanes/Public/2007/DataFiles/OHQ_E.htm,https://wwwn.cdc.gov/Nchs/Data/Nhanes/Public/2007/DataFiles/OHQ_E.xpt
2007-2008,2007,questionnaire,Osteoporosis,OSQ_E,https://wwwn.cdc.gov/Nchs/Data/Nhanes/Public/2007/DataFiles/OSQ_E.htm,https://wwwn.cdc.gov/Nchs/Data/Nhanes/Public/2007/DataFiles/OSQ_E.xpt
2007-2008,2007,questionnaire,Pesticide Use,PUQMEC_E,https://wwwn.cdc.gov/Nchs/Data/Nhanes/Public/2007/DataFiles/PUQMEC_E.htm,https://wwwn.cdc.gov/Nchs/Data/Nhanes/Public/2007/DataFiles/PUQMEC_E.xpt
2007-2008,2007,questionnaire,Physical Activity,PAQ_E,https://wwwn.cdc.gov/Nchs/Data/Nhanes/Public/2007/DataFiles/PAQ_E.htm,https://wwwn.cdc.gov/Nchs/Data/Nhanes/Public/2007/DataFiles/PAQ_E.xpt
2007-2008,2007,questionnaire,Physical Functioning,PFQ_E,https://wwwn.cdc.gov/Nchs/Data/Nhanes/Public/2007/DataFiles/PFQ_E.htm,https://wwwn.cdc.gov/Nchs/Data/Nhanes/Public/2007/DataFiles/PFQ_E.xpt
2007-2008,2007,questionnaire,Prescription Medications,RXQ_RX_E,https://wwwn.cdc.gov/Nchs/Data/Nhanes/Public/2007/DataFiles/RXQ_RX_E.htm,https://wwwn.cdc.gov/Nchs/Data/Nhanes/Public/2007/DataFiles/RXQ_RX_E.xpt
2007-2008,2007,questionnaire,Prescription Medications - Drug Information,RXQ_DRUG,https://wwwn.cdc.gov/Nchs/Data/Nhanes/Public/1988/DataFiles/RXQ_DRUG.htm,https://wwwn.cdc.gov/Nchs/Data/Nhanes/Public/1988/DataFiles/RXQ_DRUG.xpt
2007-2008,2007,questionnaire,Prostate Conditions,KIQ_P_E,https://wwwn.cdc.gov/Nchs/Data/Nhanes/Public/2007/DataFiles/KIQ_P_E.htm,https://wwwn.cdc.gov/Nchs/Data/Nhanes/Public/2007/DataFiles/KIQ_P_E.xpt
2007-2008,2007,questionnaire,Reproductive Health,RHQ_E,https://wwwn.cdc.gov/Nchs/Data/Nhanes/Public/2007/DataFiles/RHQ_E.htm,https://wwwn.cdc.gov/Nchs/Data/Nhanes/Public/2007/DataFiles/RHQ_E.xpt
2007-2008,2007,questionnaire,Respiratory Health,RDQ_E,https://wwwn.cdc.gov/Nchs/Data/Nhanes/Public/2007/DataFiles/RDQ_E.htm,https://wwwn.cdc.gov/Nchs/Data/Nhanes/Public/2007/DataFiles/RDQ_E.xpt
2007-2008,2007,questionnaire,Sexual Behavior,SXQ_E,https://wwwn.cdc.gov/Nchs/Data/Nhanes/Public/2007/DataFiles/SXQ_E.htm,https://wwwn.cdc.gov/Nchs/Data/Nhanes/Public/2007/DataFiles/SXQ_E.xpt
2007-2008,2007,questionnaire,Sleep Disorders,SLQ_E,https://wwwn.cdc.gov/Nchs/Data/Nhanes/Public/2007/DataFiles/SLQ_E.htm,https://wwwn.cdc.gov/Nchs/Data/Nhanes/Public/2007/DataFiles/SLQ_E.xpt
2007-2008,2007,questionnaire,Smoking - Cigarette Use,SMQ_E,https://wwwn.cdc.gov/Nchs/Data/Nhanes/Public/2007/DataFiles/SMQ_E.htm,https://wwwn.cdc.gov/Nchs/Data/Nhanes/Public/2007/DataFiles/SMQ_E.xpt
2007-2008,2007,questionnaire,Smoking - Household Smokers,SMQFAM_E,https://wwwn.cdc.gov/Nchs/Data/Nhanes/Public/2007/DataFiles/SMQFAM_E.htm,https://wwwn.cdc.gov/Nchs/Data/Nhanes/Public/2007/DataFiles/SMQFAM_E.xpt
2007-2008,2007,questionnaire,Smoking - Recent Tobacco Use,SMQRTU_E,https://wwwn.cdc.gov/Nchs/Data/Nhanes/Public/2007/DataFiles/SMQRTU_E.htm,https://wwwn.cdc.gov/Nchs/Data/Nhanes/Public/2007/DataFiles/SMQRTU_E.xpt
2007-2008,2007,questionnaire,Social Support,SSQ_E,https://wwwn.cdc.gov/Nchs/Data/Nhanes/Public/2007/DataFiles/SSQ_E.htm,https://wwwn.cdc.gov/Nchs/Data/Nhanes/Public/2007/DataFiles/SSQ_E.xpt
2007-2008,2007,questionnaire,Vision,VIQ_E,https://wwwn.cdc.gov/Nchs/Data/Nhanes/Public/2007/DataFiles/VIQ_E.htm,https://wwwn.cdc.gov/Nchs/Data/Nhanes/Public/2007/DataFiles/VIQ_E.xpt
2007-2008,2007,questionnaire,Weight History,WHQ_E,https://wwwn.cdc.gov/Nchs/Data/Nhanes/Public/2007/DataFiles/WHQ_E.htm,https://wwwn.cdc.gov/Nchs/Data/Nhanes/Public/2007/DataFiles/WHQ_E.xpt
2007-2008,2007,questionnaire,Weight History - Youth,WHQMEC_E,https://wwwn.cdc.gov/Nchs/Data/Nhanes/Public/2007/DataFiles/WHQMEC_E.htm,https://wwwn.cdc.gov/Nchs/Data/Nhanes/Public/2007/DataFiles/WHQMEC_E.xpt
2009-2010,2009,demographics,Demographic Variables & Sample Weights,DEMO_F,https://wwwn.cdc.gov/Nchs/Data/Nhanes/Public/2009/DataFiles/DEMO_F.htm,https://wwwn.cdc.gov/Nchs/Data/Nhanes/Public/2009/DataFiles/DEMO_F.xpt
2009-2010,2009,dietary,"Dietary Interview - Individual Foods, First Day",DR1IFF_F,https://wwwn.cdc.gov/Nchs/Data/Nhanes/Public/2009/DataFiles/DR1IFF_F.htm,https://wwwn.cdc.gov/Nchs/Data/Nhanes/Public/2009/DataFiles/DR1IFF_F.xpt
2009-2010,2009,dietary,"Dietary Interview - Individual Foods, Second Day",DR2IFF_F,https://wwwn.cdc.gov/Nchs/Data/Nhanes/Public/2009/DataFiles/DR2IFF_F.htm,https://wwwn.cdc.gov/Nchs/Data/Nhanes/Public/2009/DataFiles/DR2IFF_F.xpt
2009-2010,2009,dietary,"Dietary Interview - Total Nutrient Intakes, First Day",DR1TOT_F,https://wwwn.cdc.gov/Nchs/Data/Nhanes/Public/2009/DataFiles/DR1TOT_F.htm,https://wwwn.cdc.gov/Nchs/Data/Nhanes/Public/2009/DataFiles/DR1TOT_F.xpt
2009-2010,2009,dietary,"Dietary Interview - Total Nutrient Intakes, Second Day",DR2TOT_F,https://wwwn.cdc.gov/Nchs/Data/Nhanes/Public/2009/DataFiles/DR2TOT_F.htm,https://wwwn.cdc.gov/Nchs/Data/Nhanes/Public/2009/DataFiles/DR2TOT_F.xpt
2009-2010,2009,dietary,Dietary Interview Technical Support File - Food Codes,DRXFCD_F,https://wwwn.cdc.gov/Nchs/Data/Nhanes/Public/2009/DataFiles/DRXFCD_F.htm,https://wwwn.cdc.gov/Nchs/Data/Nhanes/Public/2009/DataFiles/DRXFCD_F.xpt
2009-2010,2009,dietary,Dietary Interview Technical Support File - Modification Codes,DRXMCD_F,https://wwwn.cdc.gov/Nchs/Data/Nhanes/Public/2009/DataFiles/DRXMCD_F.htm,https://wwwn.cdc.gov/Nchs/Data/Nhanes/Public/2009/DataFiles/DRXMCD_F.xpt
2009-2010,2009,dietary,Dietary Screener Questionnaire,DTQ_F,https://wwwn.cdc.gov/Nchs/Data/Nhanes/Public/2009/DataFiles/DTQ_F.htm,https://wwwn.cdc.gov/Nchs/Data/Nhanes/Public/2009/DataFiles/DTQ_F.xpt
2009-2010,2009,dietary,Dietary Supplement Database - Blend Information,DSBI,https://wwwn.cdc.gov/Nchs/Data/Nhanes/Public/1999/DataFiles/DSBI.htm,https://wwwn.cdc.gov/Nchs/Data/Nhanes/Public/1999/DataFiles/DSBI.xpt
2009-2010,2009,dietary,Dietary Supplement Database - Ingredient Information,DSII,https://wwwn.cdc.gov/Nchs/Data/Nhanes/Public/1999/DataFiles/DSII.htm,https://wwwn.cdc.gov/Nchs/Data/Nhanes/Public/1999/DataFiles/DSII.xpt
2009-2010,2009,dietary,Dietary Supplement Database - Product Information,DSPI,https://wwwn.cdc.gov/Nchs/Data/Nhanes/Public/1999/DataFiles/DSPI.htm,https://wwwn.cdc.gov/Nchs/Data/Nhanes/Public/1999/DataFiles/DSPI.xpt
2009-2010,2009,dietary,"Dietary Supplement Use 24-Hour - Individual Dietary Supplements, First Day",DS1IDS_F,https://wwwn.cdc.gov/Nchs/Data/Nhanes/Public/2009/DataFiles/DS1IDS_F.htm,https://wwwn.cdc.gov/Nchs/Data/Nhanes/Public/2009/DataFiles/DS1IDS_F.xpt
2009-2010,2009,dietary,"Dietary Supplement Use 24-Hour - Individual Dietary Supplements, Second Day",DS2IDS_F,https://wwwn.cdc.gov/Nchs/Data/Nhanes/Public/2009/DataFiles/DS2IDS_F.htm,https://wwwn.cdc.gov/Nchs/Data/Nhanes/Public/2009/DataFiles/DS2IDS_F.xpt
2009-2010,2009,dietary,"Dietary Supplement Use 24-Hour - Total Dietary Supplements, First Day",DS1TOT_F,https://wwwn.cdc.gov/Nchs/Data/Nhanes/Public/2009/DataFiles/DS1TOT_F.htm,https://wwwn.cdc.gov/Nchs/Data/Nhanes/Public/2009/DataFiles/DS1TOT_F.xpt
2009-2010,2009,dietary,"Dietary Supplement Use 24-Hour - Total Dietary Supplements, Second Day",DS2TOT_F,https://wwwn.cdc.gov/Nchs/Data/Nhanes/Public/2009/DataFiles/DS2TOT_F.htm,https://wwwn.cdc.gov/Nchs/Data/Nhanes/Public/2009/DataFiles/DS2TOT_F.xpt
2009-2010,2009,dietary,Dietary Supplement Use 30 Day - Individual Dietary Supplements,DSQIDS_F,https://wwwn.cdc.gov/Nchs/Data/Nhanes/Public/2009/DataFiles/DSQIDS_F.htm,https://wwwn.cdc.gov/Nchs/Data/Nhanes/Public/2009/DataFiles/DSQIDS_F.xpt
2009-2010,2009,dietary,Dietary Supplement Use 30-Day - Total Dietary Supplements,DSQTOT_F,https://wwwn.cdc.gov/Nchs/Data/Nhanes/Public/2009/DataFiles/DSQTOT_F.htm,https://wwwn.cdc.gov/Nchs/Data/Nhanes/Public/2009/DataFiles/DSQTOT_F.xpt
2009-2010,2009,examination,Arthritis Body Measures,ARX_F,https://wwwn.cdc.gov/Nchs/Data/Nhanes/Public/2009/DataFiles/ARX_F.htm,https://wwwn.cdc.gov/Nchs/Data/Nhanes/Public/2009/DataFiles/ARX_F.xpt
2009-2010,2009,examination,Audiometry,AUX_F,https://wwwn.cdc.gov/Nchs/Data/Nhanes/Public/2009/DataFiles/AUX_F.htm,https://wwwn.cdc.gov/Nchs/Data/Nhanes/Public/2009/DataFiles/AUX_F.xpt
2009-2010,2009,examination,Audiometry - Acoustic Reflex,AUXAR_F,https://wwwn.cdc.gov/Nchs/Data/Nhanes/Public/2009/DataFiles/AUXAR_F.htm,https://wwwn.cdc.gov/Nchs/Data/Nhanes/Public/2009/DataFiles/AUXAR_F.xpt
2009-2010,2009,examination,Audiometry - Tympanometry,AUXTYM_F,https://wwwn.cdc.gov/Nchs/Data/Nhanes/Public/2009/DataFiles/AUXTYM_F.htm,https://wwwn.cdc.gov/Nchs/Data/Nhanes/Public/2009/DataFiles/AUXTYM_F.xpt
2009-2010,2009,examination,Blood Pressure,BPX_F,https://wwwn.cdc.gov/Nchs/Data/Nhanes/Public/2009/DataFiles/BPX_F.htm,https://wwwn.cdc.gov/Nchs/Data/Nhanes/Public/2009/DataFiles/BPX_F.xpt
2009-2010,2009,examination,Body Measures,BMX_F,https://wwwn.cdc.gov/Nchs/Data/Nhanes/Public/2009/DataFiles/BMX_F.htm,https://wwwn.cdc.gov/Nchs/Data/Nhanes/Public/2009/DataFiles/BMX_F.xpt
2009-2010,2009,examination,Dual Energy X-ray Absorptiometry - Femur,DXXFEM_F,https://wwwn.cdc.gov/Nchs/Data/Nhanes/Public/2009/DataFiles/DXXFEM_F.htm,https://wwwn.cdc.gov/Nchs/Data/Nhanes/Public/2009/DataFiles/DXXFEM_F.xpt
2009-2010,2009,examination,Dual Energy X-ray Absorptiometry - Spine,DXXSPN_F,https://wwwn.cdc.gov/Nchs/Data/Nhanes/Public/2009/DataFiles/DXXSPN_F.htm,https://wwwn.cdc.gov/Nchs/Data/Nhanes/Public/2009/DataFiles/DXXSPN_F.xpt
2009-2010,2009,examination,Exhaled Nitric Oxide,ENX_F,https://wwwn.cdc.gov/Nchs/Data/Nhanes/Public/2009/DataFiles/ENX_F.htm,https://wwwn.cdc.gov/Nchs/Data/Nhanes/Public/2009/DataFiles/ENX_F.xpt
2009-2010,2009,examination,Fluorosis - Clinical,FLXCLN_F,https://wwwn.cdc.gov/Nchs/Data/Nhanes/Public/2009/DataFiles/FLXCLN_F.htm,https://wwwn.cdc.gov/Nchs/Data/Nhanes/Public/2009/DataFiles/FLXCLN_F.xpt
2009-2010,2009,examination,Oral Health - Dentition,OHXDEN_F,https://wwwn.cdc.gov/Nchs/Data/Nhanes/Public/2009/DataFiles/OHXDEN_F.htm,https://wwwn.cdc.gov/Nchs/Data/Nhanes/Public/2009/DataFiles/OHXDEN_F.xpt
2009-2010,2009,examination,Oral Health - Periodontal,OHXPER_F,https://wwwn.cdc.gov/Nchs/Data/Nhanes/Public/2009/DataFiles/OHXPER_F.htm,https://wwwn.cdc.gov/Nchs/Data/Nhanes/Public/2009/DataFiles/OHXPER_F.xpt
2009-2010,2009,examination,Oral Health - Recommendation of Care,OHXREF_F,https://wwwn.cdc.gov/Nchs/Data/Nhanes/Public/2009/DataFiles/OHXREF_F.htm,https://wwwn.cdc.gov/Nchs/Data/Nhanes/Public/2009/DataFiles/OHXREF_F.xpt
2009-2010,2009,examination,Spirometry - Pre and Post-Bronchodilator,SPX_F,https://wwwn.cdc.gov/Nchs/Data/Nhanes/Public/2009/DataFiles/SPX_F.htm,https://wwwn.cdc.gov/Nchs/Data/Nhanes/Public/2009/DataFiles/SPX_F.xpt
2009-2010,2009,laboratory,Albumin & Creatinine - Urine,ALB_CR_F,https://wwwn.cdc.gov/Nchs/Data/Nhanes/Public/2009/DataFiles/ALB_CR_F.htm,https://wwwn.cdc.gov/Nchs/Data/Nhanes/Public/2009/DataFiles/ALB_CR_F.xpt
2009-2010,2009,laboratory,Apolipoprotein B,APOB_F,https://wwwn.cdc.gov/Nchs/Data/Nhanes/Public/2009/DataFiles/APOB_F.htm,https://wwwn.cdc.gov/Nchs/Data/Nhanes/Public/2009/DataFiles/APOB_F.xpt
2009-2010,2009,laboratory,Arsenics - Total & Speciated - Urine,UAS_F,https://wwwn.cdc.gov/Nchs/Data/Nhanes/Public/2009/DataFiles/UAS_F.htm,https://wwwn.cdc.gov/Nchs/Data/Nhanes/Public/2009/DataFiles/UAS_F.xpt
2009-2010,2009,laboratory,Brominated Flame Retardants (BFRs) - Pooled Samples,BFRPOL_F,https://wwwn.cdc.gov/Nchs/Data/Nhanes/Public/2009/DataFiles/BFRPOL_F.htm,https://wwwn.cdc.gov/Nchs/Data/Nhanes/Public/2009/DataFiles/BFRPOL_F.xpt
2009-2010,2009,laboratory,"Cadmium, Lead, & Total Mercury - Blood",PBCD_F,https://wwwn.cdc.gov/Nchs/Data/Nhanes/Public/2009/DataFiles/PBCD_F.htm,https://wwwn.cdc.gov/Nchs/Data/Nhanes/Public/2009/DataFiles/PBCD_F.xpt
2009-2010,2009,laboratory,Caffeine & Caffeine Metabolites - Urine,CAFE_F,https://wwwn.cdc.gov/Nchs/Data/Nhanes/Public/2009/DataFiles/CAFE_F.htm,https://wwwn.cdc.gov/Nchs/Data/Nhanes/Public/2009/DataFiles/CAFE_F.xpt
2009-2010,2009,laboratory,Chlamydia - Urine,CHLMDA_F,https://wwwn.cdc.gov/Nchs/Data/Nhanes/Public/2009/DataFiles/CHLMDA_F.htm,https://wwwn.cdc.gov/Nchs/Data/Nhanes/Public/2009/DataFiles/CHLMDA_F.xpt
2009-2010,2009,laboratory,Cholesterol - HDL,HDL_F,https://wwwn.cdc.gov/Nchs/Data/Nhanes/Public/2009/DataFiles/HDL_F.htm,https://wwwn.cdc.gov/Nchs/Data/Nhanes/Public/2009/DataFiles/HDL_F.xpt
2009-2010,2009,laboratory,Cholesterol - LDL & Triglycerides,TRIGLY_F,https://wwwn.cdc.gov/Nchs/Data/Nhanes/Public/2009/DataFiles/TRIGLY_F.htm,https://wwwn.cdc.gov/Nchs/Data/Nhanes/Public/2009/DataFiles/TRIGLY_F.xpt
2009-2010,2009,laboratory,Cholesterol - Total,TCHOL_F,https://wwwn.cdc.gov/Nchs/Data/Nhanes/Public/2009/DataFiles/TCHOL_F.htm,https://wwwn.cdc.gov/Nchs/Data/Nhanes/Public/2009/DataFiles/TCHOL_F.xpt
2009-2010,2009,laboratory,Complete Blood Count with 5-part Differential - Whole Blood,CBC_F,https://wwwn.cdc.gov/Nchs/Data/Nhanes/Public/2009/DataFiles/CBC_F.htm,https://wwwn.cdc.gov/Nchs/Data/Nhanes/Public/2009/DataFiles/CBC_F.xpt
2009-2010,2009,laboratory,Cotinine - Serum & Total NNAL - Urine,COTNAL_F,https://wwwn.cdc.gov/Nchs/Data/Nhanes/Public/2009/DataFiles/COTNAL_F.htm,https://wwwn.cdc.gov/Nchs/Data/Nhanes/Public/2009/DataFiles/COTNAL_F.xpt
2009-2010,2009,laboratory,C-Reactive Protein (CRP),CRP_F,https://wwwn.cdc.gov/Nchs/Data/Nhanes/Public/2009/DataFiles/CRP_F.htm,https://wwwn.cdc.gov/Nchs/Data/Nhanes/Public/2009/DataFiles/CRP_F.xpt
2009-2010,2009,laboratory,DEET and Metabolites,DEET_F,https://wwwn.cdc.gov/Nchs/Data/Nhanes/Public/2009/DataFiles/DEET_F.htm,https://wwwn.cdc.gov/Nchs/Data/Nhanes/Public/2009/DataFiles/DEET_F.xpt
2009-2010,2009,laboratory,"Enterovirus D68 (EV-D68) - Serum (Surplus)
					SSEVD_F Doc
				
					SSEVD_F Data [XPT - 78.2 KB]
				
					Withdrawn
				
			
				Environmental Phenols",EPH_F,https://wwwn.cdc.gov/Nchs/Data/Nhanes/Public/2009/DataFiles/EPH_F.htm,https://wwwn.cdc.gov/Nchs/Data/Nhanes/Public/2009/DataFiles/EPH_F.xpt
2009-2010,2009,laboratory,Epstein-Barr Virus (VCA IgG) - Serum (Surplus),SSEBV_F,https://wwwn.cdc.gov/Nchs/Data/Nhanes/Public/2009/DataFiles/SSEBV_F.htm,https://wwwn.cdc.gov/Nchs/Data/Nhanes/Public/2009/DataFiles/SSEBV_F.xpt
2009-2010,2009,laboratory,Fasting Questionnaire,FASTQX_F,https://wwwn.cdc.gov/Nchs/Data/Nhanes/Public/2009/DataFiles/FASTQX_F.htm,https://wwwn.cdc.gov/Nchs/Data/Nhanes/Public/2009/DataFiles/FASTQX_F.xpt
2009-2010,2009,laboratory,Ferritin,FERTIN_F,https://wwwn.cdc.gov/Nchs/Data/Nhanes/Public/2009/DataFiles/FERTIN_F.htm,https://wwwn.cdc.gov/Nchs/Data/Nhanes/Public/2009/DataFiles/FERTIN_F.xpt
2009-2010,2009,laboratory,Folate - RBC & Serum,FOLATE_F,https://wwwn.cdc.gov/Nchs/Data/Nhanes/Public/2009/DataFiles/FOLATE_F.htm,https://wwwn.cdc.gov/Nchs/Data/Nhanes/Public/2009/DataFiles/FOLATE_F.xpt
2009-2010,2009,laboratory,Glycohemoglobin,GHB_F,https://wwwn.cdc.gov/Nchs/Data/Nhanes/Public/2009/DataFiles/GHB_F.htm,https://wwwn.cdc.gov/Nchs/Data/Nhanes/Public/2009/DataFiles/GHB_F.xpt
2009-2010,2009,laboratory,Hepatitis A Antibody,HEPA_F,https://wwwn.cdc.gov/Nchs/Data/Nhanes/Public/2009/DataFiles/HEPA_F.htm,https://wwwn.cdc.gov/Nchs/Data/Nhanes/Public/2009/DataFiles/HEPA_F.xpt
2009-2010,2009,laboratory,Hepatitis B Surface Antibody,HEPB_S_F,https://wwwn.cdc.gov/Nchs/Data/Nhanes/Public/2009/DataFiles/HEPB_S_F.htm,https://wwwn.cdc.gov/Nchs/Data/Nhanes/Public/2009/DataFiles/HEPB_S_F.xpt
2009-2010,2009,laboratory,"Hepatitis B: Core antibody, Surface antigen, and Hepatitis D: antibody",HEPBD_F,https://wwwn.cdc.gov/Nchs/Data/Nhanes/Public/2009/DataFiles/HEPBD_F.htm,https://wwwn.cdc.gov/Nchs/Data/Nhanes/Public/2009/DataFiles/HEPBD_F.xpt
2009-2010,2009,laboratory,Hepatitis C Antibody Reflex Testing - Serum (Surplus),SSHCV_E,https://wwwn.cdc.gov/Nchs/Data/Nhanes/Public/2007/DataFiles/SSHCV_E.htm,https://wwwn.cdc.gov/Nchs/Data/Nhanes/Public/2007/DataFiles/SSHCV_E.xpt
2009-2010,2009,laboratory,"Hepatitis C: Confirmed Antibody, RNA (HCV-RNA), & Genotype",HEPC_F,https://wwwn.cdc.gov/Nchs/Data/Nhanes/Public/2009/DataFiles/HEPC_F.htm,https://wwwn.cdc.gov/Nchs/Data/Nhanes/Public/2009/DataFiles/HEPC_F.xpt
2009-2010,2009,laboratory,Hepatitis E : IgG & IgM Antibodies,HEPE_F,https://wwwn.cdc.gov/Nchs/Data/Nhanes/Public/2009/DataFiles/HEPE_F.htm,https://wwwn.cdc.gov/Nchs/Data/Nhanes/Public/2009/DataFiles/HEPE_F.xpt
2009-2010,2009,laboratory,Herpes Simplex Virus Type-1 & Type-2,HSV_F,https://wwwn.cdc.gov/Nchs/Data/Nhanes/Public/2009/DataFiles/HSV_F.htm,https://wwwn.cdc.gov/Nchs/Data/Nhanes/Public/2009/DataFiles/HSV_F.xpt
2009-2010,2009,laboratory,HIV Antibody Test,HIV_F,https://wwwn.cdc.gov/Nchs/Data/Nhanes/Public/2009/DataFiles/HIV_F.htm,https://wwwn.cdc.gov/Nchs/Data/Nhanes/Public/2009/DataFiles/HIV_F.xpt
2009-2010,2009,laboratory,"Human Papillomavirus (HPV) - 6, 11, 16 & 18 Antibody - Serum",HPVSER_F,https://wwwn.cdc.gov/Nchs/Data/Nhanes/Public/2009/DataFiles/HPVSER_F.htm,https://wwwn.cdc.gov/Nchs/Data/Nhanes/Public/2009/DataFiles/HPVSER_F.xpt
2009-2010,2009,laboratory,Human Papillomavirus (HPV) - Oral Rinse,ORHPV_F,https://wwwn.cdc.gov/Nchs/Data/Nhanes/Public/2009/DataFiles/ORHPV_F.htm,https://wwwn.cdc.gov/Nchs/Data/Nhanes/Public/2009/DataFiles/ORHPV_F.xpt
2009-2010,2009,laboratory,Human Papillomavirus (HPV) DNA - Vaginal Swab: Digene Hybrid Capture & Roche Linear Array,HPVSWR_F,https://wwwn.cdc.gov/Nchs/Data/Nhanes/Public/2009/DataFiles/HPVSWR_F.htm,https://wwwn.cdc.gov/Nchs/Data/Nhanes/Public/2009/DataFiles/HPVSWR_F.xpt
2009-2010,2009,laboratory,Human Papillomavirus (HPV) Viral Load - Oral Rinse - Oral High-Risk HPV Infections (Surplus),SSHPV_F,https://wwwn.cdc.gov/Nchs/Data/Nhanes/Public/2009/DataFiles/SSHPV_F.htm,https://wwwn.cdc.gov/Nchs/Data/Nhanes/Public/2009/DataFiles/SSHPV_F.xpt
2009-2010,2009,laboratory,Iodine - Urine,UIO_F,https://wwwn.cdc.gov/Nchs/Data/Nhanes/Public/2009/DataFiles/UIO_F.htm,https://wwwn.cdc.gov/Nchs/Data/Nhanes/Public/2009/DataFiles/UIO_F.xpt
2009-2010,2009,laboratory,Klotho - Serum (Surplus),SSKL_F,https://wwwn.cdc.gov/Nchs/Data/Nhanes/Public/2009/DataFiles/SSKL_F.htm,https://wwwn.cdc.gov/Nchs/Data/Nhanes/Public/2009/DataFiles/SSKL_F.xpt
2009-2010,2009,laboratory,"Measles, Mumps, Rubella & Varicella",MMRV_F,https://wwwn.cdc.gov/Nchs/Data/Nhanes/Public/2009/DataFiles/MMRV_F.htm,https://wwwn.cdc.gov/Nchs/Data/Nhanes/Public/2009/DataFiles/MMRV_F.xpt
2009-2010,2009,laboratory,Mercury: Inorganic - Blood,IHG_F,https://wwwn.cdc.gov/Nchs/Data/Nhanes/Public/2009/DataFiles/IHG_F.htm,https://wwwn.cdc.gov/Nchs/Data/Nhanes/Public/2009/DataFiles/IHG_F.xpt
2009-2010,2009,laboratory,Mercury: Inorganic - Urine,UHG_F,https://wwwn.cdc.gov/Nchs/Data/Nhanes/Public/2009/DataFiles/UHG_F.htm,https://wwwn.cdc.gov/Nchs/Data/Nhanes/Public/2009/DataFiles/UHG_F.xpt
2009-2010,2009,laboratory,Metals - Urine,UHM_F,https://wwwn.cdc.gov/Nchs/Data/Nhanes/Public/2009/DataFiles/UHM_F.htm,https://wwwn.cdc.gov/Nchs/Data/Nhanes/Public/2009/DataFiles/UHM_F.xpt
2009-2010,2009,laboratory,Non-dioxin-like Polychlorinated Biphenyls & Mono-ortho-substituted Polychlorinated Biphenyls - Pooled Samples,PCBPOL_F,https://wwwn.cdc.gov/Nchs/Data/Nhanes/Public/2009/DataFiles/PCBPOL_F.htm,https://wwwn.cdc.gov/Nchs/Data/Nhanes/Public/2009/DataFiles/PCBPOL_F.xpt
2009-2010,2009,laboratory,Oral Glucose Tolerance Test,OGTT_F,https://wwwn.cdc.gov/Nchs/Data/Nhanes/Public/2009/DataFiles/OGTT_F.htm,https://wwwn.cdc.gov/Nchs/Data/Nhanes/Public/2009/DataFiles/OGTT_F.xpt
2009-2010,2009,laboratory,"Oral Microbiome Project
					All Years Doc
				
					All Years Data
				
					October 2022
				
			
				Osmolality - Urine",UCOSMO_F,https://wwwn.cdc.gov/Nchs/Data/Nhanes/Public/2009/DataFiles/UCOSMO_F.htm,https://wwwn.cdc.gov/Nchs/Data/Nhanes/Public/2009/DataFiles/UCOSMO_F.xpt
2009-2010,2009,laboratory,"Perchlorate, Nitrate & Thiocyanate - Urine",PERNT_F,https://wwwn.cdc.gov/Nchs/Data/Nhanes/Public/2009/DataFiles/PERNT_F.htm,https://wwwn.cdc.gov/Nchs/Data/Nhanes/Public/2009/DataFiles/PERNT_F.xpt
2009-2010,2009,laboratory,Pesticides - Environmental - Urine,PP_F,https://wwwn.cdc.gov/Nchs/Data/Nhanes/Public/2009/DataFiles/PP_F.htm,https://wwwn.cdc.gov/Nchs/Data/Nhanes/Public/2009/DataFiles/PP_F.xpt
2009-2010,2009,laboratory,Pesticides - Organochlorine Pesticides - Pooled Samples,PSTPOL_F,https://wwwn.cdc.gov/Nchs/Data/Nhanes/Public/2009/DataFiles/PSTPOL_F.htm,https://wwwn.cdc.gov/Nchs/Data/Nhanes/Public/2009/DataFiles/PSTPOL_F.xpt
2009-2010,2009,laboratory,Phthalates - Urine,PHTHTE_F,https://wwwn.cdc.gov/Nchs/Data/Nhanes/Public/2009/DataFiles/PHTHTE_F.htm,https://wwwn.cdc.gov/Nchs/Data/Nhanes/Public/2009/DataFiles/PHTHTE_F.xpt
2009-2010,2009,laboratory,Phytoestrogens - Urine,PHYTO_F,https://wwwn.cdc.gov/Nchs/Data/Nhanes/Public/2009/DataFiles/PHYTO_F.htm,https://wwwn.cdc.gov/Nchs/Data/Nhanes/Public/2009/DataFiles/PHYTO_F.xpt
2009-2010,2009,laboratory,Plasma Fasting Glucose & Insulin,GLU_F,https://wwwn.cdc.gov/Nchs/Data/Nhanes/Public/2009/DataFiles/GLU_F.htm,https://wwwn.cdc.gov/Nchs/Data/Nhanes/Public/2009/DataFiles/GLU_F.xpt
2009-2010,2009,laboratory,"Poliovirus Serotypes 1, 2, & 3 Antibodies - Serum (Surplus)",SSPOLI_F,https://wwwn.cdc.gov/Nchs/Data/Nhanes/Public/2009/DataFiles/SSPOLI_F.htm,https://wwwn.cdc.gov/Nchs/Data/Nhanes/Public/2009/DataFiles/SSPOLI_F.xpt
2009-2010,2009,laboratory,Polyaromatic Hydrocarbons -Urine,PAH_F,https://wwwn.cdc.gov/Nchs/Data/Nhanes/Public/2009/DataFiles/PAH_F.htm,https://wwwn.cdc.gov/Nchs/Data/Nhanes/Public/2009/DataFiles/PAH_F.xpt
2009-2010,2009,laboratory,"Polychlorinated dibenzo-p-dioxins (PCDDs), Dibenzofurans (PCDFs) & Coplanar Polychlorinated Biphenyls (cPCBs) - Pooled Samples",DOXPOL_F,https://wwwn.cdc.gov/Nchs/Data/Nhanes/Public/2009/DataFiles/DOXPOL_F.htm,https://wwwn.cdc.gov/Nchs/Data/Nhanes/Public/2009/DataFiles/DOXPOL_F.xpt
2009-2010,2009,laboratory,Polyfluoroalkyl Chemicals,PFC_F,https://wwwn.cdc.gov/Nchs/Data/Nhanes/Public/2009/DataFiles/PFC_F.htm,https://wwwn.cdc.gov/Nchs/Data/Nhanes/Public/2009/DataFiles/PFC_F.xpt
2009-2010,2009,laboratory,Pooled-Sample Technical Support File,POOLTF_F,https://wwwn.cdc.gov/Nchs/Data/Nhanes/Public/2009/DataFiles/POOLTF_F.htm,https://wwwn.cdc.gov/Nchs/Data/Nhanes/Public/2009/DataFiles/POOLTF_F.xpt
2009-2010,2009,laboratory,Pregnancy Test - Urine,UCPREG_F,https://wwwn.cdc.gov/Nchs/Data/Nhanes/Public/2009/DataFiles/UCPREG_F.htm,https://wwwn.cdc.gov/Nchs/Data/Nhanes/Public/2009/DataFiles/UCPREG_F.xpt
2009-2010,2009,laboratory,Prostate Specific Antigen (PSA),PSA_F,https://wwwn.cdc.gov/Nchs/Data/Nhanes/Public/2009/DataFiles/PSA_F.htm,https://wwwn.cdc.gov/Nchs/Data/Nhanes/Public/2009/DataFiles/PSA_F.xpt
2009-2010,2009,laboratory,"Pyrethroids, Herbicides, & OP Metabolites - Urine",UPHOPM_F,https://wwwn.cdc.gov/Nchs/Data/Nhanes/Public/2009/DataFiles/UPHOPM_F.htm,https://wwwn.cdc.gov/Nchs/Data/Nhanes/Public/2009/DataFiles/UPHOPM_F.xpt
2009-2010,2009,laboratory,Standard Biochemistry Profile,BIOPRO_F,https://wwwn.cdc.gov/Nchs/Data/Nhanes/Public/2009/DataFiles/BIOPRO_F.htm,https://wwwn.cdc.gov/Nchs/Data/Nhanes/Public/2009/DataFiles/BIOPRO_F.xpt
2009-2010,2009,laboratory,Thyroid Profile,THYROD_F,https://wwwn.cdc.gov/Nchs/Data/Nhanes/Public/2009/DataFiles/THYROD_F.htm,https://wwwn.cdc.gov/Nchs/Data/Nhanes/Public/2009/DataFiles/THYROD_F.xpt
2009-2010,2009,laboratory,Tissue Transglutaminase Assay (IgA-TTG) & IgA Endomyseal Antibody Assay (IgA EMA),TGEMA_F,https://wwwn.cdc.gov/Nchs/Data/Nhanes/Public/2009/DataFiles/TGEMA_F.htm,https://wwwn.cdc.gov/Nchs/Data/Nhanes/Public/2009/DataFiles/TGEMA_F.xpt
2009-2010,2009,laboratory,Toxoplasma Gondii Antibody - Serum (Surplus),SSTOXO_F,https://wwwn.cdc.gov/Nchs/Data/Nhanes/Public/2009/DataFiles/SSTOXO_F.htm,https://wwwn.cdc.gov/Nchs/Data/Nhanes/Public/2009/DataFiles/SSTOXO_F.xpt
2009-2010,2009,laboratory,Trans Fatty Acids,TFA_F,https://wwwn.cdc.gov/Nchs/Data/Nhanes/Public/2009/DataFiles/TFA_F.htm,https://wwwn.cdc.gov/Nchs/Data/Nhanes/Public/2009/DataFiles/TFA_F.xpt
2009-2010,2009,laboratory,Transferrin Receptor,TFR_F,https://wwwn.cdc.gov/Nchs/Data/Nhanes/Public/2009/DataFiles/TFR_F.htm,https://wwwn.cdc.gov/Nchs/Data/Nhanes/Public/2009/DataFiles/TFR_F.xpt
2009-2010,2009,laboratory,Urine Flow Rate,UCFLOW_F,https://wwwn.cdc.gov/Nchs/Data/Nhanes/Public/2009/DataFiles/UCFLOW_F.htm,https://wwwn.cdc.gov/Nchs/Data/Nhanes/Public/2009/DataFiles/UCFLOW_F.xpt
2009-2010,2009,laboratory,Vitamin B6,VIT_B6_F,https://wwwn.cdc.gov/Nchs/Data/Nhanes/Public/2009/DataFiles/VIT_B6_F.htm,https://wwwn.cdc.gov/Nchs/Data/Nhanes/Public/2009/DataFiles/VIT_B6_F.xpt
2009-2010,2009,laboratory,"Vitamin D
					VID_F Doc
				
					VID_F Data [XPT - 693.5 KB]
				
					October 2015
				
			
				Volatile Organic Compounds (VOCs) - Blood",VOCWB_F,https://wwwn.cdc.gov/Nchs/Data/Nhanes/Public/2009/DataFiles/VOCWB_F.htm,https://wwwn.cdc.gov/Nchs/Data/Nhanes/Public/2009/DataFiles/VOCWB_F.xpt
2009-2010,2009,laboratory,Volatile Organic Compounds (VOCs) - Trihalomethanes/MTBE/Nitromethane - Blood,VOCMWB_F,https://wwwn.cdc.gov/Nchs/Data/Nhanes/Public/2009/DataFiles/VOCMWB_F.htm,https://wwwn.cdc.gov/Nchs/Data/Nhanes/Public/2009/DataFiles/VOCMWB_F.xpt
2009-2010,2009,laboratory,Volatile Organic Compounds (VOCs) - Water,VOC_F,https://wwwn.cdc.gov/Nchs/Data/Nhanes/Public/2009/DataFiles/VOC_F.htm,https://wwwn.cdc.gov/Nchs/Data/Nhanes/Public/2009/DataFiles/VOC_F.xpt
2009-2010,2009,questionnaire,Acculturation,ACQ_F,https://wwwn.cdc.gov/Nchs/Data/Nhanes/Public/2009/DataFiles/ACQ_F.htm,https://wwwn.cdc.gov/Nchs/Data/Nhanes/Public/2009/DataFiles/ACQ_F.xpt
2009-2010,2009,questionnaire,Air Quality,AQQ_F,https://wwwn.cdc.gov/Nchs/Data/Nhanes/Public/2009/DataFiles/AQQ_F.htm,https://wwwn.cdc.gov/Nchs/Data/Nhanes/Public/2009/DataFiles/AQQ_F.xpt
2009-2010,2009,questionnaire,Alcohol Use,ALQ_F,https://wwwn.cdc.gov/Nchs/Data/Nhanes/Public/2009/DataFiles/ALQ_F.htm,https://wwwn.cdc.gov/Nchs/Data/Nhanes/Public/2009/DataFiles/ALQ_F.xpt
2009-2010,2009,questionnaire,Alcohol Use (Ages 18-19),ALQY_F,https://wwwn.cdc.gov/Nchs/Data/Nhanes/Public/2009/DataFiles/ALQY_F.htm,https://wwwn.cdc.gov/Nchs/Data/Nhanes/Public/2009/DataFiles/ALQY_F.xpt
2009-2010,2009,questionnaire,Arthritis,ARQ_F,https://wwwn.cdc.gov/Nchs/Data/Nhanes/Public/2009/DataFiles/ARQ_F.htm,https://wwwn.cdc.gov/Nchs/Data/Nhanes/Public/2009/DataFiles/ARQ_F.xpt
2009-2010,2009,questionnaire,Audiometry,AUQ_F,https://wwwn.cdc.gov/Nchs/Data/Nhanes/Public/2009/DataFiles/AUQ_F.htm,https://wwwn.cdc.gov/Nchs/Data/Nhanes/Public/2009/DataFiles/AUQ_F.xpt
2009-2010,2009,questionnaire,Blood Pressure & Cholesterol,BPQ_F,https://wwwn.cdc.gov/Nchs/Data/Nhanes/Public/2009/DataFiles/BPQ_F.htm,https://wwwn.cdc.gov/Nchs/Data/Nhanes/Public/2009/DataFiles/BPQ_F.xpt
2009-2010,2009,questionnaire,Bowel Health,BHQ_F,https://wwwn.cdc.gov/Nchs/Data/Nhanes/Public/2009/DataFiles/BHQ_F.htm,https://wwwn.cdc.gov/Nchs/Data/Nhanes/Public/2009/DataFiles/BHQ_F.xpt
2009-2010,2009,questionnaire,Cardiovascular Health,CDQ_F,https://wwwn.cdc.gov/Nchs/Data/Nhanes/Public/2009/DataFiles/CDQ_F.htm,https://wwwn.cdc.gov/Nchs/Data/Nhanes/Public/2009/DataFiles/CDQ_F.xpt
2009-2010,2009,questionnaire,Consumer Behavior,CBQ_F,https://wwwn.cdc.gov/Nchs/Data/Nhanes/Public/2009/DataFiles/CBQ_F.htm,https://wwwn.cdc.gov/Nchs/Data/Nhanes/Public/2009/DataFiles/CBQ_F.xpt
2009-2010,2009,questionnaire,Consumer Behavior Phone Follow-up Module - Adult,CBQPFA_F,https://wwwn.cdc.gov/Nchs/Data/Nhanes/Public/2009/DataFiles/CBQPFA_F.htm,https://wwwn.cdc.gov/Nchs/Data/Nhanes/Public/2009/DataFiles/CBQPFA_F.xpt
2009-2010,2009,questionnaire,Consumer Behavior Phone Follow-up Module - Child,CBQPFC_F,https://wwwn.cdc.gov/Nchs/Data/Nhanes/Public/2009/DataFiles/CBQPFC_F.htm,https://wwwn.cdc.gov/Nchs/Data/Nhanes/Public/2009/DataFiles/CBQPFC_F.xpt
2009-2010,2009,questionnaire,Current Health Status,HSQ_F,https://wwwn.cdc.gov/Nchs/Data/Nhanes/Public/2009/DataFiles/HSQ_F.htm,https://wwwn.cdc.gov/Nchs/Data/Nhanes/Public/2009/DataFiles/HSQ_F.xpt
2009-2010,2009,questionnaire,Dermatology,DEQ_F,https://wwwn.cdc.gov/Nchs/Data/Nhanes/Public/2009/DataFiles/DEQ_F.htm,https://wwwn.cdc.gov/Nchs/Data/Nhanes/Public/2009/DataFiles/DEQ_F.xpt
2009-2010,2009,questionnaire,Diabetes,DIQ_F,https://wwwn.cdc.gov/Nchs/Data/Nhanes/Public/2009/DataFiles/DIQ_F.htm,https://wwwn.cdc.gov/Nchs/Data/Nhanes/Public/2009/DataFiles/DIQ_F.xpt
2009-2010,2009,questionnaire,Diet Behavior & Nutrition,DBQ_F,https://wwwn.cdc.gov/Nchs/Data/Nhanes/Public/2009/DataFiles/DBQ_F.htm,https://wwwn.cdc.gov/Nchs/Data/Nhanes/Public/2009/DataFiles/DBQ_F.xpt
2009-2010,2009,questionnaire,Drug Use,DUQ_F,https://wwwn.cdc.gov/Nchs/Data/Nhanes/Public/2009/DataFiles/DUQ_F.htm,https://wwwn.cdc.gov/Nchs/Data/Nhanes/Public/2009/DataFiles/DUQ_F.xpt
2009-2010,2009,questionnaire,Early Childhood,ECQ_F,https://wwwn.cdc.gov/Nchs/Data/Nhanes/Public/2009/DataFiles/ECQ_F.htm,https://wwwn.cdc.gov/Nchs/Data/Nhanes/Public/2009/DataFiles/ECQ_F.xpt
2009-2010,2009,questionnaire,Food Security,FSQ_F,https://wwwn.cdc.gov/Nchs/Data/Nhanes/Public/2009/DataFiles/FSQ_F.htm,https://wwwn.cdc.gov/Nchs/Data/Nhanes/Public/2009/DataFiles/FSQ_F.xpt
2009-2010,2009,questionnaire,Health Insurance,HIQ_F,https://wwwn.cdc.gov/Nchs/Data/Nhanes/Public/2009/DataFiles/HIQ_F.htm,https://wwwn.cdc.gov/Nchs/Data/Nhanes/Public/2009/DataFiles/HIQ_F.xpt
2009-2010,2009,questionnaire,Hepatitis C Follow Up,HCQ_F,https://wwwn.cdc.gov/Nchs/Data/Nhanes/Public/2009/DataFiles/HCQ_F.htm,https://wwwn.cdc.gov/Nchs/Data/Nhanes/Public/2009/DataFiles/HCQ_F.xpt
2009-2010,2009,questionnaire,Hospital Utilization & Access to Care,HUQ_F,https://wwwn.cdc.gov/Nchs/Data/Nhanes/Public/2009/DataFiles/HUQ_F.htm,https://wwwn.cdc.gov/Nchs/Data/Nhanes/Public/2009/DataFiles/HUQ_F.xpt
2009-2010,2009,questionnaire,Housing Characteristics,HOQ_F,https://wwwn.cdc.gov/Nchs/Data/Nhanes/Public/2009/DataFiles/HOQ_F.htm,https://wwwn.cdc.gov/Nchs/Data/Nhanes/Public/2009/DataFiles/HOQ_F.xpt
2009-2010,2009,questionnaire,Immunization,IMQ_F,https://wwwn.cdc.gov/Nchs/Data/Nhanes/Public/2009/DataFiles/IMQ_F.htm,https://wwwn.cdc.gov/Nchs/Data/Nhanes/Public/2009/DataFiles/IMQ_F.xpt
2009-2010,2009,questionnaire,Income,INQ_F,https://wwwn.cdc.gov/Nchs/Data/Nhanes/Public/2009/DataFiles/INQ_F.htm,https://wwwn.cdc.gov/Nchs/Data/Nhanes/Public/2009/DataFiles/INQ_F.xpt
2009-2010,2009,questionnaire,Kidney Conditions - Urology,KIQ_U_F,https://wwwn.cdc.gov/Nchs/Data/Nhanes/Public/2009/DataFiles/KIQ_U_F.htm,https://wwwn.cdc.gov/Nchs/Data/Nhanes/Public/2009/DataFiles/KIQ_U_F.xpt
2009-2010,2009,questionnaire,Medical Conditions,MCQ_F,https://wwwn.cdc.gov/Nchs/Data/Nhanes/Public/2009/DataFiles/MCQ_F.htm,https://wwwn.cdc.gov/Nchs/Data/Nhanes/Public/2009/DataFiles/MCQ_F.xpt
2009-2010,2009,questionnaire,Mental Health - Depression Screener,DPQ_F,https://wwwn.cdc.gov/Nchs/Data/Nhanes/Public/2009/DataFiles/DPQ_F.htm,https://wwwn.cdc.gov/Nchs/Data/Nhanes/Public/2009/DataFiles/DPQ_F.xpt
2009-2010,2009,questionnaire,Occupation,OCQ_F,https://wwwn.cdc.gov/Nchs/Data/Nhanes/Public/2009/DataFiles/OCQ_F.htm,https://wwwn.cdc.gov/Nchs/Data/Nhanes/Public/2009/DataFiles/OCQ_F.xpt
2009-2010,2009,questionnaire,Oral Health,OHQ_F,https://wwwn.cdc.gov/Nchs/Data/Nhanes/Public/2009/DataFiles/OHQ_F.htm,https://wwwn.cdc.gov/Nchs/Data/Nhanes/Public/2009/DataFiles/OHQ_F.xpt
2009-2010,2009,questionnaire,Osteoporosis,OSQ_F,https://wwwn.cdc.gov/Nchs/Data/Nhanes/Public/2009/DataFiles/OSQ_F.htm,https://wwwn.cdc.gov/Nchs/Data/Nhanes/Public/2009/DataFiles/OSQ_F.xpt
2009-2010,2009,questionnaire,Pesticide Use,PUQMEC_F,https://wwwn.cdc.gov/Nchs/Data/Nhanes/Public/2009/DataFiles/PUQMEC_F.htm,https://wwwn.cdc.gov/Nchs/Data/Nhanes/Public/2009/DataFiles/PUQMEC_F.xpt
2009-2010,2009,questionnaire,Physical Activity,PAQ_F,https://wwwn.cdc.gov/Nchs/Data/Nhanes/Public/2009/DataFiles/PAQ_F.htm,https://wwwn.cdc.gov/Nchs/Data/Nhanes/Public/2009/DataFiles/PAQ_F.xpt
2009-2010,2009,questionnaire,Physical Functioning,PFQ_F,https://wwwn.cdc.gov/Nchs/Data/Nhanes/Public/2009/DataFiles/PFQ_F.htm,https://wwwn.cdc.gov/Nchs/Data/Nhanes/Public/2009/DataFiles/PFQ_F.xpt
2009-2010,2009,questionnaire,Prescription Medications,RXQ_RX_F,https://wwwn.cdc.gov/Nchs/Data/Nhanes/Public/2009/DataFiles/RXQ_RX_F.htm,https://wwwn.cdc.gov/Nchs/Data/Nhanes/Public/2009/DataFiles/RXQ_RX_F.xpt
2009-2010,2009,questionnaire,Prescription Medications - Drug Information,RXQ_DRUG,https://wwwn.cdc.gov/Nchs/Data/Nhanes/Public/1988/DataFiles/RXQ_DRUG.htm,https://wwwn.cdc.gov/Nchs/Data/Nhanes/Public/1988/DataFiles/RXQ_DRUG.xpt
2009-2010,2009,questionnaire,Reproductive Health,RHQ_F,https://wwwn.cdc.gov/Nchs/Data/Nhanes/Public/2009/DataFiles/RHQ_F.htm,https://wwwn.cdc.gov/Nchs/Data/Nhanes/Public/2009/DataFiles/RHQ_F.xpt
2009-2010,2009,questionnaire,Respiratory Health,RDQ_F,https://wwwn.cdc.gov/Nchs/Data/Nhanes/Public/2009/DataFiles/RDQ_F.htm,https://wwwn.cdc.gov/Nchs/Data/Nhanes/Public/2009/DataFiles/RDQ_F.xpt
2009-2010,2009,questionnaire,Sexual Behavior,SXQ_F,https://wwwn.cdc.gov/Nchs/Data/Nhanes/Public/2009/DataFiles/SXQ_F.htm,https://wwwn.cdc.gov/Nchs/Data/Nhanes/Public/2009/DataFiles/SXQ_F.xpt
2009-2010,2009,questionnaire,Sleep Disorders,SLQ_F,https://wwwn.cdc.gov/Nchs/Data/Nhanes/Public/2009/DataFiles/SLQ_F.htm,https://wwwn.cdc.gov/Nchs/Data/Nhanes/Public/2009/DataFiles/SLQ_F.xpt
2009-2010,2009,questionnaire,Smoking - Cigarette Use,SMQ_F,https://wwwn.cdc.gov/Nchs/Data/Nhanes/Public/2009/DataFiles/SMQ_F.htm,https://wwwn.cdc.gov/Nchs/Data/Nhanes/Public/2009/DataFiles/SMQ_F.xpt
2009-2010,2009,questionnaire,Smoking - Household Smokers,SMQFAM_F,https://wwwn.cdc.gov/Nchs/Data/Nhanes/Public/2009/DataFiles/SMQFAM_F.htm,https://wwwn.cdc.gov/Nchs/Data/Nhanes/Public/2009/DataFiles/SMQFAM_F.xpt
2009-2010,2009,questionnaire,Smoking - Recent Tobacco Use,SMQRTU_F,https://wwwn.cdc.gov/Nchs/Data/Nhanes/Public/2009/DataFiles/SMQRTU_F.htm,https://wwwn.cdc.gov/Nchs/Data/Nhanes/Public/2009/DataFiles/SMQRTU_F.xpt
2009-2010,2009,questionnaire,Volatile Toxicant,VTQ_F,https://wwwn.cdc.gov/Nchs/Data/Nhanes/Public/2009/DataFiles/VTQ_F.htm,https://wwwn.cdc.gov/Nchs/Data/Nhanes/Public/2009/DataFiles/VTQ_F.xpt
2009-2010,2009,questionnaire,Weight History,WHQ_F,https://wwwn.cdc.gov/Nchs/Data/Nhanes/Public/2009/DataFiles/WHQ_F.htm,https://wwwn.cdc.gov/Nchs/Data/Nhanes/Public/2009/DataFiles/WHQ_F.xpt
2009-2010,2009,questionnaire,Weight History - Youth,WHQMEC_F,https://wwwn.cdc.gov/Nchs/Data/Nhanes/Public/2009/DataFiles/WHQMEC_F.htm,https://wwwn.cdc.gov/Nchs/Data/Nhanes/Public/2009/DataFiles/WHQMEC_F.xpt
2011-2012,2011,demographics,Demographic Variables & Sample Weights,DEMO_G,https://wwwn.cdc.gov/Nchs/Data/Nhanes/Public/2011/DataFiles/DEMO_G.htm,https://wwwn.cdc.gov/Nchs/Data/Nhanes/Public/2011/DataFiles/DEMO_G.xpt
2011-2012,2011,dietary,"Dietary Interview - Individual Foods, First Day",DR1IFF_G,https://wwwn.cdc.gov/Nchs/Data/Nhanes/Public/2011/DataFiles/DR1IFF_G.htm,https://wwwn.cdc.gov/Nchs/Data/Nhanes/Public/2011/DataFiles/DR1IFF_G.xpt
2011-2012,2011,dietary,"Dietary Interview - Individual Foods, Second Day",DR2IFF_G,https://wwwn.cdc.gov/Nchs/Data/Nhanes/Public/2011/DataFiles/DR2IFF_G.htm,https://wwwn.cdc.gov/Nchs/Data/Nhanes/Public/2011/DataFiles/DR2IFF_G.xpt
2011-2012,2011,dietary,"Dietary Interview - Total Nutrient Intakes, First Day",DR1TOT_G,https://wwwn.cdc.gov/Nchs/Data/Nhanes/Public/2011/DataFiles/DR1TOT_G.htm,https://wwwn.cdc.gov/Nchs/Data/Nhanes/Public/2011/DataFiles/DR1TOT_G.xpt
2011-2012,2011,dietary,"Dietary Interview - Total Nutrient Intakes, Second Day",DR2TOT_G,https://wwwn.cdc.gov/Nchs/Data/Nhanes/Public/2011/DataFiles/DR2TOT_G.htm,https://wwwn.cdc.gov/Nchs/Data/Nhanes/Public/2011/DataFiles/DR2TOT_G.xpt
2011-2012,2011,dietary,Dietary Interview Technical Support File - Food Codes,DRXFCD_G,https://wwwn.cdc.gov/Nchs/Data/Nhanes/Public/2011/DataFiles/DRXFCD_G.htm,https://wwwn.cdc.gov/Nchs/Data/Nhanes/Public/2011/DataFiles/DRXFCD_G.xpt
2011-2012,2011,dietary,Dietary Interview Technical Support File - Modification Codes,DRXMCD_G,https://wwwn.cdc.gov/Nchs/Data/Nhanes/Public/2011/DataFiles/DRXMCD_G.htm,https://wwwn.cdc.gov/Nchs/Data/Nhanes/Public/2011/DataFiles/DRXMCD_G.xpt
2011-2012,2011,dietary,Dietary Supplement Database - Blend Information,DSBI,https://wwwn.cdc.gov/Nchs/Data/Nhanes/Public/1999/DataFiles/DSBI.htm,https://wwwn.cdc.gov/Nchs/Data/Nhanes/Public/1999/DataFiles/DSBI.xpt
2011-2012,2011,dietary,Dietary Supplement Database - Ingredient Information,DSII,https://wwwn.cdc.gov/Nchs/Data/Nhanes/Public/1999/DataFiles/DSII.htm,https://wwwn.cdc.gov/Nchs/Data/Nhanes/Public/1999/DataFiles/DSII.xpt
2011-2012,2011,dietary,Dietary Supplement Database - Product Information,DSPI,https://wwwn.cdc.gov/Nchs/Data/Nhanes/Public/1999/DataFiles/DSPI.htm,https://wwwn.cdc.gov/Nchs/Data/Nhanes/Public/1999/DataFiles/DSPI.xpt
2011-2012,2011,dietary,"Dietary Supplement Use 24-Hour - Individual Dietary Supplements, First Day",DS1IDS_G,https://wwwn.cdc.gov/Nchs/Data/Nhanes/Public/2011/DataFiles/DS1IDS_G.htm,https://wwwn.cdc.gov/Nchs/Data/Nhanes/Public/2011/DataFiles/DS1IDS_G.xpt
2011-2012,2011,dietary,"Dietary Supplement Use 24-Hour - Individual Dietary Supplements, Second Day",DS2IDS_G,https://wwwn.cdc.gov/Nchs/Data/Nhanes/Public/2011/DataFiles/DS2IDS_G.htm,https://wwwn.cdc.gov/Nchs/Data/Nhanes/Public/2011/DataFiles/DS2IDS_G.xpt
2011-2012,2011,dietary,"Dietary Supplement Use 24-Hour - Total Dietary Supplements, First Day",DS1TOT_G,https://wwwn.cdc.gov/Nchs/Data/Nhanes/Public/2011/DataFiles/DS1TOT_G.htm,https://wwwn.cdc.gov/Nchs/Data/Nhanes/Public/2011/DataFiles/DS1TOT_G.xpt
2011-2012,2011,dietary,"Dietary Supplement Use 24-Hour - Total Dietary Supplements, Second Day",DS2TOT_G,https://wwwn.cdc.gov/Nchs/Data/Nhanes/Public/2011/DataFiles/DS2TOT_G.htm,https://wwwn.cdc.gov/Nchs/Data/Nhanes/Public/2011/DataFiles/DS2TOT_G.xpt
2011-2012,2011,dietary,Dietary Supplement Use 30 Day - Individual Dietary Supplements,DSQIDS_G,https://wwwn.cdc.gov/Nchs/Data/Nhanes/Public/2011/DataFiles/DSQIDS_G.htm,https://wwwn.cdc.gov/Nchs/Data/Nhanes/Public/2011/DataFiles/DSQIDS_G.xpt
2011-2012,2011,dietary,Dietary Supplement Use 30-Day - Total Dietary Supplements,DSQTOT_G,https://wwwn.cdc.gov/Nchs/Data/Nhanes/Public/2011/DataFiles/DSQTOT_G.htm,https://wwwn.cdc.gov/Nchs/Data/Nhanes/Public/2011/DataFiles/DSQTOT_G.xpt
2011-2012,2011,examination,Audiometry,AUX_G,https://wwwn.cdc.gov/Nchs/Data/Nhanes/Public/2011/DataFiles/AUX_G.htm,https://wwwn.cdc.gov/Nchs/Data/Nhanes/Public/2011/DataFiles/AUX_G.xpt
2011-2012,2011,examination,Audiometry - Acoustic Reflex,AUXAR_G,https://wwwn.cdc.gov/Nchs/Data/Nhanes/Public/2011/DataFiles/AUXAR_G.htm,https://wwwn.cdc.gov/Nchs/Data/Nhanes/Public/2011/DataFiles/AUXAR_G.xpt
2011-2012,2011,examination,Audiometry - Tympanometry,AUXTYM_G,https://wwwn.cdc.gov/Nchs/Data/Nhanes/Public/2011/DataFiles/AUXTYM_G.htm,https://wwwn.cdc.gov/Nchs/Data/Nhanes/Public/2011/DataFiles/AUXTYM_G.xpt
2011-2012,2011,examination,Blood Pressure,BPX_G,https://wwwn.cdc.gov/Nchs/Data/Nhanes/Public/2011/DataFiles/BPX_G.htm,https://wwwn.cdc.gov/Nchs/Data/Nhanes/Public/2011/DataFiles/BPX_G.xpt
2011-2012,2011,examination,Body Measures,BMX_G,https://wwwn.cdc.gov/Nchs/Data/Nhanes/Public/2011/DataFiles/BMX_G.htm,https://wwwn.cdc.gov/Nchs/Data/Nhanes/Public/2011/DataFiles/BMX_G.xpt
2011-2012,2011,examination,Dual-Energy X-ray Absorptiometry - Android/Gynoid Measurements,DXXAG_G,https://wwwn.cdc.gov/Nchs/Data/Nhanes/Public/2011/DataFiles/DXXAG_G.htm,https://wwwn.cdc.gov/Nchs/Data/Nhanes/Public/2011/DataFiles/DXXAG_G.xpt
2011-2012,2011,examination,Dual-Energy X-ray Absorptiometry - Whole Body,DXX_G,https://wwwn.cdc.gov/Nchs/Data/Nhanes/Public/2011/DataFiles/DXX_G.htm,https://wwwn.cdc.gov/Nchs/Data/Nhanes/Public/2011/DataFiles/DXX_G.xpt
2011-2012,2011,examination,Exhaled Nitric Oxide,ENX_G,https://wwwn.cdc.gov/Nchs/Data/Nhanes/Public/2011/DataFiles/ENX_G.htm,https://wwwn.cdc.gov/Nchs/Data/Nhanes/Public/2011/DataFiles/ENX_G.xpt
2011-2012,2011,examination,Fluorosis - Clinical,FLXCLN_G,https://wwwn.cdc.gov/Nchs/Data/Nhanes/Public/2011/DataFiles/FLXCLN_G.htm,https://wwwn.cdc.gov/Nchs/Data/Nhanes/Public/2011/DataFiles/FLXCLN_G.xpt
2011-2012,2011,examination,Muscle Strength - Grip Test,MGX_G,https://wwwn.cdc.gov/Nchs/Data/Nhanes/Public/2011/DataFiles/MGX_G.htm,https://wwwn.cdc.gov/Nchs/Data/Nhanes/Public/2011/DataFiles/MGX_G.xpt
2011-2012,2011,examination,Oral Health - Dentition,OHXDEN_G,https://wwwn.cdc.gov/Nchs/Data/Nhanes/Public/2011/DataFiles/OHXDEN_G.htm,https://wwwn.cdc.gov/Nchs/Data/Nhanes/Public/2011/DataFiles/OHXDEN_G.xpt
2011-2012,2011,examination,Oral Health - Periodontal,OHXPER_G,https://wwwn.cdc.gov/Nchs/Data/Nhanes/Public/2011/DataFiles/OHXPER_G.htm,https://wwwn.cdc.gov/Nchs/Data/Nhanes/Public/2011/DataFiles/OHXPER_G.xpt
2011-2012,2011,examination,Oral Health - Recommendation of Care,OHXREF_G,https://wwwn.cdc.gov/Nchs/Data/Nhanes/Public/2011/DataFiles/OHXREF_G.htm,https://wwwn.cdc.gov/Nchs/Data/Nhanes/Public/2011/DataFiles/OHXREF_G.xpt
2011-2012,2011,examination,"Physical Activity Monitor - Ambient Light Raw Data 
					PAXLUX_G Doc
				
					PAXLUX_G Data [FTP]
				
					October 2022
				
			
				Physical Activity Monitor - Day",PAXDAY_G,https://wwwn.cdc.gov/Nchs/Data/Nhanes/Public/2011/DataFiles/PAXDAY_G.htm,https://wwwn.cdc.gov/Nchs/Data/Nhanes/Public/2011/DataFiles/PAXDAY_G.xpt
2011-2012,2011,examination,Physical Activity Monitor - Header,PAXHD_G,https://wwwn.cdc.gov/Nchs/Data/Nhanes/Public/2011/DataFiles/PAXHD_G.htm,https://wwwn.cdc.gov/Nchs/Data/Nhanes/Public/2011/DataFiles/PAXHD_G.xpt
2011-2012,2011,examination,Physical Activity Monitor - Hour,PAXHR_G,https://wwwn.cdc.gov/Nchs/Data/Nhanes/Public/2011/DataFiles/PAXHR_G.htm,https://wwwn.cdc.gov/Nchs/Data/Nhanes/Public/2011/DataFiles/PAXHR_G.xpt
2011-2012,2011,examination,Physical Activity Monitor - Minute,PAXMIN_G,https://wwwn.cdc.gov/Nchs/Data/Nhanes/Public/2011/DataFiles/PAXMIN_G.htm,https://wwwn.cdc.govhttps://ftp.cdc.gov/pub/NHANES/LargeDataFiles/PAXMIN_G.xpt
2011-2012,2011,examination,"Physical Activity Monitor - Raw Data 80hz 
					PAX80_G Doc
				
					PAX80_G Data [FTP]
				
					Updated October 2022
				
			
				Spirometry - Pre and Post-Bronchodilator",SPX_G,https://wwwn.cdc.gov/Nchs/Data/Nhanes/Public/2011/DataFiles/SPX_G.htm,https://wwwn.cdc.gov/Nchs/Data/Nhanes/Public/2011/DataFiles/SPX_G.xpt
2011-2012,2011,examination,"Spirometry - Raw Curve Data
					SPXRAW_G Doc
				
					SPXRAW_G Data [ZIP - 12.3 MB]
				
					December 2014
				
			
				Tuberculosis",TBX_G,https://wwwn.cdc.gov/Nchs/Data/Nhanes/Public/2011/DataFiles/TBX_G.htm,https://wwwn.cdc.gov/Nchs/Data/Nhanes/Public/2011/DataFiles/TBX_G.xpt
2011-2012,2011,laboratory,Albumin & Creatinine - Urine,ALB_CR_G,https://wwwn.cdc.gov/Nchs/Data/Nhanes/Public/2011/DataFiles/ALB_CR_G.htm,https://wwwn.cdc.gov/Nchs/Data/Nhanes/Public/2011/DataFiles/ALB_CR_G.xpt
2011-2012,2011,laboratory,Antibody to Toxocara spp. (Surplus),SSTOCA_G,https://wwwn.cdc.gov/Nchs/Data/Nhanes/Public/2011/DataFiles/SSTOCA_G.htm,https://wwwn.cdc.gov/Nchs/Data/Nhanes/Public/2011/DataFiles/SSTOCA_G.xpt
2011-2012,2011,laboratory,Apolipoprotein B,APOB_G,https://wwwn.cdc.gov/Nchs/Data/Nhanes/Public/2011/DataFiles/APOB_G.htm,https://wwwn.cdc.gov/Nchs/Data/Nhanes/Public/2011/DataFiles/APOB_G.xpt
2011-2012,2011,laboratory,Arsenics - Total & Speciated - Urine,UAS_G,https://wwwn.cdc.gov/Nchs/Data/Nhanes/Public/2011/DataFiles/UAS_G.htm,https://wwwn.cdc.gov/Nchs/Data/Nhanes/Public/2011/DataFiles/UAS_G.xpt
2011-2012,2011,laboratory,Arsenics - Total & Speciated - Urine - Special Sample,UASS_G,https://wwwn.cdc.gov/Nchs/Data/Nhanes/Public/2011/DataFiles/UASS_G.htm,https://wwwn.cdc.gov/Nchs/Data/Nhanes/Public/2011/DataFiles/UASS_G.xpt
2011-2012,2011,laboratory,Autoantibodies - Anti-DFS70 Autoantibody Analyses (Surplus),SSDFS_G,https://wwwn.cdc.gov/Nchs/Data/Nhanes/Public/2011/DataFiles/SSDFS_G.htm,https://wwwn.cdc.gov/Nchs/Data/Nhanes/Public/2011/DataFiles/SSDFS_G.xpt
2011-2012,2011,laboratory,Autoantibodies - Immunofluorescence Analyses (Surplus),SSANA2_G,https://wwwn.cdc.gov/Nchs/Data/Nhanes/Public/2011/DataFiles/SSANA2_G.htm,https://wwwn.cdc.gov/Nchs/Data/Nhanes/Public/2011/DataFiles/SSANA2_G.xpt
2011-2012,2011,laboratory,Brominated Flame Retardants (BFRs) - Pooled Samples,BFRPOL_G,https://wwwn.cdc.gov/Nchs/Data/Nhanes/Public/2011/DataFiles/BFRPOL_G.htm,https://wwwn.cdc.gov/Nchs/Data/Nhanes/Public/2011/DataFiles/BFRPOL_G.xpt
2011-2012,2011,laboratory,"Cadmium, Lead, Total Mercury, Selenium, & Manganese - Blood",PBCD_G,https://wwwn.cdc.gov/Nchs/Data/Nhanes/Public/2011/DataFiles/PBCD_G.htm,https://wwwn.cdc.gov/Nchs/Data/Nhanes/Public/2011/DataFiles/PBCD_G.xpt
2011-2012,2011,laboratory,Caffeine & Caffeine Metabolites - Urine,CAFE_G,https://wwwn.cdc.gov/Nchs/Data/Nhanes/Public/2011/DataFiles/CAFE_G.htm,https://wwwn.cdc.gov/Nchs/Data/Nhanes/Public/2011/DataFiles/CAFE_G.xpt
2011-2012,2011,laboratory,Chlamydia - Urine,CHLMDA_G,https://wwwn.cdc.gov/Nchs/Data/Nhanes/Public/2011/DataFiles/CHLMDA_G.htm,https://wwwn.cdc.gov/Nchs/Data/Nhanes/Public/2011/DataFiles/CHLMDA_G.xpt
2011-2012,2011,laboratory,Cholesterol - HDL,HDL_G,https://wwwn.cdc.gov/Nchs/Data/Nhanes/Public/2011/DataFiles/HDL_G.htm,https://wwwn.cdc.gov/Nchs/Data/Nhanes/Public/2011/DataFiles/HDL_G.xpt
2011-2012,2011,laboratory,Cholesterol - LDL & Triglycerides,TRIGLY_G,https://wwwn.cdc.gov/Nchs/Data/Nhanes/Public/2011/DataFiles/TRIGLY_G.htm,https://wwwn.cdc.gov/Nchs/Data/Nhanes/Public/2011/DataFiles/TRIGLY_G.xpt
2011-2012,2011,laboratory,Cholesterol - Total,TCHOL_G,https://wwwn.cdc.gov/Nchs/Data/Nhanes/Public/2011/DataFiles/TCHOL_G.htm,https://wwwn.cdc.gov/Nchs/Data/Nhanes/Public/2011/DataFiles/TCHOL_G.xpt
2011-2012,2011,laboratory,Complete Blood Count with 5-part Differential - Whole Blood,CBC_G,https://wwwn.cdc.gov/Nchs/Data/Nhanes/Public/2011/DataFiles/CBC_G.htm,https://wwwn.cdc.gov/Nchs/Data/Nhanes/Public/2011/DataFiles/CBC_G.xpt
2011-2012,2011,laboratory,"Copper, Selenium & Zinc - Serum",CUSEZN_G,https://wwwn.cdc.gov/Nchs/Data/Nhanes/Public/2011/DataFiles/CUSEZN_G.htm,https://wwwn.cdc.gov/Nchs/Data/Nhanes/Public/2011/DataFiles/CUSEZN_G.xpt
2011-2012,2011,laboratory,Cotinine - Serum & Total NNAL - Urine,COTNAL_G,https://wwwn.cdc.gov/Nchs/Data/Nhanes/Public/2011/DataFiles/COTNAL_G.htm,https://wwwn.cdc.gov/Nchs/Data/Nhanes/Public/2011/DataFiles/COTNAL_G.xpt
2011-2012,2011,laboratory,Cytomegalovirus IgG & IgM Antibodies - Serum,CMV_G,https://wwwn.cdc.gov/Nchs/Data/Nhanes/Public/2011/DataFiles/CMV_G.htm,https://wwwn.cdc.gov/Nchs/Data/Nhanes/Public/2011/DataFiles/CMV_G.xpt
2011-2012,2011,laboratory,DEET and Metabolites,DEET_G,https://wwwn.cdc.gov/Nchs/Data/Nhanes/Public/2011/DataFiles/DEET_G.htm,https://wwwn.cdc.gov/Nchs/Data/Nhanes/Public/2011/DataFiles/DEET_G.xpt
2011-2012,2011,laboratory,"Enterovirus D68 (EV-D68) - Serum (Surplus)
					SSEVD_G Doc
				
					SSEVD_G Data [XPT - 81.3 KB]
				
					Withdrawn
				
			
				Environmental Phenols & Parabens",EPH_G,https://wwwn.cdc.gov/Nchs/Data/Nhanes/Public/2011/DataFiles/EPH_G.htm,https://wwwn.cdc.gov/Nchs/Data/Nhanes/Public/2011/DataFiles/EPH_G.xpt
2011-2012,2011,laboratory,Fasting Questionnaire,FASTQX_G,https://wwwn.cdc.gov/Nchs/Data/Nhanes/Public/2011/DataFiles/FASTQX_G.htm,https://wwwn.cdc.gov/Nchs/Data/Nhanes/Public/2011/DataFiles/FASTQX_G.xpt
2011-2012,2011,laboratory,Fatty Acids - Serum,FAS_G,https://wwwn.cdc.gov/Nchs/Data/Nhanes/Public/2011/DataFiles/FAS_G.htm,https://wwwn.cdc.gov/Nchs/Data/Nhanes/Public/2011/DataFiles/FAS_G.xpt
2011-2012,2011,laboratory,Flame Retardants - Urine  (Surplus),SSFR_G,https://wwwn.cdc.gov/Nchs/Data/Nhanes/Public/2011/DataFiles/SSFR_G.htm,https://wwwn.cdc.gov/Nchs/Data/Nhanes/Public/2011/DataFiles/SSFR_G.xpt
2011-2012,2011,laboratory,Folate - RBC,FOLATE_G,https://wwwn.cdc.gov/Nchs/Data/Nhanes/Public/2011/DataFiles/FOLATE_G.htm,https://wwwn.cdc.gov/Nchs/Data/Nhanes/Public/2011/DataFiles/FOLATE_G.xpt
2011-2012,2011,laboratory,Folate Forms - Total & Individual - Serum,FOLFMS_G,https://wwwn.cdc.gov/Nchs/Data/Nhanes/Public/2011/DataFiles/FOLFMS_G.htm,https://wwwn.cdc.gov/Nchs/Data/Nhanes/Public/2011/DataFiles/FOLFMS_G.xpt
2011-2012,2011,laboratory,Glycohemoglobin,GHB_G,https://wwwn.cdc.gov/Nchs/Data/Nhanes/Public/2011/DataFiles/GHB_G.htm,https://wwwn.cdc.gov/Nchs/Data/Nhanes/Public/2011/DataFiles/GHB_G.xpt
2011-2012,2011,laboratory,Hepatitis A Antibody,HEPA_G,https://wwwn.cdc.gov/Nchs/Data/Nhanes/Public/2011/DataFiles/HEPA_G.htm,https://wwwn.cdc.gov/Nchs/Data/Nhanes/Public/2011/DataFiles/HEPA_G.xpt
2011-2012,2011,laboratory,Hepatitis B Surface Antibody,HEPB_S_G,https://wwwn.cdc.gov/Nchs/Data/Nhanes/Public/2011/DataFiles/HEPB_S_G.htm,https://wwwn.cdc.gov/Nchs/Data/Nhanes/Public/2011/DataFiles/HEPB_S_G.xpt
2011-2012,2011,laboratory,"Hepatitis B: Core antibody, Surface antigen, and Hepatitis D: antibody",HEPBD_G,https://wwwn.cdc.gov/Nchs/Data/Nhanes/Public/2011/DataFiles/HEPBD_G.htm,https://wwwn.cdc.gov/Nchs/Data/Nhanes/Public/2011/DataFiles/HEPBD_G.xpt
2011-2012,2011,laboratory,Hepatitis C Antibody Reflex Testing - Serum (Surplus),SSHCV_E,https://wwwn.cdc.gov/Nchs/Data/Nhanes/Public/2007/DataFiles/SSHCV_E.htm,https://wwwn.cdc.gov/Nchs/Data/Nhanes/Public/2007/DataFiles/SSHCV_E.xpt
2011-2012,2011,laboratory,"Hepatitis C: Confirmed Antibody, RNA (HCV-RNA), & Genotype",HEPC_G,https://wwwn.cdc.gov/Nchs/Data/Nhanes/Public/2011/DataFiles/HEPC_G.htm,https://wwwn.cdc.gov/Nchs/Data/Nhanes/Public/2011/DataFiles/HEPC_G.xpt
2011-2012,2011,laboratory,Hepatitis E : IgG & IgM Antibodies,HEPE_G,https://wwwn.cdc.gov/Nchs/Data/Nhanes/Public/2011/DataFiles/HEPE_G.htm,https://wwwn.cdc.gov/Nchs/Data/Nhanes/Public/2011/DataFiles/HEPE_G.xpt
2011-2012,2011,laboratory,Herpes Simplex Virus Type-1 & Type-2,HSV_G,https://wwwn.cdc.gov/Nchs/Data/Nhanes/Public/2011/DataFiles/HSV_G.htm,https://wwwn.cdc.gov/Nchs/Data/Nhanes/Public/2011/DataFiles/HSV_G.xpt
2011-2012,2011,laboratory,HIV Antibody Test,HIV_G,https://wwwn.cdc.gov/Nchs/Data/Nhanes/Public/2011/DataFiles/HIV_G.htm,https://wwwn.cdc.gov/Nchs/Data/Nhanes/Public/2011/DataFiles/HIV_G.xpt
2011-2012,2011,laboratory,Holotranscobalamin – Serum (Surplus),SSHOLO_G,https://wwwn.cdc.gov/Nchs/Data/Nhanes/Public/2011/DataFiles/SSHOLO_G.htm,https://wwwn.cdc.gov/Nchs/Data/Nhanes/Public/2011/DataFiles/SSHOLO_G.xpt
2011-2012,2011,laboratory,Human Papillomavirus (HPV) - Oral Rinse,ORHPV_G,https://wwwn.cdc.gov/Nchs/Data/Nhanes/Public/2011/DataFiles/ORHPV_G.htm,https://wwwn.cdc.gov/Nchs/Data/Nhanes/Public/2011/DataFiles/ORHPV_G.xpt
2011-2012,2011,laboratory,Human Papillomavirus (HPV) DNA - Vaginal Swab: Digene Hybrid Capture & Roche Linear Array,HPVSWR_G,https://wwwn.cdc.gov/Nchs/Data/Nhanes/Public/2011/DataFiles/HPVSWR_G.htm,https://wwwn.cdc.gov/Nchs/Data/Nhanes/Public/2011/DataFiles/HPVSWR_G.xpt
2011-2012,2011,laboratory,Iodine - Urine,UIO_G,https://wwwn.cdc.gov/Nchs/Data/Nhanes/Public/2011/DataFiles/UIO_G.htm,https://wwwn.cdc.gov/Nchs/Data/Nhanes/Public/2011/DataFiles/UIO_G.xpt
2011-2012,2011,laboratory,Klotho - Serum (Surplus),SSKL_G,https://wwwn.cdc.gov/Nchs/Data/Nhanes/Public/2011/DataFiles/SSKL_G.htm,https://wwwn.cdc.gov/Nchs/Data/Nhanes/Public/2011/DataFiles/SSKL_G.xpt
2011-2012,2011,laboratory,Mercury: Inorganic - Urine,UHG_G,https://wwwn.cdc.gov/Nchs/Data/Nhanes/Public/2011/DataFiles/UHG_G.htm,https://wwwn.cdc.gov/Nchs/Data/Nhanes/Public/2011/DataFiles/UHG_G.xpt
2011-2012,2011,laboratory,"Mercury: Inorganic, Ethyl and Methyl - Blood",IHGEM_G,https://wwwn.cdc.gov/Nchs/Data/Nhanes/Public/2011/DataFiles/IHGEM_G.htm,https://wwwn.cdc.gov/Nchs/Data/Nhanes/Public/2011/DataFiles/IHGEM_G.xpt
2011-2012,2011,laboratory,Metals - Urine,UHM_G,https://wwwn.cdc.gov/Nchs/Data/Nhanes/Public/2011/DataFiles/UHM_G.htm,https://wwwn.cdc.gov/Nchs/Data/Nhanes/Public/2011/DataFiles/UHM_G.xpt
2011-2012,2011,laboratory,Metals - Urine - Special Sample,UHMS_G,https://wwwn.cdc.gov/Nchs/Data/Nhanes/Public/2011/DataFiles/UHMS_G.htm,https://wwwn.cdc.gov/Nchs/Data/Nhanes/Public/2011/DataFiles/UHMS_G.xpt
2011-2012,2011,laboratory,Methylmalonic Acid,MMA_G,https://wwwn.cdc.gov/Nchs/Data/Nhanes/Public/2011/DataFiles/MMA_G.htm,https://wwwn.cdc.gov/Nchs/Data/Nhanes/Public/2011/DataFiles/MMA_G.xpt
2011-2012,2011,laboratory,Non-dioxin-like Polychlorinated Biphenyls & Mono-ortho-substituted Polychlorinated Biphenyls - Pooled Samples,PCBPOL_G,https://wwwn.cdc.gov/Nchs/Data/Nhanes/Public/2011/DataFiles/PCBPOL_G.htm,https://wwwn.cdc.gov/Nchs/Data/Nhanes/Public/2011/DataFiles/PCBPOL_G.xpt
2011-2012,2011,laboratory,Oral Glucose Tolerance Test,OGTT_G,https://wwwn.cdc.gov/Nchs/Data/Nhanes/Public/2011/DataFiles/OGTT_G.htm,https://wwwn.cdc.gov/Nchs/Data/Nhanes/Public/2011/DataFiles/OGTT_G.xpt
2011-2012,2011,laboratory,"Oral Microbiome Project
					All Years Doc
				
					All Years Data
				
					October 2022
				
			
				Organophosphate Insecticides - Dialkyl Phosphate Metabolites - Urine",OPD_G,https://wwwn.cdc.gov/Nchs/Data/Nhanes/Public/2011/DataFiles/OPD_G.htm,https://wwwn.cdc.gov/Nchs/Data/Nhanes/Public/2011/DataFiles/OPD_G.xpt
2011-2012,2011,laboratory,Osmolality - Urine,UCOSMO_G,https://wwwn.cdc.gov/Nchs/Data/Nhanes/Public/2011/DataFiles/UCOSMO_G.htm,https://wwwn.cdc.gov/Nchs/Data/Nhanes/Public/2011/DataFiles/UCOSMO_G.xpt
2011-2012,2011,laboratory,"Perchlorate, Nitrate & Thiocyanate - Urine",PERNT_G,https://wwwn.cdc.gov/Nchs/Data/Nhanes/Public/2011/DataFiles/PERNT_G.htm,https://wwwn.cdc.gov/Nchs/Data/Nhanes/Public/2011/DataFiles/PERNT_G.xpt
2011-2012,2011,laboratory,"Perchlorate, Nitrate & Thiocyanate - Urine - Special Sample",PERNTS_G,https://wwwn.cdc.gov/Nchs/Data/Nhanes/Public/2011/DataFiles/PERNTS_G.htm,https://wwwn.cdc.gov/Nchs/Data/Nhanes/Public/2011/DataFiles/PERNTS_G.xpt
2011-2012,2011,laboratory,Pesticides - Environmental - Urine,PP_G,https://wwwn.cdc.gov/Nchs/Data/Nhanes/Public/2011/DataFiles/PP_G.htm,https://wwwn.cdc.gov/Nchs/Data/Nhanes/Public/2011/DataFiles/PP_G.xpt
2011-2012,2011,laboratory,Pesticides - Organochlorine Pesticides - Pooled Samples,PSTPOL_G,https://wwwn.cdc.gov/Nchs/Data/Nhanes/Public/2011/DataFiles/PSTPOL_G.htm,https://wwwn.cdc.gov/Nchs/Data/Nhanes/Public/2011/DataFiles/PSTPOL_G.xpt
2011-2012,2011,laboratory,Phthalates & Plasticizers Metabolites - Urine,PHTHTE_G,https://wwwn.cdc.gov/Nchs/Data/Nhanes/Public/2011/DataFiles/PHTHTE_G.htm,https://wwwn.cdc.gov/Nchs/Data/Nhanes/Public/2011/DataFiles/PHTHTE_G.xpt
2011-2012,2011,laboratory,Plasma Fasting Glucose & Insulin,GLU_G,https://wwwn.cdc.gov/Nchs/Data/Nhanes/Public/2011/DataFiles/GLU_G.htm,https://wwwn.cdc.gov/Nchs/Data/Nhanes/Public/2011/DataFiles/GLU_G.xpt
2011-2012,2011,laboratory,Polyaromatic Hydrocarbons (PAHs) - Urine,PAH_G,https://wwwn.cdc.gov/Nchs/Data/Nhanes/Public/2011/DataFiles/PAH_G.htm,https://wwwn.cdc.gov/Nchs/Data/Nhanes/Public/2011/DataFiles/PAH_G.xpt
2011-2012,2011,laboratory,Polyaromatic Hydrocarbons (PAHs)- Urine - Special Sample,PAHS_G,https://wwwn.cdc.gov/Nchs/Data/Nhanes/Public/2011/DataFiles/PAHS_G.htm,https://wwwn.cdc.gov/Nchs/Data/Nhanes/Public/2011/DataFiles/PAHS_G.xpt
2011-2012,2011,laboratory,"Polychlorinated dibenzo-p-dioxins (PCDDs), Dibenzofurans (PCDFs) & Coplanar Polychlorinated Biphenyls (cPCBs) - Pooled Samples",DOXPOL_G,https://wwwn.cdc.gov/Nchs/Data/Nhanes/Public/2011/DataFiles/DOXPOL_G.htm,https://wwwn.cdc.gov/Nchs/Data/Nhanes/Public/2011/DataFiles/DOXPOL_G.xpt
2011-2012,2011,laboratory,Polyfluoroalkyl Chemicals,PFC_G,https://wwwn.cdc.gov/Nchs/Data/Nhanes/Public/2011/DataFiles/PFC_G.htm,https://wwwn.cdc.gov/Nchs/Data/Nhanes/Public/2011/DataFiles/PFC_G.xpt
2011-2012,2011,laboratory,Pooled-Sample Technical Support File,POOLTF_G,https://wwwn.cdc.gov/Nchs/Data/Nhanes/Public/2011/DataFiles/POOLTF_G.htm,https://wwwn.cdc.gov/Nchs/Data/Nhanes/Public/2011/DataFiles/POOLTF_G.xpt
2011-2012,2011,laboratory,Pregnancy Test - Urine,UCPREG_G,https://wwwn.cdc.gov/Nchs/Data/Nhanes/Public/2011/DataFiles/UCPREG_G.htm,https://wwwn.cdc.gov/Nchs/Data/Nhanes/Public/2011/DataFiles/UCPREG_G.xpt
2011-2012,2011,laboratory,"Pyrethroids, Herbicides, & Organophosphorus Metabolites - Urine",UPHOPM_G,https://wwwn.cdc.gov/Nchs/Data/Nhanes/Public/2011/DataFiles/UPHOPM_G.htm,https://wwwn.cdc.gov/Nchs/Data/Nhanes/Public/2011/DataFiles/UPHOPM_G.xpt
2011-2012,2011,laboratory,Standard Biochemistry Profile,BIOPRO_G,https://wwwn.cdc.gov/Nchs/Data/Nhanes/Public/2011/DataFiles/BIOPRO_G.htm,https://wwwn.cdc.gov/Nchs/Data/Nhanes/Public/2011/DataFiles/BIOPRO_G.xpt
2011-2012,2011,laboratory,Thyroid Profile,THYROD_G,https://wwwn.cdc.gov/Nchs/Data/Nhanes/Public/2011/DataFiles/THYROD_G.htm,https://wwwn.cdc.gov/Nchs/Data/Nhanes/Public/2011/DataFiles/THYROD_G.xpt
2011-2012,2011,laboratory,Tissue Transglutaminase Assay (IgA-TTG) & IgA Endomyseal Antibody Assay (IgA EMA),TGEMA_G,https://wwwn.cdc.gov/Nchs/Data/Nhanes/Public/2011/DataFiles/TGEMA_G.htm,https://wwwn.cdc.gov/Nchs/Data/Nhanes/Public/2011/DataFiles/TGEMA_G.xpt
2011-2012,2011,laboratory,Total Testosterone,TST_G,https://wwwn.cdc.gov/Nchs/Data/Nhanes/Public/2011/DataFiles/TST_G.htm,https://wwwn.cdc.gov/Nchs/Data/Nhanes/Public/2011/DataFiles/TST_G.xpt
2011-2012,2011,laboratory,Toxoplasma gondii Antibody - Serum (Surplus),SSTOXO_G,https://wwwn.cdc.gov/Nchs/Data/Nhanes/Public/2011/DataFiles/SSTOXO_G.htm,https://wwwn.cdc.gov/Nchs/Data/Nhanes/Public/2011/DataFiles/SSTOXO_G.xpt
2011-2012,2011,laboratory,Tuberculosis - Quantiferon_In_Gold,TB_G,https://wwwn.cdc.gov/Nchs/Data/Nhanes/Public/2011/DataFiles/TB_G.htm,https://wwwn.cdc.gov/Nchs/Data/Nhanes/Public/2011/DataFiles/TB_G.xpt
2011-2012,2011,laboratory,Urine Flow Rate,UCFLOW_G,https://wwwn.cdc.gov/Nchs/Data/Nhanes/Public/2011/DataFiles/UCFLOW_G.htm,https://wwwn.cdc.gov/Nchs/Data/Nhanes/Public/2011/DataFiles/UCFLOW_G.xpt
2011-2012,2011,laboratory,Vitamin B12,VITB12_G,https://wwwn.cdc.gov/Nchs/Data/Nhanes/Public/2011/DataFiles/VITB12_G.htm,https://wwwn.cdc.gov/Nchs/Data/Nhanes/Public/2011/DataFiles/VITB12_G.xpt
2011-2012,2011,laboratory,Vitamin D,VID_G,https://wwwn.cdc.gov/Nchs/Data/Nhanes/Public/2011/DataFiles/VID_G.htm,https://wwwn.cdc.gov/Nchs/Data/Nhanes/Public/2011/DataFiles/VID_G.xpt
2011-2012,2011,laboratory,Volatile Organic Compound (VOC) Metabolites - Urine,UVOC_G,https://wwwn.cdc.gov/Nchs/Data/Nhanes/Public/2011/DataFiles/UVOC_G.htm,https://wwwn.cdc.gov/Nchs/Data/Nhanes/Public/2011/DataFiles/UVOC_G.xpt
2011-2012,2011,laboratory,Volatile Organic Compound (VOC) Metabolites - Urine - Special Sample,UVOCS_G,https://wwwn.cdc.gov/Nchs/Data/Nhanes/Public/2011/DataFiles/UVOCS_G.htm,https://wwwn.cdc.gov/Nchs/Data/Nhanes/Public/2011/DataFiles/UVOCS_G.xpt
2011-2012,2011,laboratory,Volatile Organic Compounds (VOCs) - Blood,VOCWB_G,https://wwwn.cdc.gov/Nchs/Data/Nhanes/Public/2011/DataFiles/VOCWB_G.htm,https://wwwn.cdc.gov/Nchs/Data/Nhanes/Public/2011/DataFiles/VOCWB_G.xpt
2011-2012,2011,laboratory,Volatile Organic Compounds (VOCs) - Trihalomethanes/MTBE/Nitromethane - Blood,VOCMWB_G,https://wwwn.cdc.gov/Nchs/Data/Nhanes/Public/2011/DataFiles/VOCMWB_G.htm,https://wwwn.cdc.gov/Nchs/Data/Nhanes/Public/2011/DataFiles/VOCMWB_G.xpt
2011-2012,2011,questionnaire,Acculturation,ACQ_G,https://wwwn.cdc.gov/Nchs/Data/Nhanes/Public/2011/DataFiles/ACQ_G.htm,https://wwwn.cdc.gov/Nchs/Data/Nhanes/Public/2011/DataFiles/ACQ_G.xpt
2011-2012,2011,questionnaire,Alcohol Use,ALQ_G,https://wwwn.cdc.gov/Nchs/Data/Nhanes/Public/2011/DataFiles/ALQ_G.htm,https://wwwn.cdc.gov/Nchs/Data/Nhanes/Public/2011/DataFiles/ALQ_G.xpt
2011-2012,2011,questionnaire,Audiometry,AUQ_G,https://wwwn.cdc.gov/Nchs/Data/Nhanes/Public/2011/DataFiles/AUQ_G.htm,https://wwwn.cdc.gov/Nchs/Data/Nhanes/Public/2011/DataFiles/AUQ_G.xpt
2011-2012,2011,questionnaire,Blood Pressure & Cholesterol,BPQ_G,https://wwwn.cdc.gov/Nchs/Data/Nhanes/Public/2011/DataFiles/BPQ_G.htm,https://wwwn.cdc.gov/Nchs/Data/Nhanes/Public/2011/DataFiles/BPQ_G.xpt
2011-2012,2011,questionnaire,Cardiovascular Health,CDQ_G,https://wwwn.cdc.gov/Nchs/Data/Nhanes/Public/2011/DataFiles/CDQ_G.htm,https://wwwn.cdc.gov/Nchs/Data/Nhanes/Public/2011/DataFiles/CDQ_G.xpt
2011-2012,2011,questionnaire,Cognitive Functioning,CFQ_G,https://wwwn.cdc.gov/Nchs/Data/Nhanes/Public/2011/DataFiles/CFQ_G.htm,https://wwwn.cdc.gov/Nchs/Data/Nhanes/Public/2011/DataFiles/CFQ_G.xpt
2011-2012,2011,questionnaire,Consumer Behavior,CBQ_G,https://wwwn.cdc.gov/Nchs/Data/Nhanes/Public/2011/DataFiles/CBQ_G.htm,https://wwwn.cdc.gov/Nchs/Data/Nhanes/Public/2011/DataFiles/CBQ_G.xpt
2011-2012,2011,questionnaire,Creatine Kinase,CKQ_G,https://wwwn.cdc.gov/Nchs/Data/Nhanes/Public/2011/DataFiles/CKQ_G.htm,https://wwwn.cdc.gov/Nchs/Data/Nhanes/Public/2011/DataFiles/CKQ_G.xpt
2011-2012,2011,questionnaire,Current Health Status,HSQ_G,https://wwwn.cdc.gov/Nchs/Data/Nhanes/Public/2011/DataFiles/HSQ_G.htm,https://wwwn.cdc.gov/Nchs/Data/Nhanes/Public/2011/DataFiles/HSQ_G.xpt
2011-2012,2011,questionnaire,Dermatology,DEQ_G,https://wwwn.cdc.gov/Nchs/Data/Nhanes/Public/2011/DataFiles/DEQ_G.htm,https://wwwn.cdc.gov/Nchs/Data/Nhanes/Public/2011/DataFiles/DEQ_G.xpt
2011-2012,2011,questionnaire,Diabetes,DIQ_G,https://wwwn.cdc.gov/Nchs/Data/Nhanes/Public/2011/DataFiles/DIQ_G.htm,https://wwwn.cdc.gov/Nchs/Data/Nhanes/Public/2011/DataFiles/DIQ_G.xpt
2011-2012,2011,questionnaire,Diet Behavior & Nutrition,DBQ_G,https://wwwn.cdc.gov/Nchs/Data/Nhanes/Public/2011/DataFiles/DBQ_G.htm,https://wwwn.cdc.gov/Nchs/Data/Nhanes/Public/2011/DataFiles/DBQ_G.xpt
2011-2012,2011,questionnaire,Drug Use,DUQ_G,https://wwwn.cdc.gov/Nchs/Data/Nhanes/Public/2011/DataFiles/DUQ_G.htm,https://wwwn.cdc.gov/Nchs/Data/Nhanes/Public/2011/DataFiles/DUQ_G.xpt
2011-2012,2011,questionnaire,Early Childhood,ECQ_G,https://wwwn.cdc.gov/Nchs/Data/Nhanes/Public/2011/DataFiles/ECQ_G.htm,https://wwwn.cdc.gov/Nchs/Data/Nhanes/Public/2011/DataFiles/ECQ_G.xpt
2011-2012,2011,questionnaire,Food Security,FSQ_G,https://wwwn.cdc.gov/Nchs/Data/Nhanes/Public/2011/DataFiles/FSQ_G.htm,https://wwwn.cdc.gov/Nchs/Data/Nhanes/Public/2011/DataFiles/FSQ_G.xpt
2011-2012,2011,questionnaire,Health Insurance,HIQ_G,https://wwwn.cdc.gov/Nchs/Data/Nhanes/Public/2011/DataFiles/HIQ_G.htm,https://wwwn.cdc.gov/Nchs/Data/Nhanes/Public/2011/DataFiles/HIQ_G.xpt
2011-2012,2011,questionnaire,Hepatitis C Follow Up,HCQ_G,https://wwwn.cdc.gov/Nchs/Data/Nhanes/Public/2011/DataFiles/HCQ_G.htm,https://wwwn.cdc.gov/Nchs/Data/Nhanes/Public/2011/DataFiles/HCQ_G.xpt
2011-2012,2011,questionnaire,Hospital Utilization & Access to Care,HUQ_G,https://wwwn.cdc.gov/Nchs/Data/Nhanes/Public/2011/DataFiles/HUQ_G.htm,https://wwwn.cdc.gov/Nchs/Data/Nhanes/Public/2011/DataFiles/HUQ_G.xpt
2011-2012,2011,questionnaire,Housing Characteristics,HOQ_G,https://wwwn.cdc.gov/Nchs/Data/Nhanes/Public/2011/DataFiles/HOQ_G.htm,https://wwwn.cdc.gov/Nchs/Data/Nhanes/Public/2011/DataFiles/HOQ_G.xpt
2011-2012,2011,questionnaire,Immunization,IMQ_G,https://wwwn.cdc.gov/Nchs/Data/Nhanes/Public/2011/DataFiles/IMQ_G.htm,https://wwwn.cdc.gov/Nchs/Data/Nhanes/Public/2011/DataFiles/IMQ_G.xpt
2011-2012,2011,questionnaire,Income,INQ_G,https://wwwn.cdc.gov/Nchs/Data/Nhanes/Public/2011/DataFiles/INQ_G.htm,https://wwwn.cdc.gov/Nchs/Data/Nhanes/Public/2011/DataFiles/INQ_G.xpt
2011-2012,2011,questionnaire,Kidney Conditions - Urology,KIQ_U_G,https://wwwn.cdc.gov/Nchs/Data/Nhanes/Public/2011/DataFiles/KIQ_U_G.htm,https://wwwn.cdc.gov/Nchs/Data/Nhanes/Public/2011/DataFiles/KIQ_U_G.xpt
2011-2012,2011,questionnaire,Medical Conditions,MCQ_G,https://wwwn.cdc.gov/Nchs/Data/Nhanes/Public/2011/DataFiles/MCQ_G.htm,https://wwwn.cdc.gov/Nchs/Data/Nhanes/Public/2011/DataFiles/MCQ_G.xpt
2011-2012,2011,questionnaire,Mental Health - Depression Screener,DPQ_G,https://wwwn.cdc.gov/Nchs/Data/Nhanes/Public/2011/DataFiles/DPQ_G.htm,https://wwwn.cdc.gov/Nchs/Data/Nhanes/Public/2011/DataFiles/DPQ_G.xpt
2011-2012,2011,questionnaire,Occupation,OCQ_G,https://wwwn.cdc.gov/Nchs/Data/Nhanes/Public/2011/DataFiles/OCQ_G.htm,https://wwwn.cdc.gov/Nchs/Data/Nhanes/Public/2011/DataFiles/OCQ_G.xpt
2011-2012,2011,questionnaire,Oral Health,OHQ_G,https://wwwn.cdc.gov/Nchs/Data/Nhanes/Public/2011/DataFiles/OHQ_G.htm,https://wwwn.cdc.gov/Nchs/Data/Nhanes/Public/2011/DataFiles/OHQ_G.xpt
2011-2012,2011,questionnaire,Pesticide Use,PUQMEC_G,https://wwwn.cdc.gov/Nchs/Data/Nhanes/Public/2011/DataFiles/PUQMEC_G.htm,https://wwwn.cdc.gov/Nchs/Data/Nhanes/Public/2011/DataFiles/PUQMEC_G.xpt
2011-2012,2011,questionnaire,Physical Activity,PAQ_G,https://wwwn.cdc.gov/Nchs/Data/Nhanes/Public/2011/DataFiles/PAQ_G.htm,https://wwwn.cdc.gov/Nchs/Data/Nhanes/Public/2011/DataFiles/PAQ_G.xpt
2011-2012,2011,questionnaire,Physical Functioning,PFQ_G,https://wwwn.cdc.gov/Nchs/Data/Nhanes/Public/2011/DataFiles/PFQ_G.htm,https://wwwn.cdc.gov/Nchs/Data/Nhanes/Public/2011/DataFiles/PFQ_G.xpt
2011-2012,2011,questionnaire,Prescription Medications,RXQ_RX_G,https://wwwn.cdc.gov/Nchs/Data/Nhanes/Public/2011/DataFiles/RXQ_RX_G.htm,https://wwwn.cdc.gov/Nchs/Data/Nhanes/Public/2011/DataFiles/RXQ_RX_G.xpt
2011-2012,2011,questionnaire,Prescription Medications - Drug Information,RXQ_DRUG,https://wwwn.cdc.gov/Nchs/Data/Nhanes/Public/1988/DataFiles/RXQ_DRUG.htm,https://wwwn.cdc.gov/Nchs/Data/Nhanes/Public/1988/DataFiles/RXQ_DRUG.xpt
2011-2012,2011,questionnaire,Preventive Aspirin Use,RXQASA_G,https://wwwn.cdc.gov/Nchs/Data/Nhanes/Public/2011/DataFiles/RXQASA_G.htm,https://wwwn.cdc.gov/Nchs/Data/Nhanes/Public/2011/DataFiles/RXQASA_G.xpt
2011-2012,2011,questionnaire,Reproductive Health,RHQ_G,https://wwwn.cdc.gov/Nchs/Data/Nhanes/Public/2011/DataFiles/RHQ_G.htm,https://wwwn.cdc.gov/Nchs/Data/Nhanes/Public/2011/DataFiles/RHQ_G.xpt
2011-2012,2011,questionnaire,Respiratory Health,RDQ_G,https://wwwn.cdc.gov/Nchs/Data/Nhanes/Public/2011/DataFiles/RDQ_G.htm,https://wwwn.cdc.gov/Nchs/Data/Nhanes/Public/2011/DataFiles/RDQ_G.xpt
2011-2012,2011,questionnaire,Sexual Behavior,SXQ_G,https://wwwn.cdc.gov/Nchs/Data/Nhanes/Public/2011/DataFiles/SXQ_G.htm,https://wwwn.cdc.gov/Nchs/Data/Nhanes/Public/2011/DataFiles/SXQ_G.xpt
2011-2012,2011,questionnaire,Sleep Disorders,SLQ_G,https://wwwn.cdc.gov/Nchs/Data/Nhanes/Public/2011/DataFiles/SLQ_G.htm,https://wwwn.cdc.gov/Nchs/Data/Nhanes/Public/2011/DataFiles/SLQ_G.xpt
2011-2012,2011,questionnaire,Smoking - Cigarette Use,SMQ_G,https://wwwn.cdc.gov/Nchs/Data/Nhanes/Public/2011/DataFiles/SMQ_G.htm,https://wwwn.cdc.gov/Nchs/Data/Nhanes/Public/2011/DataFiles/SMQ_G.xpt
2011-2012,2011,questionnaire,Smoking - Household Smokers,SMQFAM_G,https://wwwn.cdc.gov/Nchs/Data/Nhanes/Public/2011/DataFiles/SMQFAM_G.htm,https://wwwn.cdc.gov/Nchs/Data/Nhanes/Public/2011/DataFiles/SMQFAM_G.xpt
2011-2012,2011,questionnaire,Smoking - Recent Tobacco Use,SMQRTU_G,https://wwwn.cdc.gov/Nchs/Data/Nhanes/Public/2011/DataFiles/SMQRTU_G.htm,https://wwwn.cdc.gov/Nchs/Data/Nhanes/Public/2011/DataFiles/SMQRTU_G.xpt
2011-2012,2011,questionnaire,Taste & Smell,CSQ_G,https://wwwn.cdc.gov/Nchs/Data/Nhanes/Public/2011/DataFiles/CSQ_G.htm,https://wwwn.cdc.gov/Nchs/Data/Nhanes/Public/2011/DataFiles/CSQ_G.xpt
2011-2012,2011,questionnaire,Tuberculosis,TBQ_G,https://wwwn.cdc.gov/Nchs/Data/Nhanes/Public/2011/DataFiles/TBQ_G.htm,https://wwwn.cdc.gov/Nchs/Data/Nhanes/Public/2011/DataFiles/TBQ_G.xpt
2011-2012,2011,questionnaire,Volatile Toxicant,VTQ_G,https://wwwn.cdc.gov/Nchs/Data/Nhanes/Public/2011/DataFiles/VTQ_G.htm,https://wwwn.cdc.gov/Nchs/Data/Nhanes/Public/2011/DataFiles/VTQ_G.xpt
2011-2012,2011,questionnaire,Weight History,WHQ_G,https://wwwn.cdc.gov/Nchs/Data/Nhanes/Public/2011/DataFiles/WHQ_G.htm,https://wwwn.cdc.gov/Nchs/Data/Nhanes/Public/2011/DataFiles/WHQ_G.xpt
2011-2012,2011,questionnaire,Weight History - Youth,WHQMEC_G,https://wwwn.cdc.gov/Nchs/Data/Nhanes/Public/2011/DataFiles/WHQMEC_G.htm,https://wwwn.cdc.gov/Nchs/Data/Nhanes/Public/2011/DataFiles/WHQMEC_G.xpt
2013-2014,2013,demographics,Demographic Variables and Sample Weights,DEMO_H,https://wwwn.cdc.gov/Nchs/Data/Nhanes/Public/2013/DataFiles/DEMO_H.htm,https://wwwn.cdc.gov/Nchs/Data/Nhanes/Public/2013/DataFiles/DEMO_H.xpt
2013-2014,2013,dietary,"Dietary Interview - Individual Foods, First Day",DR1IFF_H,https://wwwn.cdc.gov/Nchs/Data/Nhanes/Public/2013/DataFiles/DR1IFF_H.htm,https://wwwn.cdc.gov/Nchs/Data/Nhanes/Public/2013/DataFiles/DR1IFF_H.xpt
2013-2014,2013,dietary,"Dietary Interview - Individual Foods, Second Day",DR2IFF_H,https://wwwn.cdc.gov/Nchs/Data/Nhanes/Public/2013/DataFiles/DR2IFF_H.htm,https://wwwn.cdc.gov/Nchs/Data/Nhanes/Public/2013/DataFiles/DR2IFF_H.xpt
2013-2014,2013,dietary,"Dietary Interview - Total Nutrient Intakes, First Day",DR1TOT_H,https://wwwn.cdc.gov/Nchs/Data/Nhanes/Public/2013/DataFiles/DR1TOT_H.htm,https://wwwn.cdc.gov/Nchs/Data/Nhanes/Public/2013/DataFiles/DR1TOT_H.xpt
2013-2014,2013,dietary,"Dietary Interview - Total Nutrient Intakes, Second Day",DR2TOT_H,https://wwwn.cdc.gov/Nchs/Data/Nhanes/Public/2013/DataFiles/DR2TOT_H.htm,https://wwwn.cdc.gov/Nchs/Data/Nhanes/Public/2013/DataFiles/DR2TOT_H.xpt
2013-2014,2013,dietary,Dietary Interview Technical Support File - Food Codes,DRXFCD_H,https://wwwn.cdc.gov/Nchs/Data/Nhanes/Public/2013/DataFiles/DRXFCD_H.htm,https://wwwn.cdc.gov/Nchs/Data/Nhanes/Public/2013/DataFiles/DRXFCD_H.xpt
2013-2014,2013,dietary,Dietary Supplement Database - Blend Information,DSBI,https://wwwn.cdc.gov/Nchs/Data/Nhanes/Public/1999/DataFiles/DSBI.htm,https://wwwn.cdc.gov/Nchs/Data/Nhanes/Public/1999/DataFiles/DSBI.xpt
2013-2014,2013,dietary,Dietary Supplement Database - Ingredient Information,DSII,https://wwwn.cdc.gov/Nchs/Data/Nhanes/Public/1999/DataFiles/DSII.htm,https://wwwn.cdc.gov/Nchs/Data/Nhanes/Public/1999/DataFiles/DSII.xpt
2013-2014,2013,dietary,Dietary Supplement Database - Product Information,DSPI,https://wwwn.cdc.gov/Nchs/Data/Nhanes/Public/1999/DataFiles/DSPI.htm,https://wwwn.cdc.gov/Nchs/Data/Nhanes/Public/1999/DataFiles/DSPI.xpt
2013-2014,2013,dietary,"Dietary Supplement Use 24-Hour - Individual Dietary Supplements, First Day",DS1IDS_H,https://wwwn.cdc.gov/Nchs/Data/Nhanes/Public/2013/DataFiles/DS1IDS_H.htm,https://wwwn.cdc.gov/Nchs/Data/Nhanes/Public/2013/DataFiles/DS1IDS_H.xpt
2013-2014,2013,dietary,"Dietary Supplement Use 24-Hour - Individual Dietary Supplements, Second Day",DS2IDS_H,https://wwwn.cdc.gov/Nchs/Data/Nhanes/Public/2013/DataFiles/DS2IDS_H.htm,https://wwwn.cdc.gov/Nchs/Data/Nhanes/Public/2013/DataFiles/DS2IDS_H.xpt
2013-2014,2013,dietary,"Dietary Supplement Use 24-Hour - Total Dietary Supplements, First Day",DS1TOT_H,https://wwwn.cdc.gov/Nchs/Data/Nhanes/Public/2013/DataFiles/DS1TOT_H.htm,https://wwwn.cdc.gov/Nchs/Data/Nhanes/Public/2013/DataFiles/DS1TOT_H.xpt
2013-2014,2013,dietary,"Dietary Supplement Use 24-Hour - Total Dietary Supplements, Second Day",DS2TOT_H,https://wwwn.cdc.gov/Nchs/Data/Nhanes/Public/2013/DataFiles/DS2TOT_H.htm,https://wwwn.cdc.gov/Nchs/Data/Nhanes/Public/2013/DataFiles/DS2TOT_H.xpt
2013-2014,2013,dietary,Dietary Supplement Use 30-Day - Individual Dietary Supplements,DSQIDS_H,https://wwwn.cdc.gov/Nchs/Data/Nhanes/Public/2013/DataFiles/DSQIDS_H.htm,https://wwwn.cdc.gov/Nchs/Data/Nhanes/Public/2013/DataFiles/DSQIDS_H.xpt
2013-2014,2013,dietary,Dietary Supplement Use 30-Day - Total Dietary Supplements,DSQTOT_H,https://wwwn.cdc.gov/Nchs/Data/Nhanes/Public/2013/DataFiles/DSQTOT_H.htm,https://wwwn.cdc.gov/Nchs/Data/Nhanes/Public/2013/DataFiles/DSQTOT_H.xpt
2013-2014,2013,examination,Blood Pressure,BPX_H,https://wwwn.cdc.gov/Nchs/Data/Nhanes/Public/2013/DataFiles/BPX_H.htm,https://wwwn.cdc.gov/Nchs/Data/Nhanes/Public/2013/DataFiles/BPX_H.xpt
2013-2014,2013,examination,Body Measures,BMX_H,https://wwwn.cdc.gov/Nchs/Data/Nhanes/Public/2013/DataFiles/BMX_H.htm,https://wwwn.cdc.gov/Nchs/Data/Nhanes/Public/2013/DataFiles/BMX_H.xpt
2013-2014,2013,examination,Dual-Energy X-ray Absorptiometry - Abdominal Aortic Calcification,DXXAAC_H,https://wwwn.cdc.gov/Nchs/Data/Nhanes/Public/2013/DataFiles/DXXAAC_H.htm,https://wwwn.cdc.gov/Nchs/Data/Nhanes/Public/2013/DataFiles/DXXAAC_H.xpt
2013-2014,2013,examination,Dual-Energy X-ray Absorptiometry - Android/Gynoid Measurements,DXXAG_H,https://wwwn.cdc.gov/Nchs/Data/Nhanes/Public/2013/DataFiles/DXXAG_H.htm,https://wwwn.cdc.gov/Nchs/Data/Nhanes/Public/2013/DataFiles/DXXAG_H.xpt
2013-2014,2013,examination,Dual-Energy X-ray Absorptiometry - Femur,DXXFEM_H,https://wwwn.cdc.gov/Nchs/Data/Nhanes/Public/2013/DataFiles/DXXFEM_H.htm,https://wwwn.cdc.gov/Nchs/Data/Nhanes/Public/2013/DataFiles/DXXFEM_H.xpt
2013-2014,2013,examination,Dual-Energy X-ray Absorptiometry - FRAX Score,DXXFRX_H,https://wwwn.cdc.gov/Nchs/Data/Nhanes/Public/2013/DataFiles/DXXFRX_H.htm,https://wwwn.cdc.gov/Nchs/Data/Nhanes/Public/2013/DataFiles/DXXFRX_H.xpt
2013-2014,2013,examination,Dual-Energy X-ray Absorptiometry - L1 Vertebrae Morphology,DXXL1_H,https://wwwn.cdc.gov/Nchs/Data/Nhanes/Public/2013/DataFiles/DXXL1_H.htm,https://wwwn.cdc.gov/Nchs/Data/Nhanes/Public/2013/DataFiles/DXXL1_H.xpt
2013-2014,2013,examination,Dual-Energy X-ray Absorptiometry - L2 Vertebrae Morphology,DXXL2_H,https://wwwn.cdc.gov/Nchs/Data/Nhanes/Public/2013/DataFiles/DXXL2_H.htm,https://wwwn.cdc.gov/Nchs/Data/Nhanes/Public/2013/DataFiles/DXXL2_H.xpt
2013-2014,2013,examination,Dual-Energy X-ray Absorptiometry - L3 Vertebrae Morphology,DXXL3_H,https://wwwn.cdc.gov/Nchs/Data/Nhanes/Public/2013/DataFiles/DXXL3_H.htm,https://wwwn.cdc.gov/Nchs/Data/Nhanes/Public/2013/DataFiles/DXXL3_H.xpt
2013-2014,2013,examination,Dual-Energy X-ray Absorptiometry - L4 Vertebrae Morphology,DXXL4_H,https://wwwn.cdc.gov/Nchs/Data/Nhanes/Public/2013/DataFiles/DXXL4_H.htm,https://wwwn.cdc.gov/Nchs/Data/Nhanes/Public/2013/DataFiles/DXXL4_H.xpt
2013-2014,2013,examination,Dual-Energy X-ray Absorptiometry - Spine,DXXSPN_H,https://wwwn.cdc.gov/Nchs/Data/Nhanes/Public/2013/DataFiles/DXXSPN_H.htm,https://wwwn.cdc.gov/Nchs/Data/Nhanes/Public/2013/DataFiles/DXXSPN_H.xpt
2013-2014,2013,examination,Dual-Energy X-ray Absorptiometry - T10 Vertebrae Morphology,DXXT10_H,https://wwwn.cdc.gov/Nchs/Data/Nhanes/Public/2013/DataFiles/DXXT10_H.htm,https://wwwn.cdc.gov/Nchs/Data/Nhanes/Public/2013/DataFiles/DXXT10_H.xpt
2013-2014,2013,examination,Dual-Energy X-ray Absorptiometry - T11 Vertebrae Morphology,DXXT11_H,https://wwwn.cdc.gov/Nchs/Data/Nhanes/Public/2013/DataFiles/DXXT11_H.htm,https://wwwn.cdc.gov/Nchs/Data/Nhanes/Public/2013/DataFiles/DXXT11_H.xpt
2013-2014,2013,examination,Dual-Energy X-ray Absorptiometry - T12 Vertebrae Morphology,DXXT12_H,https://wwwn.cdc.gov/Nchs/Data/Nhanes/Public/2013/DataFiles/DXXT12_H.htm,https://wwwn.cdc.gov/Nchs/Data/Nhanes/Public/2013/DataFiles/DXXT12_H.xpt
2013-2014,2013,examination,Dual-Energy X-ray Absorptiometry - T4 Vertebrae Morphology,DXXT4_H,https://wwwn.cdc.gov/Nchs/Data/Nhanes/Public/2013/DataFiles/DXXT4_H.htm,https://wwwn.cdc.gov/Nchs/Data/Nhanes/Public/2013/DataFiles/DXXT4_H.xpt
2013-2014,2013,examination,Dual-Energy X-ray Absorptiometry - T5 Vertebrae Morphology,DXXT5_H,https://wwwn.cdc.gov/Nchs/Data/Nhanes/Public/2013/DataFiles/DXXT5_H.htm,https://wwwn.cdc.gov/Nchs/Data/Nhanes/Public/2013/DataFiles/DXXT5_H.xpt
2013-2014,2013,examination,Dual-Energy X-ray Absorptiometry - T6 Vertebrae Morphology,DXXT6_H,https://wwwn.cdc.gov/Nchs/Data/Nhanes/Public/2013/DataFiles/DXXT6_H.htm,https://wwwn.cdc.gov/Nchs/Data/Nhanes/Public/2013/DataFiles/DXXT6_H.xpt
2013-2014,2013,examination,Dual-Energy X-ray Absorptiometry - T7 Vertebrae Morphology,DXXT7_H,https://wwwn.cdc.gov/Nchs/Data/Nhanes/Public/2013/DataFiles/DXXT7_H.htm,https://wwwn.cdc.gov/Nchs/Data/Nhanes/Public/2013/DataFiles/DXXT7_H.xpt
2013-2014,2013,examination,Dual-Energy X-ray Absorptiometry - T8 Vertebrae Morphology,DXXT8_H,https://wwwn.cdc.gov/Nchs/Data/Nhanes/Public/2013/DataFiles/DXXT8_H.htm,https://wwwn.cdc.gov/Nchs/Data/Nhanes/Public/2013/DataFiles/DXXT8_H.xpt
2013-2014,2013,examination,Dual-Energy X-ray Absorptiometry - T9 Vertebrae Morphology,DXXT9_H,https://wwwn.cdc.gov/Nchs/Data/Nhanes/Public/2013/DataFiles/DXXT9_H.htm,https://wwwn.cdc.gov/Nchs/Data/Nhanes/Public/2013/DataFiles/DXXT9_H.xpt
2013-2014,2013,examination,Dual-Energy X-ray Absorptiometry - Vertebral Fracture Assessment,DXXVFA_H,https://wwwn.cdc.gov/Nchs/Data/Nhanes/Public/2013/DataFiles/DXXVFA_H.htm,https://wwwn.cdc.gov/Nchs/Data/Nhanes/Public/2013/DataFiles/DXXVFA_H.xpt
2013-2014,2013,examination,Dual-Energy X-ray Absorptiometry - Whole Body,DXX_H,https://wwwn.cdc.gov/Nchs/Data/Nhanes/Public/2013/DataFiles/DXX_H.htm,https://wwwn.cdc.gov/Nchs/Data/Nhanes/Public/2013/DataFiles/DXX_H.xpt
2013-2014,2013,examination,Fluorosis - Clinical,FLXCLN_H,https://wwwn.cdc.gov/Nchs/Data/Nhanes/Public/2013/DataFiles/FLXCLN_H.htm,https://wwwn.cdc.gov/Nchs/Data/Nhanes/Public/2013/DataFiles/FLXCLN_H.xpt
2013-2014,2013,examination,Muscle Strength - Grip Test,MGX_H,https://wwwn.cdc.gov/Nchs/Data/Nhanes/Public/2013/DataFiles/MGX_H.htm,https://wwwn.cdc.gov/Nchs/Data/Nhanes/Public/2013/DataFiles/MGX_H.xpt
2013-2014,2013,examination,Oral Health - Dentition,OHXDEN_H,https://wwwn.cdc.gov/Nchs/Data/Nhanes/Public/2013/DataFiles/OHXDEN_H.htm,https://wwwn.cdc.gov/Nchs/Data/Nhanes/Public/2013/DataFiles/OHXDEN_H.xpt
2013-2014,2013,examination,Oral Health - Periodontal,OHXPER_H,https://wwwn.cdc.gov/Nchs/Data/Nhanes/Public/2013/DataFiles/OHXPER_H.htm,https://wwwn.cdc.gov/Nchs/Data/Nhanes/Public/2013/DataFiles/OHXPER_H.xpt
2013-2014,2013,examination,Oral Health - Recommendation of Care,OHXREF_H,https://wwwn.cdc.gov/Nchs/Data/Nhanes/Public/2013/DataFiles/OHXREF_H.htm,https://wwwn.cdc.gov/Nchs/Data/Nhanes/Public/2013/DataFiles/OHXREF_H.xpt
2013-2014,2013,examination,"Physical Activity Monitor - Ambient Light Raw Data 
					PAXLUX_H Doc
				
					PAXLUX_H Data [FTP]
				
					October 2022
				
			
				Physical Activity Monitor - Day",PAXDAY_H,https://wwwn.cdc.gov/Nchs/Data/Nhanes/Public/2013/DataFiles/PAXDAY_H.htm,https://wwwn.cdc.gov/Nchs/Data/Nhanes/Public/2013/DataFiles/PAXDAY_H.xpt
2013-2014,2013,examination,Physical Activity Monitor - Header,PAXHD_H,https://wwwn.cdc.gov/Nchs/Data/Nhanes/Public/2013/DataFiles/PAXHD_H.htm,https://wwwn.cdc.gov/Nchs/Data/Nhanes/Public/2013/DataFiles/PAXHD_H.xpt
2013-2014,2013,examination,Physical Activity Monitor - Hour,PAXHR_H,https://wwwn.cdc.gov/Nchs/Data/Nhanes/Public/2013/DataFiles/PAXHR_H.htm,https://wwwn.cdc.gov/Nchs/Data/Nhanes/Public/2013/DataFiles/PAXHR_H.xpt
2013-2014,2013,examination,Physical Activity Monitor - Minute,PAXMIN_H,https://wwwn.cdc.gov/Nchs/Data/Nhanes/Public/2013/DataFiles/PAXMIN_H.htm,https://wwwn.cdc.govhttps://ftp.cdc.gov/pub/NHANES/LargeDataFiles/PAXMIN_H.xpt
2013-2014,2013,examination,"Physical Activity Monitor - Raw Data 80hz 
					PAX80_H Doc
				
					PAX80_H Data [FTP]
				
					Updated October 2022
				
			
				Taste & Smell",CSX_H,https://wwwn.cdc.gov/Nchs/Data/Nhanes/Public/2013/DataFiles/CSX_H.htm,https://wwwn.cdc.gov/Nchs/Data/Nhanes/Public/2013/DataFiles/CSX_H.xpt
2013-2014,2013,laboratory,Acrylamide & Glycidamide,AMDGYD_H,https://wwwn.cdc.gov/Nchs/Data/Nhanes/Public/2013/DataFiles/AMDGYD_H.htm,https://wwwn.cdc.gov/Nchs/Data/Nhanes/Public/2013/DataFiles/AMDGYD_H.xpt
2013-2014,2013,laboratory,Acrylamide & Glycidamide - Special Sample,AMDGDS_H,https://wwwn.cdc.gov/Nchs/Data/Nhanes/Public/2013/DataFiles/AMDGDS_H.htm,https://wwwn.cdc.gov/Nchs/Data/Nhanes/Public/2013/DataFiles/AMDGDS_H.xpt
2013-2014,2013,laboratory,Albumin & Creatinine - Urine,ALB_CR_H,https://wwwn.cdc.gov/Nchs/Data/Nhanes/Public/2013/DataFiles/ALB_CR_H.htm,https://wwwn.cdc.gov/Nchs/Data/Nhanes/Public/2013/DataFiles/ALB_CR_H.xpt
2013-2014,2013,laboratory,Aldehydes - Serum,ALD_H,https://wwwn.cdc.gov/Nchs/Data/Nhanes/Public/2013/DataFiles/ALD_H.htm,https://wwwn.cdc.gov/Nchs/Data/Nhanes/Public/2013/DataFiles/ALD_H.xpt
2013-2014,2013,laboratory,Aldehydes - Serum - Special Sample,ALDS_H,https://wwwn.cdc.gov/Nchs/Data/Nhanes/Public/2013/DataFiles/ALDS_H.htm,https://wwwn.cdc.gov/Nchs/Data/Nhanes/Public/2013/DataFiles/ALDS_H.xpt
2013-2014,2013,laboratory,Antibody to Toxocara spp. (Surplus),SSTOCA_H,https://wwwn.cdc.gov/Nchs/Data/Nhanes/Public/2013/DataFiles/SSTOCA_H.htm,https://wwwn.cdc.gov/Nchs/Data/Nhanes/Public/2013/DataFiles/SSTOCA_H.xpt
2013-2014,2013,laboratory,Apolipoprotein B,APOB_H,https://wwwn.cdc.gov/Nchs/Data/Nhanes/Public/2013/DataFiles/APOB_H.htm,https://wwwn.cdc.gov/Nchs/Data/Nhanes/Public/2013/DataFiles/APOB_H.xpt
2013-2014,2013,laboratory,Aromatic Amines - Urine,AA_H,https://wwwn.cdc.gov/Nchs/Data/Nhanes/Public/2013/DataFiles/AA_H.htm,https://wwwn.cdc.gov/Nchs/Data/Nhanes/Public/2013/DataFiles/AA_H.xpt
2013-2014,2013,laboratory,Aromatic Amines - Urine - Special Sample,AAS_H,https://wwwn.cdc.gov/Nchs/Data/Nhanes/Public/2013/DataFiles/AAS_H.htm,https://wwwn.cdc.gov/Nchs/Data/Nhanes/Public/2013/DataFiles/AAS_H.xpt
2013-2014,2013,laboratory,Arsenic - Total - Urine,UTAS_H,https://wwwn.cdc.gov/Nchs/Data/Nhanes/Public/2013/DataFiles/UTAS_H.htm,https://wwwn.cdc.gov/Nchs/Data/Nhanes/Public/2013/DataFiles/UTAS_H.xpt
2013-2014,2013,laboratory,Arsenic - Total - Urine - Special Sample,UTASS_H,https://wwwn.cdc.gov/Nchs/Data/Nhanes/Public/2013/DataFiles/UTASS_H.htm,https://wwwn.cdc.gov/Nchs/Data/Nhanes/Public/2013/DataFiles/UTASS_H.xpt
2013-2014,2013,laboratory,Arsenics - Speciated - Urine,UAS_H,https://wwwn.cdc.gov/Nchs/Data/Nhanes/Public/2013/DataFiles/UAS_H.htm,https://wwwn.cdc.gov/Nchs/Data/Nhanes/Public/2013/DataFiles/UAS_H.xpt
2013-2014,2013,laboratory,Arsenics - Speciated - Urine - Special Sample,UASS_H,https://wwwn.cdc.gov/Nchs/Data/Nhanes/Public/2013/DataFiles/UASS_H.htm,https://wwwn.cdc.gov/Nchs/Data/Nhanes/Public/2013/DataFiles/UASS_H.xpt
2013-2014,2013,laboratory,Brominated Flame Retardants (BFRs) - Pooled Samples,BFRPOL_H,https://wwwn.cdc.gov/Nchs/Data/Nhanes/Public/2013/DataFiles/BFRPOL_H.htm,https://wwwn.cdc.gov/Nchs/Data/Nhanes/Public/2013/DataFiles/BFRPOL_H.xpt
2013-2014,2013,laboratory,Caffeine & Caffeine Metabolites - Urine,CAFE_H,https://wwwn.cdc.gov/Nchs/Data/Nhanes/Public/2013/DataFiles/CAFE_H.htm,https://wwwn.cdc.gov/Nchs/Data/Nhanes/Public/2013/DataFiles/CAFE_H.xpt
2013-2014,2013,laboratory,Chlamydia - Urine,CHLMDA_H,https://wwwn.cdc.gov/Nchs/Data/Nhanes/Public/2013/DataFiles/CHLMDA_H.htm,https://wwwn.cdc.gov/Nchs/Data/Nhanes/Public/2013/DataFiles/CHLMDA_H.xpt
2013-2014,2013,laboratory,Chlamydia Pgp3 (plasmid gene product 3) ELISA (enzyme linked immunosorbent assay) and multiplex bead array (MBA) results,SSCT_H,https://wwwn.cdc.gov/Nchs/Data/Nhanes/Public/2013/DataFiles/SSCT_H.htm,https://wwwn.cdc.gov/Nchs/Data/Nhanes/Public/2013/DataFiles/SSCT_H.xpt
2013-2014,2013,laboratory,Cholesterol - HDL,HDL_H,https://wwwn.cdc.gov/Nchs/Data/Nhanes/Public/2013/DataFiles/HDL_H.htm,https://wwwn.cdc.gov/Nchs/Data/Nhanes/Public/2013/DataFiles/HDL_H.xpt
2013-2014,2013,laboratory,Cholesterol - LDL & Triglycerides,TRIGLY_H,https://wwwn.cdc.gov/Nchs/Data/Nhanes/Public/2013/DataFiles/TRIGLY_H.htm,https://wwwn.cdc.gov/Nchs/Data/Nhanes/Public/2013/DataFiles/TRIGLY_H.xpt
2013-2014,2013,laboratory,Cholesterol - Total,TCHOL_H,https://wwwn.cdc.gov/Nchs/Data/Nhanes/Public/2013/DataFiles/TCHOL_H.htm,https://wwwn.cdc.gov/Nchs/Data/Nhanes/Public/2013/DataFiles/TCHOL_H.xpt
2013-2014,2013,laboratory,Complete Blood Count with 5-part Differential - Whole Blood,CBC_H,https://wwwn.cdc.gov/Nchs/Data/Nhanes/Public/2013/DataFiles/CBC_H.htm,https://wwwn.cdc.gov/Nchs/Data/Nhanes/Public/2013/DataFiles/CBC_H.xpt
2013-2014,2013,laboratory,"Copper, Selenium & Zinc - Serum",CUSEZN_H,https://wwwn.cdc.gov/Nchs/Data/Nhanes/Public/2013/DataFiles/CUSEZN_H.htm,https://wwwn.cdc.gov/Nchs/Data/Nhanes/Public/2013/DataFiles/CUSEZN_H.xpt
2013-2014,2013,laboratory,Cotinine and Hydroxycotinine - Serum,COT_H,https://wwwn.cdc.gov/Nchs/Data/Nhanes/Public/2013/DataFiles/COT_H.htm,https://wwwn.cdc.gov/Nchs/Data/Nhanes/Public/2013/DataFiles/COT_H.xpt
2013-2014,2013,laboratory,"Cotinine, Hydroxycotinine, & Other Nicotine Metabolites and Analogs - Urine",UCOT_H,https://wwwn.cdc.gov/Nchs/Data/Nhanes/Public/2013/DataFiles/UCOT_H.htm,https://wwwn.cdc.gov/Nchs/Data/Nhanes/Public/2013/DataFiles/UCOT_H.xpt
2013-2014,2013,laboratory,"Cotinine, Hydroxycotinine, & Other Nicotine Metabolites and Analogs - Urine - Special Sample",UCOTS_H,https://wwwn.cdc.gov/Nchs/Data/Nhanes/Public/2013/DataFiles/UCOTS_H.htm,https://wwwn.cdc.gov/Nchs/Data/Nhanes/Public/2013/DataFiles/UCOTS_H.xpt
2013-2014,2013,laboratory,DEET and Metabolites,DEET_H,https://wwwn.cdc.gov/Nchs/Data/Nhanes/Public/2013/DataFiles/DEET_H.htm,https://wwwn.cdc.gov/Nchs/Data/Nhanes/Public/2013/DataFiles/DEET_H.xpt
2013-2014,2013,laboratory,"Enterovirus D68 (EV-D68) - Serum (Surplus)
					SSEVD_H Doc
				
					SSEVD_H Data [XPT - 83.8 KB]
				
					Withdrawn
				
			
				Ethylene Oxide",ETHOX_H,https://wwwn.cdc.gov/Nchs/Data/Nhanes/Public/2013/DataFiles/ETHOX_H.htm,https://wwwn.cdc.gov/Nchs/Data/Nhanes/Public/2013/DataFiles/ETHOX_H.xpt
2013-2014,2013,laboratory,Ethylene Oxide - Special Sample,ETHOXS_H,https://wwwn.cdc.gov/Nchs/Data/Nhanes/Public/2013/DataFiles/ETHOXS_H.htm,https://wwwn.cdc.gov/Nchs/Data/Nhanes/Public/2013/DataFiles/ETHOXS_H.xpt
2013-2014,2013,laboratory,Fasting Questionnaire,FASTQX_H,https://wwwn.cdc.gov/Nchs/Data/Nhanes/Public/2013/DataFiles/FASTQX_H.htm,https://wwwn.cdc.gov/Nchs/Data/Nhanes/Public/2013/DataFiles/FASTQX_H.xpt
2013-2014,2013,laboratory,Fatty Acids - Serum,FAS_H,https://wwwn.cdc.gov/Nchs/Data/Nhanes/Public/2013/DataFiles/FAS_H.htm,https://wwwn.cdc.gov/Nchs/Data/Nhanes/Public/2013/DataFiles/FAS_H.xpt
2013-2014,2013,laboratory,Flame Retardant Metabolites - Urine (Surplus),SSFLRT_H,https://wwwn.cdc.gov/Nchs/Data/Nhanes/Public/2013/DataFiles/SSFLRT_H.htm,https://wwwn.cdc.gov/Nchs/Data/Nhanes/Public/2013/DataFiles/SSFLRT_H.xpt
2013-2014,2013,laboratory,Fluoride - Plasma,FLDEP_H,https://wwwn.cdc.gov/Nchs/Data/Nhanes/Public/2013/DataFiles/FLDEP_H.htm,https://wwwn.cdc.gov/Nchs/Data/Nhanes/Public/2013/DataFiles/FLDEP_H.xpt
2013-2014,2013,laboratory,Fluoride - Water,FLDEW_H,https://wwwn.cdc.gov/Nchs/Data/Nhanes/Public/2013/DataFiles/FLDEW_H.htm,https://wwwn.cdc.gov/Nchs/Data/Nhanes/Public/2013/DataFiles/FLDEW_H.xpt
2013-2014,2013,laboratory,Folate - RBC,FOLATE_H,https://wwwn.cdc.gov/Nchs/Data/Nhanes/Public/2013/DataFiles/FOLATE_H.htm,https://wwwn.cdc.gov/Nchs/Data/Nhanes/Public/2013/DataFiles/FOLATE_H.xpt
2013-2014,2013,laboratory,Folate Forms - Total & Individual - Serum,FOLFMS_H,https://wwwn.cdc.gov/Nchs/Data/Nhanes/Public/2013/DataFiles/FOLFMS_H.htm,https://wwwn.cdc.gov/Nchs/Data/Nhanes/Public/2013/DataFiles/FOLFMS_H.xpt
2013-2014,2013,laboratory,Formaldehyde,FORMAL_H,https://wwwn.cdc.gov/Nchs/Data/Nhanes/Public/2013/DataFiles/FORMAL_H.htm,https://wwwn.cdc.gov/Nchs/Data/Nhanes/Public/2013/DataFiles/FORMAL_H.xpt
2013-2014,2013,laboratory,Formaldehyde - Special Sample,FORMAS_H,https://wwwn.cdc.gov/Nchs/Data/Nhanes/Public/2013/DataFiles/FORMAS_H.htm,https://wwwn.cdc.gov/Nchs/Data/Nhanes/Public/2013/DataFiles/FORMAS_H.xpt
2013-2014,2013,laboratory,Glycohemoglobin,GHB_H,https://wwwn.cdc.gov/Nchs/Data/Nhanes/Public/2013/DataFiles/GHB_H.htm,https://wwwn.cdc.gov/Nchs/Data/Nhanes/Public/2013/DataFiles/GHB_H.xpt
2013-2014,2013,laboratory,Glyphosate (GLYP) - Urine,SSGLYP_H,https://wwwn.cdc.gov/Nchs/Data/Nhanes/Public/2013/DataFiles/SSGLYP_H.htm,https://wwwn.cdc.gov/Nchs/Data/Nhanes/Public/2013/DataFiles/SSGLYP_H.xpt
2013-2014,2013,laboratory,Hepatitis A,HEPA_H,https://wwwn.cdc.gov/Nchs/Data/Nhanes/Public/2013/DataFiles/HEPA_H.htm,https://wwwn.cdc.gov/Nchs/Data/Nhanes/Public/2013/DataFiles/HEPA_H.xpt
2013-2014,2013,laboratory,"Hepatitis B: Core antibody, Surface antigen, and Hepatitis D: antibody",HEPBD_H,https://wwwn.cdc.gov/Nchs/Data/Nhanes/Public/2013/DataFiles/HEPBD_H.htm,https://wwwn.cdc.gov/Nchs/Data/Nhanes/Public/2013/DataFiles/HEPBD_H.xpt
2013-2014,2013,laboratory,Hepatitis B: Surface Antibody,HEPB_S_H,https://wwwn.cdc.gov/Nchs/Data/Nhanes/Public/2013/DataFiles/HEPB_S_H.htm,https://wwwn.cdc.gov/Nchs/Data/Nhanes/Public/2013/DataFiles/HEPB_S_H.xpt
2013-2014,2013,laboratory,Hepatitis C: Confirmed Antibody (INNO-LIA),SSHEPC_H,https://wwwn.cdc.gov/Nchs/Data/Nhanes/Public/2013/DataFiles/SSHEPC_H.htm,https://wwwn.cdc.gov/Nchs/Data/Nhanes/Public/2013/DataFiles/SSHEPC_H.xpt
2013-2014,2013,laboratory,Hepatitis C: RNA (HCV-RNA) and Hepatitis C Genotype,HEPC_H,https://wwwn.cdc.gov/Nchs/Data/Nhanes/Public/2013/DataFiles/HEPC_H.htm,https://wwwn.cdc.gov/Nchs/Data/Nhanes/Public/2013/DataFiles/HEPC_H.xpt
2013-2014,2013,laboratory,Hepatitis E: IgG & IgM Antibodies,HEPE_H,https://wwwn.cdc.gov/Nchs/Data/Nhanes/Public/2013/DataFiles/HEPE_H.htm,https://wwwn.cdc.gov/Nchs/Data/Nhanes/Public/2013/DataFiles/HEPE_H.xpt
2013-2014,2013,laboratory,Herpes Simplex Virus Type-1 & Type-2,HSV_H,https://wwwn.cdc.gov/Nchs/Data/Nhanes/Public/2013/DataFiles/HSV_H.htm,https://wwwn.cdc.gov/Nchs/Data/Nhanes/Public/2013/DataFiles/HSV_H.xpt
2013-2014,2013,laboratory,Heterocyclic Aromatic Amines - Urine,HCAA_H,https://wwwn.cdc.gov/Nchs/Data/Nhanes/Public/2013/DataFiles/HCAA_H.htm,https://wwwn.cdc.gov/Nchs/Data/Nhanes/Public/2013/DataFiles/HCAA_H.xpt
2013-2014,2013,laboratory,Heterocyclic Aromatic Amines (HCAA) - Urine - Special Sample,HCAAS_H,https://wwwn.cdc.gov/Nchs/Data/Nhanes/Public/2013/DataFiles/HCAAS_H.htm,https://wwwn.cdc.gov/Nchs/Data/Nhanes/Public/2013/DataFiles/HCAAS_H.xpt
2013-2014,2013,laboratory,HIV Antibody Test,HIV_H,https://wwwn.cdc.gov/Nchs/Data/Nhanes/Public/2013/DataFiles/HIV_H.htm,https://wwwn.cdc.gov/Nchs/Data/Nhanes/Public/2013/DataFiles/HIV_H.xpt
2013-2014,2013,laboratory,Human Papillomavirus (HPV) - Oral Rinse,ORHPV_H,https://wwwn.cdc.gov/Nchs/Data/Nhanes/Public/2013/DataFiles/ORHPV_H.htm,https://wwwn.cdc.gov/Nchs/Data/Nhanes/Public/2013/DataFiles/ORHPV_H.xpt
2013-2014,2013,laboratory,Human Papillomavirus (HPV) DNA - Vaginal Swab: Roche Cobas & Roche Linear Array,HPVSWR_H,https://wwwn.cdc.gov/Nchs/Data/Nhanes/Public/2013/DataFiles/HPVSWR_H.htm,https://wwwn.cdc.gov/Nchs/Data/Nhanes/Public/2013/DataFiles/HPVSWR_H.xpt
2013-2014,2013,laboratory,Human Papillomavirus (HPV) DNA Results from Penile Swab Samples: Roche Linear Array,HPVP_H,https://wwwn.cdc.gov/Nchs/Data/Nhanes/Public/2013/DataFiles/HPVP_H.htm,https://wwwn.cdc.gov/Nchs/Data/Nhanes/Public/2013/DataFiles/HPVP_H.xpt
2013-2014,2013,laboratory,Insulin,INS_H,https://wwwn.cdc.gov/Nchs/Data/Nhanes/Public/2013/DataFiles/INS_H.htm,https://wwwn.cdc.gov/Nchs/Data/Nhanes/Public/2013/DataFiles/INS_H.xpt
2013-2014,2013,laboratory,Iodine - Urine,UIO_H,https://wwwn.cdc.gov/Nchs/Data/Nhanes/Public/2013/DataFiles/UIO_H.htm,https://wwwn.cdc.gov/Nchs/Data/Nhanes/Public/2013/DataFiles/UIO_H.xpt
2013-2014,2013,laboratory,Klotho - Serum (Surplus),SSKL_H,https://wwwn.cdc.gov/Nchs/Data/Nhanes/Public/2013/DataFiles/SSKL_H.htm,https://wwwn.cdc.gov/Nchs/Data/Nhanes/Public/2013/DataFiles/SSKL_H.xpt
2013-2014,2013,laboratory,"Lead, Cadmium, Total Mercury, Selenium, and Manganese - Blood",PBCD_H,https://wwwn.cdc.gov/Nchs/Data/Nhanes/Public/2013/DataFiles/PBCD_H.htm,https://wwwn.cdc.gov/Nchs/Data/Nhanes/Public/2013/DataFiles/PBCD_H.xpt
2013-2014,2013,laboratory,Mercury: Inorganic - Urine,UHG_H,https://wwwn.cdc.gov/Nchs/Data/Nhanes/Public/2013/DataFiles/UHG_H.htm,https://wwwn.cdc.gov/Nchs/Data/Nhanes/Public/2013/DataFiles/UHG_H.xpt
2013-2014,2013,laboratory,"Mercury: Inorganic, Ethyl and Methyl - Blood",IHGEM_H,https://wwwn.cdc.gov/Nchs/Data/Nhanes/Public/2013/DataFiles/IHGEM_H.htm,https://wwwn.cdc.gov/Nchs/Data/Nhanes/Public/2013/DataFiles/IHGEM_H.xpt
2013-2014,2013,laboratory,Metals - Urine,UM_H,https://wwwn.cdc.gov/Nchs/Data/Nhanes/Public/2013/DataFiles/UM_H.htm,https://wwwn.cdc.gov/Nchs/Data/Nhanes/Public/2013/DataFiles/UM_H.xpt
2013-2014,2013,laboratory,Metals - Urine - Special Sample,UMS_H,https://wwwn.cdc.gov/Nchs/Data/Nhanes/Public/2013/DataFiles/UMS_H.htm,https://wwwn.cdc.gov/Nchs/Data/Nhanes/Public/2013/DataFiles/UMS_H.xpt
2013-2014,2013,laboratory,Methylmalonic Acid,MMA_H,https://wwwn.cdc.gov/Nchs/Data/Nhanes/Public/2013/DataFiles/MMA_H.htm,https://wwwn.cdc.gov/Nchs/Data/Nhanes/Public/2013/DataFiles/MMA_H.xpt
2013-2014,2013,laboratory,Non-dioxin-like Polychlorinated Biphenyls & Mono-ortho-substituted Polychlorinated Biphenyls - Serum - Pooled Samples,PCBPOL_H,https://wwwn.cdc.gov/Nchs/Data/Nhanes/Public/2013/DataFiles/PCBPOL_H.htm,https://wwwn.cdc.gov/Nchs/Data/Nhanes/Public/2013/DataFiles/PCBPOL_H.xpt
2013-2014,2013,laboratory,Oral Glucose Tolerance Test,OGTT_H,https://wwwn.cdc.gov/Nchs/Data/Nhanes/Public/2013/DataFiles/OGTT_H.htm,https://wwwn.cdc.gov/Nchs/Data/Nhanes/Public/2013/DataFiles/OGTT_H.xpt
2013-2014,2013,laboratory,"Perchlorate, Nitrate & Thiocyanate - Urine",PERNT_H,https://wwwn.cdc.gov/Nchs/Data/Nhanes/Public/2013/DataFiles/PERNT_H.htm,https://wwwn.cdc.gov/Nchs/Data/Nhanes/Public/2013/DataFiles/PERNT_H.xpt
2013-2014,2013,laboratory,"Perchlorate, Nitrate & Thiocyanate - Urine - Special Sample",PERNTS_H,https://wwwn.cdc.gov/Nchs/Data/Nhanes/Public/2013/DataFiles/PERNTS_H.htm,https://wwwn.cdc.gov/Nchs/Data/Nhanes/Public/2013/DataFiles/PERNTS_H.xpt
2013-2014,2013,laboratory,Perfluoroalkyl and Polyfluoroalkyl Substances,SSPFSU_H,https://wwwn.cdc.gov/Nchs/Data/Nhanes/Public/2013/DataFiles/SSPFSU_H.htm,https://wwwn.cdc.gov/Nchs/Data/Nhanes/Public/2013/DataFiles/SSPFSU_H.xpt
2013-2014,2013,laboratory,Perfluoroalkyl and Polyfluoroalkyl Substances - Linear and Branched PFOS and PFOA Isomers (Surplus),SSPFAS_H,https://wwwn.cdc.gov/Nchs/Data/Nhanes/Public/2013/DataFiles/SSPFAS_H.htm,https://wwwn.cdc.gov/Nchs/Data/Nhanes/Public/2013/DataFiles/SSPFAS_H.xpt
2013-2014,2013,laboratory,Perfluoroalkyl and Polyfluoroalkyl Substances (formerly Polyfluoroalkyl Chemicals - PFC),PFAS_H,https://wwwn.cdc.gov/Nchs/Data/Nhanes/Public/2013/DataFiles/PFAS_H.htm,https://wwwn.cdc.gov/Nchs/Data/Nhanes/Public/2013/DataFiles/PFAS_H.xpt
2013-2014,2013,laboratory,Perfluoroalkyl and Polyfluoroalkyl Substances in US children 3-11 Years of Age,SSPFAC_H,https://wwwn.cdc.gov/Nchs/Data/Nhanes/Public/2013/DataFiles/SSPFAC_H.htm,https://wwwn.cdc.gov/Nchs/Data/Nhanes/Public/2013/DataFiles/SSPFAC_H.xpt
2013-2014,2013,laboratory,Personal Care and Consumer Product Chemicals and Metabolites,EPHPP_H,https://wwwn.cdc.gov/Nchs/Data/Nhanes/Public/2013/DataFiles/EPHPP_H.htm,https://wwwn.cdc.gov/Nchs/Data/Nhanes/Public/2013/DataFiles/EPHPP_H.xpt
2013-2014,2013,laboratory,Pesticides - Organochlorine Pesticides - Pooled Samples,PSTPOL_H,https://wwwn.cdc.gov/Nchs/Data/Nhanes/Public/2013/DataFiles/PSTPOL_H.htm,https://wwwn.cdc.gov/Nchs/Data/Nhanes/Public/2013/DataFiles/PSTPOL_H.xpt
2013-2014,2013,laboratory,Phthalates and Plasticizers Metabolites - Urine,PHTHTE_H,https://wwwn.cdc.gov/Nchs/Data/Nhanes/Public/2013/DataFiles/PHTHTE_H.htm,https://wwwn.cdc.gov/Nchs/Data/Nhanes/Public/2013/DataFiles/PHTHTE_H.xpt
2013-2014,2013,laboratory,Phthalates and Plasticizers Metabolites - Urine (Surplus),SSPHTE_H,https://wwwn.cdc.gov/Nchs/Data/Nhanes/Public/2013/DataFiles/SSPHTE_H.htm,https://wwwn.cdc.gov/Nchs/Data/Nhanes/Public/2013/DataFiles/SSPHTE_H.xpt
2013-2014,2013,laboratory,Plasma Fasting Glucose,GLU_H,https://wwwn.cdc.gov/Nchs/Data/Nhanes/Public/2013/DataFiles/GLU_H.htm,https://wwwn.cdc.gov/Nchs/Data/Nhanes/Public/2013/DataFiles/GLU_H.xpt
2013-2014,2013,laboratory,"Polychlorinated dibenzo-p-dioxins (PCDDs), Dibenzofurans (PCDFs) & Coplanar Polychlorinated Biphenyls (cPCBs) - Pooled Samples",DOXPOL_H,https://wwwn.cdc.gov/Nchs/Data/Nhanes/Public/2013/DataFiles/DOXPOL_H.htm,https://wwwn.cdc.gov/Nchs/Data/Nhanes/Public/2013/DataFiles/DOXPOL_H.xpt
2013-2014,2013,laboratory,Polycyclic Aromatic Hydrocarbons (PAH) - Urine,PAH_H,https://wwwn.cdc.gov/Nchs/Data/Nhanes/Public/2013/DataFiles/PAH_H.htm,https://wwwn.cdc.gov/Nchs/Data/Nhanes/Public/2013/DataFiles/PAH_H.xpt
2013-2014,2013,laboratory,"Polycyclic Aromatic Hydrocarbons (PAH) - Urine - Special Sample 
					PAHS_H Doc
				
					PAHS_H Data [XPT - 354.6 KB]
				
					Withdrawn
				
			
				Pooled-Sample Technical Support File",POOLTF_H,https://wwwn.cdc.gov/Nchs/Data/Nhanes/Public/2013/DataFiles/POOLTF_H.htm,https://wwwn.cdc.gov/Nchs/Data/Nhanes/Public/2013/DataFiles/POOLTF_H.xpt
2013-2014,2013,laboratory,Pregnancy Test - Urine,UCPREG_H,https://wwwn.cdc.gov/Nchs/Data/Nhanes/Public/2013/DataFiles/UCPREG_H.htm,https://wwwn.cdc.gov/Nchs/Data/Nhanes/Public/2013/DataFiles/UCPREG_H.xpt
2013-2014,2013,laboratory,"Pyrethroids, Herbicides, & Organophosphorus Metabolites - Urine",UPHOPM_H,https://wwwn.cdc.gov/Nchs/Data/Nhanes/Public/2013/DataFiles/UPHOPM_H.htm,https://wwwn.cdc.gov/Nchs/Data/Nhanes/Public/2013/DataFiles/UPHOPM_H.xpt
2013-2014,2013,laboratory,Serum Neurofilament Light Chain - Serum,SSSNFL_H,https://wwwn.cdc.gov/Nchs/Data/Nhanes/Public/2013/DataFiles/SSSNFL_H.htm,https://wwwn.cdc.gov/Nchs/Data/Nhanes/Public/2013/DataFiles/SSSNFL_H.xpt
2013-2014,2013,laboratory,Sex Steroid Hormone - Serum,TST_H,https://wwwn.cdc.gov/Nchs/Data/Nhanes/Public/2013/DataFiles/TST_H.htm,https://wwwn.cdc.gov/Nchs/Data/Nhanes/Public/2013/DataFiles/TST_H.xpt
2013-2014,2013,laboratory,Standard Biochemistry Profile,BIOPRO_H,https://wwwn.cdc.gov/Nchs/Data/Nhanes/Public/2013/DataFiles/BIOPRO_H.htm,https://wwwn.cdc.gov/Nchs/Data/Nhanes/Public/2013/DataFiles/BIOPRO_H.xpt
2013-2014,2013,laboratory,Terpenes – Serum (Surplus),SSTERP_H,https://wwwn.cdc.gov/Nchs/Data/Nhanes/Public/2013/DataFiles/SSTERP_H.htm,https://wwwn.cdc.gov/Nchs/Data/Nhanes/Public/2013/DataFiles/SSTERP_H.xpt
2013-2014,2013,laboratory,Tissue Transglutaminase Assay (IgA-TTG) & IgA Endomyseal Antibody Assay (IgA EMA),TGEMA_H,https://wwwn.cdc.gov/Nchs/Data/Nhanes/Public/2013/DataFiles/TGEMA_H.htm,https://wwwn.cdc.gov/Nchs/Data/Nhanes/Public/2013/DataFiles/TGEMA_H.xpt
2013-2014,2013,laboratory,Tobacco-specific Nitrosamines (TSNAs) - Urine,TSNA_H,https://wwwn.cdc.gov/Nchs/Data/Nhanes/Public/2013/DataFiles/TSNA_H.htm,https://wwwn.cdc.gov/Nchs/Data/Nhanes/Public/2013/DataFiles/TSNA_H.xpt
2013-2014,2013,laboratory,Toxoplasma gondii Antibody - Serum (Surplus),SSTOXO_H,https://wwwn.cdc.gov/Nchs/Data/Nhanes/Public/2013/DataFiles/SSTOXO_H.htm,https://wwwn.cdc.gov/Nchs/Data/Nhanes/Public/2013/DataFiles/SSTOXO_H.xpt
2013-2014,2013,laboratory,Trichomonas - Urine,TRICH_H,https://wwwn.cdc.gov/Nchs/Data/Nhanes/Public/2013/DataFiles/TRICH_H.htm,https://wwwn.cdc.gov/Nchs/Data/Nhanes/Public/2013/DataFiles/TRICH_H.xpt
2013-2014,2013,laboratory,Urine Flow Rate,UCFLOW_H,https://wwwn.cdc.gov/Nchs/Data/Nhanes/Public/2013/DataFiles/UCFLOW_H.htm,https://wwwn.cdc.gov/Nchs/Data/Nhanes/Public/2013/DataFiles/UCFLOW_H.xpt
2013-2014,2013,laboratory,Vitamin B12,VITB12_H,https://wwwn.cdc.gov/Nchs/Data/Nhanes/Public/2013/DataFiles/VITB12_H.htm,https://wwwn.cdc.gov/Nchs/Data/Nhanes/Public/2013/DataFiles/VITB12_H.xpt
2013-2014,2013,laboratory,Vitamin D,VID_H,https://wwwn.cdc.gov/Nchs/Data/Nhanes/Public/2013/DataFiles/VID_H.htm,https://wwwn.cdc.gov/Nchs/Data/Nhanes/Public/2013/DataFiles/VID_H.xpt
2013-2014,2013,laboratory,Volatile N-Nitrosamine Compounds (VNAs) - Urine,VNA_H,https://wwwn.cdc.gov/Nchs/Data/Nhanes/Public/2013/DataFiles/VNA_H.htm,https://wwwn.cdc.gov/Nchs/Data/Nhanes/Public/2013/DataFiles/VNA_H.xpt
2013-2014,2013,laboratory,Volatile N-Nitrosamine Compounds (VNAs) - Urine - Special Sample,VNAS_H,https://wwwn.cdc.gov/Nchs/Data/Nhanes/Public/2013/DataFiles/VNAS_H.htm,https://wwwn.cdc.gov/Nchs/Data/Nhanes/Public/2013/DataFiles/VNAS_H.xpt
2013-2014,2013,laboratory,Volatile Organic Compound (VOC) Metabolites - Urine,UVOC_H,https://wwwn.cdc.gov/Nchs/Data/Nhanes/Public/2013/DataFiles/UVOC_H.htm,https://wwwn.cdc.gov/Nchs/Data/Nhanes/Public/2013/DataFiles/UVOC_H.xpt
2013-2014,2013,laboratory,Volatile Organic Compound (VOC) Metabolites - Urine - Special Sample,UVOCS_H,https://wwwn.cdc.gov/Nchs/Data/Nhanes/Public/2013/DataFiles/UVOCS_H.htm,https://wwwn.cdc.gov/Nchs/Data/Nhanes/Public/2013/DataFiles/UVOCS_H.xpt
2013-2014,2013,laboratory,Volatile Organic Compounds (VOCs) and Trihalomethanes/MTBE - Blood - Special Sample,VOCWBS_H,https://wwwn.cdc.gov/Nchs/Data/Nhanes/Public/2013/DataFiles/VOCWBS_H.htm,https://wwwn.cdc.gov/Nchs/Data/Nhanes/Public/2013/DataFiles/VOCWBS_H.xpt
2013-2014,2013,laboratory,Volatile Organic Compounds and Trihalomethanes/MTBE - Blood,VOCWB_H,https://wwwn.cdc.gov/Nchs/Data/Nhanes/Public/2013/DataFiles/VOCWB_H.htm,https://wwwn.cdc.gov/Nchs/Data/Nhanes/Public/2013/DataFiles/VOCWB_H.xpt
2013-2014,2013,questionnaire,Acculturation,ACQ_H,https://wwwn.cdc.gov/Nchs/Data/Nhanes/Public/2013/DataFiles/ACQ_H.htm,https://wwwn.cdc.gov/Nchs/Data/Nhanes/Public/2013/DataFiles/ACQ_H.xpt
2013-2014,2013,questionnaire,Alcohol Use,ALQ_H,https://wwwn.cdc.gov/Nchs/Data/Nhanes/Public/2013/DataFiles/ALQ_H.htm,https://wwwn.cdc.gov/Nchs/Data/Nhanes/Public/2013/DataFiles/ALQ_H.xpt
2013-2014,2013,questionnaire,Blood Pressure & Cholesterol,BPQ_H,https://wwwn.cdc.gov/Nchs/Data/Nhanes/Public/2013/DataFiles/BPQ_H.htm,https://wwwn.cdc.gov/Nchs/Data/Nhanes/Public/2013/DataFiles/BPQ_H.xpt
2013-2014,2013,questionnaire,Cardiovascular Health,CDQ_H,https://wwwn.cdc.gov/Nchs/Data/Nhanes/Public/2013/DataFiles/CDQ_H.htm,https://wwwn.cdc.gov/Nchs/Data/Nhanes/Public/2013/DataFiles/CDQ_H.xpt
2013-2014,2013,questionnaire,Cognitive Functioning,CFQ_H,https://wwwn.cdc.gov/Nchs/Data/Nhanes/Public/2013/DataFiles/CFQ_H.htm,https://wwwn.cdc.gov/Nchs/Data/Nhanes/Public/2013/DataFiles/CFQ_H.xpt
2013-2014,2013,questionnaire,Consumer Behavior,CBQ_H,https://wwwn.cdc.gov/Nchs/Data/Nhanes/Public/2013/DataFiles/CBQ_H.htm,https://wwwn.cdc.gov/Nchs/Data/Nhanes/Public/2013/DataFiles/CBQ_H.xpt
2013-2014,2013,questionnaire,Creatine Kinase,CKQ_H,https://wwwn.cdc.gov/Nchs/Data/Nhanes/Public/2013/DataFiles/CKQ_H.htm,https://wwwn.cdc.gov/Nchs/Data/Nhanes/Public/2013/DataFiles/CKQ_H.xpt
2013-2014,2013,questionnaire,Current Health Status,HSQ_H,https://wwwn.cdc.gov/Nchs/Data/Nhanes/Public/2013/DataFiles/HSQ_H.htm,https://wwwn.cdc.gov/Nchs/Data/Nhanes/Public/2013/DataFiles/HSQ_H.xpt
2013-2014,2013,questionnaire,Dermatology,DEQ_H,https://wwwn.cdc.gov/Nchs/Data/Nhanes/Public/2013/DataFiles/DEQ_H.htm,https://wwwn.cdc.gov/Nchs/Data/Nhanes/Public/2013/DataFiles/DEQ_H.xpt
2013-2014,2013,questionnaire,Diabetes,DIQ_H,https://wwwn.cdc.gov/Nchs/Data/Nhanes/Public/2013/DataFiles/DIQ_H.htm,https://wwwn.cdc.gov/Nchs/Data/Nhanes/Public/2013/DataFiles/DIQ_H.xpt
2013-2014,2013,questionnaire,Diet Behavior & Nutrition,DBQ_H,https://wwwn.cdc.gov/Nchs/Data/Nhanes/Public/2013/DataFiles/DBQ_H.htm,https://wwwn.cdc.gov/Nchs/Data/Nhanes/Public/2013/DataFiles/DBQ_H.xpt
2013-2014,2013,questionnaire,Disability,DLQ_H,https://wwwn.cdc.gov/Nchs/Data/Nhanes/Public/2013/DataFiles/DLQ_H.htm,https://wwwn.cdc.gov/Nchs/Data/Nhanes/Public/2013/DataFiles/DLQ_H.xpt
2013-2014,2013,questionnaire,Drug Use,DUQ_H,https://wwwn.cdc.gov/Nchs/Data/Nhanes/Public/2013/DataFiles/DUQ_H.htm,https://wwwn.cdc.gov/Nchs/Data/Nhanes/Public/2013/DataFiles/DUQ_H.xpt
2013-2014,2013,questionnaire,Early Childhood,ECQ_H,https://wwwn.cdc.gov/Nchs/Data/Nhanes/Public/2013/DataFiles/ECQ_H.htm,https://wwwn.cdc.gov/Nchs/Data/Nhanes/Public/2013/DataFiles/ECQ_H.xpt
2013-2014,2013,questionnaire,Food Security,FSQ_H,https://wwwn.cdc.gov/Nchs/Data/Nhanes/Public/2013/DataFiles/FSQ_H.htm,https://wwwn.cdc.gov/Nchs/Data/Nhanes/Public/2013/DataFiles/FSQ_H.xpt
2013-2014,2013,questionnaire,Health Insurance,HIQ_H,https://wwwn.cdc.gov/Nchs/Data/Nhanes/Public/2013/DataFiles/HIQ_H.htm,https://wwwn.cdc.gov/Nchs/Data/Nhanes/Public/2013/DataFiles/HIQ_H.xpt
2013-2014,2013,questionnaire,Hepatitis,HEQ_H,https://wwwn.cdc.gov/Nchs/Data/Nhanes/Public/2013/DataFiles/HEQ_H.htm,https://wwwn.cdc.gov/Nchs/Data/Nhanes/Public/2013/DataFiles/HEQ_H.xpt
2013-2014,2013,questionnaire,Hospital Utilization & Access to Care,HUQ_H,https://wwwn.cdc.gov/Nchs/Data/Nhanes/Public/2013/DataFiles/HUQ_H.htm,https://wwwn.cdc.gov/Nchs/Data/Nhanes/Public/2013/DataFiles/HUQ_H.xpt
2013-2014,2013,questionnaire,Housing Characteristics,HOQ_H,https://wwwn.cdc.gov/Nchs/Data/Nhanes/Public/2013/DataFiles/HOQ_H.htm,https://wwwn.cdc.gov/Nchs/Data/Nhanes/Public/2013/DataFiles/HOQ_H.xpt
2013-2014,2013,questionnaire,Immunization,IMQ_H,https://wwwn.cdc.gov/Nchs/Data/Nhanes/Public/2013/DataFiles/IMQ_H.htm,https://wwwn.cdc.gov/Nchs/Data/Nhanes/Public/2013/DataFiles/IMQ_H.xpt
2013-2014,2013,questionnaire,Income,INQ_H,https://wwwn.cdc.gov/Nchs/Data/Nhanes/Public/2013/DataFiles/INQ_H.htm,https://wwwn.cdc.gov/Nchs/Data/Nhanes/Public/2013/DataFiles/INQ_H.xpt
2013-2014,2013,questionnaire,Kidney Conditions - Urology,KIQ_U_H,https://wwwn.cdc.gov/Nchs/Data/Nhanes/Public/2013/DataFiles/KIQ_U_H.htm,https://wwwn.cdc.gov/Nchs/Data/Nhanes/Public/2013/DataFiles/KIQ_U_H.xpt
2013-2014,2013,questionnaire,Medical Conditions,MCQ_H,https://wwwn.cdc.gov/Nchs/Data/Nhanes/Public/2013/DataFiles/MCQ_H.htm,https://wwwn.cdc.gov/Nchs/Data/Nhanes/Public/2013/DataFiles/MCQ_H.xpt
2013-2014,2013,questionnaire,Mental Health - Depression Screener,DPQ_H,https://wwwn.cdc.gov/Nchs/Data/Nhanes/Public/2013/DataFiles/DPQ_H.htm,https://wwwn.cdc.gov/Nchs/Data/Nhanes/Public/2013/DataFiles/DPQ_H.xpt
2013-2014,2013,questionnaire,Occupation,OCQ_H,https://wwwn.cdc.gov/Nchs/Data/Nhanes/Public/2013/DataFiles/OCQ_H.htm,https://wwwn.cdc.gov/Nchs/Data/Nhanes/Public/2013/DataFiles/OCQ_H.xpt
2013-2014,2013,questionnaire,Oral Health,OHQ_H,https://wwwn.cdc.gov/Nchs/Data/Nhanes/Public/2013/DataFiles/OHQ_H.htm,https://wwwn.cdc.gov/Nchs/Data/Nhanes/Public/2013/DataFiles/OHQ_H.xpt
2013-2014,2013,questionnaire,Osteoporosis,OSQ_H,https://wwwn.cdc.gov/Nchs/Data/Nhanes/Public/2013/DataFiles/OSQ_H.htm,https://wwwn.cdc.gov/Nchs/Data/Nhanes/Public/2013/DataFiles/OSQ_H.xpt
2013-2014,2013,questionnaire,Pesticide Use,PUQMEC_H,https://wwwn.cdc.gov/Nchs/Data/Nhanes/Public/2013/DataFiles/PUQMEC_H.htm,https://wwwn.cdc.gov/Nchs/Data/Nhanes/Public/2013/DataFiles/PUQMEC_H.xpt
2013-2014,2013,questionnaire,Physical Activity,PAQ_H,https://wwwn.cdc.gov/Nchs/Data/Nhanes/Public/2013/DataFiles/PAQ_H.htm,https://wwwn.cdc.gov/Nchs/Data/Nhanes/Public/2013/DataFiles/PAQ_H.xpt
2013-2014,2013,questionnaire,Physical Functioning,PFQ_H,https://wwwn.cdc.gov/Nchs/Data/Nhanes/Public/2013/DataFiles/PFQ_H.htm,https://wwwn.cdc.gov/Nchs/Data/Nhanes/Public/2013/DataFiles/PFQ_H.xpt
2013-2014,2013,questionnaire,Prescription Medications,RXQ_RX_H,https://wwwn.cdc.gov/Nchs/Data/Nhanes/Public/2013/DataFiles/RXQ_RX_H.htm,https://wwwn.cdc.gov/Nchs/Data/Nhanes/Public/2013/DataFiles/RXQ_RX_H.xpt
2013-2014,2013,questionnaire,Prescription Medications - Drug Information,RXQ_DRUG,https://wwwn.cdc.gov/Nchs/Data/Nhanes/Public/1988/DataFiles/RXQ_DRUG.htm,https://wwwn.cdc.gov/Nchs/Data/Nhanes/Public/1988/DataFiles/RXQ_DRUG.xpt
2013-2014,2013,questionnaire,Preventive Aspirin Use,RXQASA_H,https://wwwn.cdc.gov/Nchs/Data/Nhanes/Public/2013/DataFiles/RXQASA_H.htm,https://wwwn.cdc.gov/Nchs/Data/Nhanes/Public/2013/DataFiles/RXQASA_H.xpt
2013-2014,2013,questionnaire,Reproductive Health,RHQ_H,https://wwwn.cdc.gov/Nchs/Data/Nhanes/Public/2013/DataFiles/RHQ_H.htm,https://wwwn.cdc.gov/Nchs/Data/Nhanes/Public/2013/DataFiles/RHQ_H.xpt
2013-2014,2013,questionnaire,Sexual Behavior,SXQ_H,https://wwwn.cdc.gov/Nchs/Data/Nhanes/Public/2013/DataFiles/SXQ_H.htm,https://wwwn.cdc.gov/Nchs/Data/Nhanes/Public/2013/DataFiles/SXQ_H.xpt
2013-2014,2013,questionnaire,Sleep Disorders,SLQ_H,https://wwwn.cdc.gov/Nchs/Data/Nhanes/Public/2013/DataFiles/SLQ_H.htm,https://wwwn.cdc.gov/Nchs/Data/Nhanes/Public/2013/DataFiles/SLQ_H.xpt
2013-2014,2013,questionnaire,Smoking - Cigarette Use,SMQ_H,https://wwwn.cdc.gov/Nchs/Data/Nhanes/Public/2013/DataFiles/SMQ_H.htm,https://wwwn.cdc.gov/Nchs/Data/Nhanes/Public/2013/DataFiles/SMQ_H.xpt
2013-2014,2013,questionnaire,Smoking - Household Smokers,SMQFAM_H,https://wwwn.cdc.gov/Nchs/Data/Nhanes/Public/2013/DataFiles/SMQFAM_H.htm,https://wwwn.cdc.gov/Nchs/Data/Nhanes/Public/2013/DataFiles/SMQFAM_H.xpt
2013-2014,2013,questionnaire,Smoking - Recent Tobacco Use,SMQRTU_H,https://wwwn.cdc.gov/Nchs/Data/Nhanes/Public/2013/DataFiles/SMQRTU_H.htm,https://wwwn.cdc.gov/Nchs/Data/Nhanes/Public/2013/DataFiles/SMQRTU_H.xpt
2013-2014,2013,questionnaire,Smoking - Secondhand Smoke Exposure,SMQSHS_H,https://wwwn.cdc.gov/Nchs/Data/Nhanes/Public/2013/DataFiles/SMQSHS_H.htm,https://wwwn.cdc.gov/Nchs/Data/Nhanes/Public/2013/DataFiles/SMQSHS_H.xpt
2013-2014,2013,questionnaire,Taste & Smell,CSQ_H,https://wwwn.cdc.gov/Nchs/Data/Nhanes/Public/2013/DataFiles/CSQ_H.htm,https://wwwn.cdc.gov/Nchs/Data/Nhanes/Public/2013/DataFiles/CSQ_H.xpt
2013-2014,2013,questionnaire,Volatile Toxicant,VTQ_H,https://wwwn.cdc.gov/Nchs/Data/Nhanes/Public/2013/DataFiles/VTQ_H.htm,https://wwwn.cdc.gov/Nchs/Data/Nhanes/Public/2013/DataFiles/VTQ_H.xpt
2013-2014,2013,questionnaire,Weight History,WHQ_H,https://wwwn.cdc.gov/Nchs/Data/Nhanes/Public/2013/DataFiles/WHQ_H.htm,https://wwwn.cdc.gov/Nchs/Data/Nhanes/Public/2013/DataFiles/WHQ_H.xpt
2013-2014,2013,questionnaire,Weight History - Youth,WHQMEC_H,https://wwwn.cdc.gov/Nchs/Data/Nhanes/Public/2013/DataFiles/WHQMEC_H.htm,https://wwwn.cdc.gov/Nchs/Data/Nhanes/Public/2013/DataFiles/WHQMEC_H.xpt
2015-2016,2015,demographics,Demographic Variables and Sample Weights,DEMO_I,https://wwwn.cdc.gov/Nchs/Data/Nhanes/Public/2015/DataFiles/DEMO_I.htm,https://wwwn.cdc.gov/Nchs/Data/Nhanes/Public/2015/DataFiles/DEMO_I.xpt
2015-2016,2015,dietary,"Dietary Interview - Individual Foods, First Day",DR1IFF_I,https://wwwn.cdc.gov/Nchs/Data/Nhanes/Public/2015/DataFiles/DR1IFF_I.htm,https://wwwn.cdc.gov/Nchs/Data/Nhanes/Public/2015/DataFiles/DR1IFF_I.xpt
2015-2016,2015,dietary,"Dietary Interview - Individual Foods, Second Day",DR2IFF_I,https://wwwn.cdc.gov/Nchs/Data/Nhanes/Public/2015/DataFiles/DR2IFF_I.htm,https://wwwn.cdc.gov/Nchs/Data/Nhanes/Public/2015/DataFiles/DR2IFF_I.xpt
2015-2016,2015,dietary,"Dietary Interview - Total Nutrient Intakes, First Day",DR1TOT_I,https://wwwn.cdc.gov/Nchs/Data/Nhanes/Public/2015/DataFiles/DR1TOT_I.htm,https://wwwn.cdc.gov/Nchs/Data/Nhanes/Public/2015/DataFiles/DR1TOT_I.xpt
2015-2016,2015,dietary,"Dietary Interview - Total Nutrient Intakes, Second Day",DR2TOT_I,https://wwwn.cdc.gov/Nchs/Data/Nhanes/Public/2015/DataFiles/DR2TOT_I.htm,https://wwwn.cdc.gov/Nchs/Data/Nhanes/Public/2015/DataFiles/DR2TOT_I.xpt
2015-2016,2015,dietary,Dietary Interview Technical Support File - Food Codes,DRXFCD_I,https://wwwn.cdc.gov/Nchs/Data/Nhanes/Public/2015/DataFiles/DRXFCD_I.htm,https://wwwn.cdc.gov/Nchs/Data/Nhanes/Public/2015/DataFiles/DRXFCD_I.xpt
2015-2016,2015,dietary,Dietary Supplement Database - Blend Information,DSBI,https://wwwn.cdc.gov/Nchs/Data/Nhanes/Public/1999/DataFiles/DSBI.htm,https://wwwn.cdc.gov/Nchs/Data/Nhanes/Public/1999/DataFiles/DSBI.xpt
2015-2016,2015,dietary,Dietary Supplement Database - Ingredient Information,DSII,https://wwwn.cdc.gov/Nchs/Data/Nhanes/Public/1999/DataFiles/DSII.htm,https://wwwn.cdc.gov/Nchs/Data/Nhanes/Public/1999/DataFiles/DSII.xpt
2015-2016,2015,dietary,Dietary Supplement Database - Product Information,DSPI,https://wwwn.cdc.gov/Nchs/Data/Nhanes/Public/1999/DataFiles/DSPI.htm,https://wwwn.cdc.gov/Nchs/Data/Nhanes/Public/1999/DataFiles/DSPI.xpt
2015-2016,2015,dietary,"Dietary Supplement Use 24-Hour - Individual Dietary Supplements, First Day",DS1IDS_I,https://wwwn.cdc.gov/Nchs/Data/Nhanes/Public/2015/DataFiles/DS1IDS_I.htm,https://wwwn.cdc.gov/Nchs/Data/Nhanes/Public/2015/DataFiles/DS1IDS_I.xpt
2015-2016,2015,dietary,"Dietary Supplement Use 24-Hour - Individual Dietary Supplements, Second Day",DS2IDS_I,https://wwwn.cdc.gov/Nchs/Data/Nhanes/Public/2015/DataFiles/DS2IDS_I.htm,https://wwwn.cdc.gov/Nchs/Data/Nhanes/Public/2015/DataFiles/DS2IDS_I.xpt
2015-2016,2015,dietary,"Dietary Supplement Use 24-Hour - Total Dietary Supplements, First Day",DS1TOT_I,https://wwwn.cdc.gov/Nchs/Data/Nhanes/Public/2015/DataFiles/DS1TOT_I.htm,https://wwwn.cdc.gov/Nchs/Data/Nhanes/Public/2015/DataFiles/DS1TOT_I.xpt
2015-2016,2015,dietary,"Dietary Supplement Use 24-Hour - Total Dietary Supplements, Second Day",DS2TOT_I,https://wwwn.cdc.gov/Nchs/Data/Nhanes/Public/2015/DataFiles/DS2TOT_I.htm,https://wwwn.cdc.gov/Nchs/Data/Nhanes/Public/2015/DataFiles/DS2TOT_I.xpt
2015-2016,2015,dietary,Dietary Supplement Use 30-Day - Individual Dietary Supplements,DSQIDS_I,https://wwwn.cdc.gov/Nchs/Data/Nhanes/Public/2015/DataFiles/DSQIDS_I.htm,https://wwwn.cdc.gov/Nchs/Data/Nhanes/Public/2015/DataFiles/DSQIDS_I.xpt
2015-2016,2015,dietary,Dietary Supplement Use 30-Day - Total Dietary Supplements,DSQTOT_I,https://wwwn.cdc.gov/Nchs/Data/Nhanes/Public/2015/DataFiles/DSQTOT_I.htm,https://wwwn.cdc.gov/Nchs/Data/Nhanes/Public/2015/DataFiles/DSQTOT_I.xpt
2015-2016,2015,examination,Audiometry,AUX_I,https://wwwn.cdc.gov/Nchs/Data/Nhanes/Public/2015/DataFiles/AUX_I.htm,https://wwwn.cdc.gov/Nchs/Data/Nhanes/Public/2015/DataFiles/AUX_I.xpt
2015-2016,2015,examination,Audiometry - Acoustic Reflex,AUXAR_I,https://wwwn.cdc.gov/Nchs/Data/Nhanes/Public/2015/DataFiles/AUXAR_I.htm,https://wwwn.cdc.gov/Nchs/Data/Nhanes/Public/2015/DataFiles/AUXAR_I.xpt
2015-2016,2015,examination,Audiometry - Tympanometry,AUXTYM_I,https://wwwn.cdc.gov/Nchs/Data/Nhanes/Public/2015/DataFiles/AUXTYM_I.htm,https://wwwn.cdc.gov/Nchs/Data/Nhanes/Public/2015/DataFiles/AUXTYM_I.xpt
2015-2016,2015,examination,Audiometry – Wideband Reflectance,AUXWBR_I,https://wwwn.cdc.gov/Nchs/Data/Nhanes/Public/2015/DataFiles/AUXWBR_I.htm,https://wwwn.cdc.gov/Nchs/Data/Nhanes/Public/2015/DataFiles/AUXWBR_I.xpt
2015-2016,2015,examination,Blood Pressure,BPX_I,https://wwwn.cdc.gov/Nchs/Data/Nhanes/Public/2015/DataFiles/BPX_I.htm,https://wwwn.cdc.gov/Nchs/Data/Nhanes/Public/2015/DataFiles/BPX_I.xpt
2015-2016,2015,examination,Body Measures,BMX_I,https://wwwn.cdc.gov/Nchs/Data/Nhanes/Public/2015/DataFiles/BMX_I.htm,https://wwwn.cdc.gov/Nchs/Data/Nhanes/Public/2015/DataFiles/BMX_I.xpt
2015-2016,2015,examination,Dual-Energy X-ray Absorptiometry - Android/Gynoid Measurements,DXXAG_I,https://wwwn.cdc.gov/Nchs/Data/Nhanes/Public/2015/DataFiles/DXXAG_I.htm,https://wwwn.cdc.gov/Nchs/Data/Nhanes/Public/2015/DataFiles/DXXAG_I.xpt
2015-2016,2015,examination,Dual-Energy X-ray Absorptiometry - Whole Body,DXX_I,https://wwwn.cdc.gov/Nchs/Data/Nhanes/Public/2015/DataFiles/DXX_I.htm,https://wwwn.cdc.gov/Nchs/Data/Nhanes/Public/2015/DataFiles/DXX_I.xpt
2015-2016,2015,examination,Fluorosis - Clinical,FLXCLN_I,https://wwwn.cdc.gov/Nchs/Data/Nhanes/Public/2015/DataFiles/FLXCLN_I.htm,https://wwwn.cdc.gov/Nchs/Data/Nhanes/Public/2015/DataFiles/FLXCLN_I.xpt
2015-2016,2015,examination,Oral Health - Dentition,OHXDEN_I,https://wwwn.cdc.gov/Nchs/Data/Nhanes/Public/2015/DataFiles/OHXDEN_I.htm,https://wwwn.cdc.gov/Nchs/Data/Nhanes/Public/2015/DataFiles/OHXDEN_I.xpt
2015-2016,2015,examination,Oral Health - Recommendation of Care,OHXREF_I,https://wwwn.cdc.gov/Nchs/Data/Nhanes/Public/2015/DataFiles/OHXREF_I.htm,https://wwwn.cdc.gov/Nchs/Data/Nhanes/Public/2015/DataFiles/OHXREF_I.xpt
2015-2016,2015,laboratory,Acrylamide & Glycidamide,AMDGYD_I,https://wwwn.cdc.gov/Nchs/Data/Nhanes/Public/2015/DataFiles/AMDGYD_I.htm,https://wwwn.cdc.gov/Nchs/Data/Nhanes/Public/2015/DataFiles/AMDGYD_I.xpt
2015-2016,2015,laboratory,Albumin & Creatinine - Urine,ALB_CR_I,https://wwwn.cdc.gov/Nchs/Data/Nhanes/Public/2015/DataFiles/ALB_CR_I.htm,https://wwwn.cdc.gov/Nchs/Data/Nhanes/Public/2015/DataFiles/ALB_CR_I.xpt
2015-2016,2015,laboratory,Alpha-1-Acid Glycoprotein - Serum (Surplus),SSAGP_I,https://wwwn.cdc.gov/Nchs/Data/Nhanes/Public/2015/DataFiles/SSAGP_I.htm,https://wwwn.cdc.gov/Nchs/Data/Nhanes/Public/2015/DataFiles/SSAGP_I.xpt
2015-2016,2015,laboratory,Apolipoprotein B,APOB_I,https://wwwn.cdc.gov/Nchs/Data/Nhanes/Public/2015/DataFiles/APOB_I.htm,https://wwwn.cdc.gov/Nchs/Data/Nhanes/Public/2015/DataFiles/APOB_I.xpt
2015-2016,2015,laboratory,Aromatic Diamines - Urine,UADM_I,https://wwwn.cdc.gov/Nchs/Data/Nhanes/Public/2015/DataFiles/UADM_I.htm,https://wwwn.cdc.gov/Nchs/Data/Nhanes/Public/2015/DataFiles/UADM_I.xpt
2015-2016,2015,laboratory,Arsenic - Total - Urine,UTAS_I,https://wwwn.cdc.gov/Nchs/Data/Nhanes/Public/2015/DataFiles/UTAS_I.htm,https://wwwn.cdc.gov/Nchs/Data/Nhanes/Public/2015/DataFiles/UTAS_I.xpt
2015-2016,2015,laboratory,Arsenic - Total - Urine - Special Sample,UTASS_I,https://wwwn.cdc.gov/Nchs/Data/Nhanes/Public/2015/DataFiles/UTASS_I.htm,https://wwwn.cdc.gov/Nchs/Data/Nhanes/Public/2015/DataFiles/UTASS_I.xpt
2015-2016,2015,laboratory,Brominated Flame Retardants (BFRs) - Pooled Samples,BFRPOL_I,https://wwwn.cdc.gov/Nchs/Data/Nhanes/Public/2015/DataFiles/BFRPOL_I.htm,https://wwwn.cdc.gov/Nchs/Data/Nhanes/Public/2015/DataFiles/BFRPOL_I.xpt
2015-2016,2015,laboratory,Chlamydia - Urine,CHLMDA_I,https://wwwn.cdc.gov/Nchs/Data/Nhanes/Public/2015/DataFiles/CHLMDA_I.htm,https://wwwn.cdc.gov/Nchs/Data/Nhanes/Public/2015/DataFiles/CHLMDA_I.xpt
2015-2016,2015,laboratory,Chlamydia Pgp3 (plasmid gene product 3) ELISA (enzyme linked immunosorbent assay) and multiplex bead array (MBA) results,SSCT_I,https://wwwn.cdc.gov/Nchs/Data/Nhanes/Public/2015/DataFiles/SSCT_I.htm,https://wwwn.cdc.gov/Nchs/Data/Nhanes/Public/2015/DataFiles/SSCT_I.xpt
2015-2016,2015,laboratory,Chlorinated Tyrosine – Serum (Surplus),SSCLTY_I,https://wwwn.cdc.gov/Nchs/Data/Nhanes/Public/2015/DataFiles/SSCLTY_I.htm,https://wwwn.cdc.gov/Nchs/Data/Nhanes/Public/2015/DataFiles/SSCLTY_I.xpt
2015-2016,2015,laboratory,Cholesterol - High-Density Lipoprotein (HDL),HDL_I,https://wwwn.cdc.gov/Nchs/Data/Nhanes/Public/2015/DataFiles/HDL_I.htm,https://wwwn.cdc.gov/Nchs/Data/Nhanes/Public/2015/DataFiles/HDL_I.xpt
2015-2016,2015,laboratory,Cholesterol - Low - Density Lipoprotein (LDL) & Triglycerides,TRIGLY_I,https://wwwn.cdc.gov/Nchs/Data/Nhanes/Public/2015/DataFiles/TRIGLY_I.htm,https://wwwn.cdc.gov/Nchs/Data/Nhanes/Public/2015/DataFiles/TRIGLY_I.xpt
2015-2016,2015,laboratory,Cholesterol - Total,TCHOL_I,https://wwwn.cdc.gov/Nchs/Data/Nhanes/Public/2015/DataFiles/TCHOL_I.htm,https://wwwn.cdc.gov/Nchs/Data/Nhanes/Public/2015/DataFiles/TCHOL_I.xpt
2015-2016,2015,laboratory,Chromium & Cobalt,CRCO_I,https://wwwn.cdc.gov/Nchs/Data/Nhanes/Public/2015/DataFiles/CRCO_I.htm,https://wwwn.cdc.gov/Nchs/Data/Nhanes/Public/2015/DataFiles/CRCO_I.xpt
2015-2016,2015,laboratory,Complete Blood Count with 5-Part Differential - Whole Blood,CBC_I,https://wwwn.cdc.gov/Nchs/Data/Nhanes/Public/2015/DataFiles/CBC_I.htm,https://wwwn.cdc.gov/Nchs/Data/Nhanes/Public/2015/DataFiles/CBC_I.xpt
2015-2016,2015,laboratory,"Copper, Selenium & Zinc - Serum",CUSEZN_I,https://wwwn.cdc.gov/Nchs/Data/Nhanes/Public/2015/DataFiles/CUSEZN_I.htm,https://wwwn.cdc.gov/Nchs/Data/Nhanes/Public/2015/DataFiles/CUSEZN_I.xpt
2015-2016,2015,laboratory,Cotinine and Hydroxycotinine - Serum,COT_I,https://wwwn.cdc.gov/Nchs/Data/Nhanes/Public/2015/DataFiles/COT_I.htm,https://wwwn.cdc.gov/Nchs/Data/Nhanes/Public/2015/DataFiles/COT_I.xpt
2015-2016,2015,laboratory,"Cotinine, Hydroxycotinine, & Other Nicotine Metabolites and Analogs - Urine",UCOT_I,https://wwwn.cdc.gov/Nchs/Data/Nhanes/Public/2015/DataFiles/UCOT_I.htm,https://wwwn.cdc.gov/Nchs/Data/Nhanes/Public/2015/DataFiles/UCOT_I.xpt
2015-2016,2015,laboratory,"Cotinine, Hydroxycotinine, & Other Nicotine Metabolites and Analogs - Urine - Special Sample",UCOTS_I,https://wwwn.cdc.gov/Nchs/Data/Nhanes/Public/2015/DataFiles/UCOTS_I.htm,https://wwwn.cdc.gov/Nchs/Data/Nhanes/Public/2015/DataFiles/UCOTS_I.xpt
2015-2016,2015,laboratory,DEET Metabolite - Urine,DEET_I,https://wwwn.cdc.gov/Nchs/Data/Nhanes/Public/2015/DataFiles/DEET_I.htm,https://wwwn.cdc.gov/Nchs/Data/Nhanes/Public/2015/DataFiles/DEET_I.xpt
2015-2016,2015,laboratory,DEET Metabolites - Urine - Surplus,SSDEET_I,https://wwwn.cdc.gov/Nchs/Data/Nhanes/Public/2015/DataFiles/SSDEET_I.htm,https://wwwn.cdc.gov/Nchs/Data/Nhanes/Public/2015/DataFiles/SSDEET_I.xpt
2015-2016,2015,laboratory,"Enterovirus D68 (EV-D68) - Serum (Surplus)
					SSEVD_I Doc
				
					SSEVD_I Data [XPT - 81.6 KB]
				
					Withdrawn
				
			
				Ethylene Oxide",ETHOX_I,https://wwwn.cdc.gov/Nchs/Data/Nhanes/Public/2015/DataFiles/ETHOX_I.htm,https://wwwn.cdc.gov/Nchs/Data/Nhanes/Public/2015/DataFiles/ETHOX_I.xpt
2015-2016,2015,laboratory,Fasting Questionnaire,FASTQX_I,https://wwwn.cdc.gov/Nchs/Data/Nhanes/Public/2015/DataFiles/FASTQX_I.htm,https://wwwn.cdc.gov/Nchs/Data/Nhanes/Public/2015/DataFiles/FASTQX_I.xpt
2015-2016,2015,laboratory,Ferritin,FERTIN_I,https://wwwn.cdc.gov/Nchs/Data/Nhanes/Public/2015/DataFiles/FERTIN_I.htm,https://wwwn.cdc.gov/Nchs/Data/Nhanes/Public/2015/DataFiles/FERTIN_I.xpt
2015-2016,2015,laboratory,Flame Retardants - Urine (Surplus),SSFR_I,https://wwwn.cdc.gov/Nchs/Data/Nhanes/Public/2015/DataFiles/SSFR_I.htm,https://wwwn.cdc.gov/Nchs/Data/Nhanes/Public/2015/DataFiles/SSFR_I.xpt
2015-2016,2015,laboratory,Fluoride - Plasma,FLDEP_I,https://wwwn.cdc.gov/Nchs/Data/Nhanes/Public/2015/DataFiles/FLDEP_I.htm,https://wwwn.cdc.gov/Nchs/Data/Nhanes/Public/2015/DataFiles/FLDEP_I.xpt
2015-2016,2015,laboratory,Fluoride - Urine,UFLDE_I,https://wwwn.cdc.gov/Nchs/Data/Nhanes/Public/2015/DataFiles/UFLDE_I.htm,https://wwwn.cdc.gov/Nchs/Data/Nhanes/Public/2015/DataFiles/UFLDE_I.xpt
2015-2016,2015,laboratory,Fluoride - Water,FLDEW_I,https://wwwn.cdc.gov/Nchs/Data/Nhanes/Public/2015/DataFiles/FLDEW_I.htm,https://wwwn.cdc.gov/Nchs/Data/Nhanes/Public/2015/DataFiles/FLDEW_I.xpt
2015-2016,2015,laboratory,Folate - RBC,FOLATE_I,https://wwwn.cdc.gov/Nchs/Data/Nhanes/Public/2015/DataFiles/FOLATE_I.htm,https://wwwn.cdc.gov/Nchs/Data/Nhanes/Public/2015/DataFiles/FOLATE_I.xpt
2015-2016,2015,laboratory,Folate Forms - Total & Individual - Serum,FOLFMS_I,https://wwwn.cdc.gov/Nchs/Data/Nhanes/Public/2015/DataFiles/FOLFMS_I.htm,https://wwwn.cdc.gov/Nchs/Data/Nhanes/Public/2015/DataFiles/FOLFMS_I.xpt
2015-2016,2015,laboratory,Formaldehyde,FORMAL_I,https://wwwn.cdc.gov/Nchs/Data/Nhanes/Public/2015/DataFiles/FORMAL_I.htm,https://wwwn.cdc.gov/Nchs/Data/Nhanes/Public/2015/DataFiles/FORMAL_I.xpt
2015-2016,2015,laboratory,Glycohemoglobin,GHB_I,https://wwwn.cdc.gov/Nchs/Data/Nhanes/Public/2015/DataFiles/GHB_I.htm,https://wwwn.cdc.gov/Nchs/Data/Nhanes/Public/2015/DataFiles/GHB_I.xpt
2015-2016,2015,laboratory,Glyphosate (GLYP) - Urine (Surplus),SSGLYP_I,https://wwwn.cdc.gov/Nchs/Data/Nhanes/Public/2015/DataFiles/SSGLYP_I.htm,https://wwwn.cdc.gov/Nchs/Data/Nhanes/Public/2015/DataFiles/SSGLYP_I.xpt
2015-2016,2015,laboratory,Hepatitis A,HEPA_I,https://wwwn.cdc.gov/Nchs/Data/Nhanes/Public/2015/DataFiles/HEPA_I.htm,https://wwwn.cdc.gov/Nchs/Data/Nhanes/Public/2015/DataFiles/HEPA_I.xpt
2015-2016,2015,laboratory,"Hepatitis B: Core antibody, Surface antigen, and Hepatitis D: antibody",HEPBD_I,https://wwwn.cdc.gov/Nchs/Data/Nhanes/Public/2015/DataFiles/HEPBD_I.htm,https://wwwn.cdc.gov/Nchs/Data/Nhanes/Public/2015/DataFiles/HEPBD_I.xpt
2015-2016,2015,laboratory,Hepatitis B: Surface Antibody,HEPB_S_I,https://wwwn.cdc.gov/Nchs/Data/Nhanes/Public/2015/DataFiles/HEPB_S_I.htm,https://wwwn.cdc.gov/Nchs/Data/Nhanes/Public/2015/DataFiles/HEPB_S_I.xpt
2015-2016,2015,laboratory,Hepatitis C: RNA (HCV-RNA) and Hepatitis C Genotype,HEPC_I,https://wwwn.cdc.gov/Nchs/Data/Nhanes/Public/2015/DataFiles/HEPC_I.htm,https://wwwn.cdc.gov/Nchs/Data/Nhanes/Public/2015/DataFiles/HEPC_I.xpt
2015-2016,2015,laboratory,Hepatitis E: IgG & IgM Antibodies,HEPE_I,https://wwwn.cdc.gov/Nchs/Data/Nhanes/Public/2015/DataFiles/HEPE_I.htm,https://wwwn.cdc.gov/Nchs/Data/Nhanes/Public/2015/DataFiles/HEPE_I.xpt
2015-2016,2015,laboratory,Herpes Simplex Virus Type-1 & Type-2,HSV_I,https://wwwn.cdc.gov/Nchs/Data/Nhanes/Public/2015/DataFiles/HSV_I.htm,https://wwwn.cdc.gov/Nchs/Data/Nhanes/Public/2015/DataFiles/HSV_I.xpt
2015-2016,2015,laboratory,High-Sensitivity C-Reactive Protein (hs-CRP),HSCRP_I,https://wwwn.cdc.gov/Nchs/Data/Nhanes/Public/2015/DataFiles/HSCRP_I.htm,https://wwwn.cdc.gov/Nchs/Data/Nhanes/Public/2015/DataFiles/HSCRP_I.xpt
2015-2016,2015,laboratory,HIV Antibody Test,HIV_I,https://wwwn.cdc.gov/Nchs/Data/Nhanes/Public/2015/DataFiles/HIV_I.htm,https://wwwn.cdc.gov/Nchs/Data/Nhanes/Public/2015/DataFiles/HIV_I.xpt
2015-2016,2015,laboratory,Human Papillomavirus (HPV) - Oral Rinse,ORHPV_I,https://wwwn.cdc.gov/Nchs/Data/Nhanes/Public/2015/DataFiles/ORHPV_I.htm,https://wwwn.cdc.gov/Nchs/Data/Nhanes/Public/2015/DataFiles/ORHPV_I.xpt
2015-2016,2015,laboratory,Human Papillomavirus (HPV) DNA - Penile Swabs: Roche Linear Array,HPVP_I,https://wwwn.cdc.gov/Nchs/Data/Nhanes/Public/2015/DataFiles/HPVP_I.htm,https://wwwn.cdc.gov/Nchs/Data/Nhanes/Public/2015/DataFiles/HPVP_I.xpt
2015-2016,2015,laboratory,Human Papillomavirus (HPV) DNA - Vaginal Swab: Roche Cobas High-Risk,HPVSWC_I,https://wwwn.cdc.gov/Nchs/Data/Nhanes/Public/2015/DataFiles/HPVSWC_I.htm,https://wwwn.cdc.gov/Nchs/Data/Nhanes/Public/2015/DataFiles/HPVSWC_I.xpt
2015-2016,2015,laboratory,Human Papillomavirus (HPV) DNA - Vaginal Swab: Roche Linear Array,HPVSWR_I,https://wwwn.cdc.gov/Nchs/Data/Nhanes/Public/2015/DataFiles/HPVSWR_I.htm,https://wwwn.cdc.gov/Nchs/Data/Nhanes/Public/2015/DataFiles/HPVSWR_I.xpt
2015-2016,2015,laboratory,Insulin,INS_I,https://wwwn.cdc.gov/Nchs/Data/Nhanes/Public/2015/DataFiles/INS_I.htm,https://wwwn.cdc.gov/Nchs/Data/Nhanes/Public/2015/DataFiles/INS_I.xpt
2015-2016,2015,laboratory,Iodine - Urine,UIO_I,https://wwwn.cdc.gov/Nchs/Data/Nhanes/Public/2015/DataFiles/UIO_I.htm,https://wwwn.cdc.gov/Nchs/Data/Nhanes/Public/2015/DataFiles/UIO_I.xpt
2015-2016,2015,laboratory,Klotho - Serum (Surplus),SSKL_I,https://wwwn.cdc.gov/Nchs/Data/Nhanes/Public/2015/DataFiles/SSKL_I.htm,https://wwwn.cdc.gov/Nchs/Data/Nhanes/Public/2015/DataFiles/SSKL_I.xpt
2015-2016,2015,laboratory,"Lead, Cadmium, Total Mercury, Selenium & Manganese - Blood",PBCD_I,https://wwwn.cdc.gov/Nchs/Data/Nhanes/Public/2015/DataFiles/PBCD_I.htm,https://wwwn.cdc.gov/Nchs/Data/Nhanes/Public/2015/DataFiles/PBCD_I.xpt
2015-2016,2015,laboratory,Mercury: Inorganic - Urine,UHG_I,https://wwwn.cdc.gov/Nchs/Data/Nhanes/Public/2015/DataFiles/UHG_I.htm,https://wwwn.cdc.gov/Nchs/Data/Nhanes/Public/2015/DataFiles/UHG_I.xpt
2015-2016,2015,laboratory,"Mercury: Inorganic, Ethyl and Methyl - Blood",IHGEM_I,https://wwwn.cdc.gov/Nchs/Data/Nhanes/Public/2015/DataFiles/IHGEM_I.htm,https://wwwn.cdc.gov/Nchs/Data/Nhanes/Public/2015/DataFiles/IHGEM_I.xpt
2015-2016,2015,laboratory,Metals - Urine,UM_I,https://wwwn.cdc.gov/Nchs/Data/Nhanes/Public/2015/DataFiles/UM_I.htm,https://wwwn.cdc.gov/Nchs/Data/Nhanes/Public/2015/DataFiles/UM_I.xpt
2015-2016,2015,laboratory,Metals - Urine - Special Sample,UMS_I,https://wwwn.cdc.gov/Nchs/Data/Nhanes/Public/2015/DataFiles/UMS_I.htm,https://wwwn.cdc.gov/Nchs/Data/Nhanes/Public/2015/DataFiles/UMS_I.xpt
2015-2016,2015,laboratory,"Mono-2-ethyl-5-hydroxyhexyl terephthalate, mono-2-ethyl-5-carboxypentyl terephthalate, and monooxoisononyl phthalate - Urine (Surplus)",SSMHHT_I,https://wwwn.cdc.gov/Nchs/Data/Nhanes/Public/2015/DataFiles/SSMHHT_I.htm,https://wwwn.cdc.gov/Nchs/Data/Nhanes/Public/2015/DataFiles/SSMHHT_I.xpt
2015-2016,2015,laboratory,Neonicotinoids - Urine - Surplus,SSNEON_I,https://wwwn.cdc.gov/Nchs/Data/Nhanes/Public/2015/DataFiles/SSNEON_I.htm,https://wwwn.cdc.gov/Nchs/Data/Nhanes/Public/2015/DataFiles/SSNEON_I.xpt
2015-2016,2015,laboratory,Non-dioxin-like Polychlorinated Biphenyls & Mono-ortho-substituted Polychlorinated Biphenyls - Pooled Samples,PCBPOL_I,https://wwwn.cdc.gov/Nchs/Data/Nhanes/Public/2015/DataFiles/PCBPOL_I.htm,https://wwwn.cdc.gov/Nchs/Data/Nhanes/Public/2015/DataFiles/PCBPOL_I.xpt
2015-2016,2015,laboratory,Oral Glucose Tolerance Test,OGTT_I,https://wwwn.cdc.gov/Nchs/Data/Nhanes/Public/2015/DataFiles/OGTT_I.htm,https://wwwn.cdc.gov/Nchs/Data/Nhanes/Public/2015/DataFiles/OGTT_I.xpt
2015-2016,2015,laboratory,Organophosphate Insecticides - Dialkyl Phosphate Metabolites - Urine,OPD_I,https://wwwn.cdc.gov/Nchs/Data/Nhanes/Public/2015/DataFiles/OPD_I.htm,https://wwwn.cdc.gov/Nchs/Data/Nhanes/Public/2015/DataFiles/OPD_I.xpt
2015-2016,2015,laboratory,"Perchlorate, Nitrate & Thiocyanate - Urine",PERNT_I,https://wwwn.cdc.gov/Nchs/Data/Nhanes/Public/2015/DataFiles/PERNT_I.htm,https://wwwn.cdc.gov/Nchs/Data/Nhanes/Public/2015/DataFiles/PERNT_I.xpt
2015-2016,2015,laboratory,"Perchlorate, Nitrate & Thiocyanate - Urine - Special Sample",PERNTS_I,https://wwwn.cdc.gov/Nchs/Data/Nhanes/Public/2015/DataFiles/PERNTS_I.htm,https://wwwn.cdc.gov/Nchs/Data/Nhanes/Public/2015/DataFiles/PERNTS_I.xpt
2015-2016,2015,laboratory,Perfluoroalkyl and Polyfluoroalkyl,PFAS_I,https://wwwn.cdc.gov/Nchs/Data/Nhanes/Public/2015/DataFiles/PFAS_I.htm,https://wwwn.cdc.gov/Nchs/Data/Nhanes/Public/2015/DataFiles/PFAS_I.xpt
2015-2016,2015,laboratory,Personal Care and Consumer Product Chemicals and Metabolites,EPHPP_I,https://wwwn.cdc.gov/Nchs/Data/Nhanes/Public/2015/DataFiles/EPHPP_I.htm,https://wwwn.cdc.gov/Nchs/Data/Nhanes/Public/2015/DataFiles/EPHPP_I.xpt
2015-2016,2015,laboratory,Pertussis and tetanus – Serum (Surplus),SSPT_I,https://wwwn.cdc.gov/Nchs/Data/Nhanes/Public/2015/DataFiles/SSPT_I.htm,https://wwwn.cdc.gov/Nchs/Data/Nhanes/Public/2015/DataFiles/SSPT_I.xpt
2015-2016,2015,laboratory,Pesticides - Organochlorine Pesticides - Pooled Samples,PSTPOL_I,https://wwwn.cdc.gov/Nchs/Data/Nhanes/Public/2015/DataFiles/PSTPOL_I.htm,https://wwwn.cdc.gov/Nchs/Data/Nhanes/Public/2015/DataFiles/PSTPOL_I.xpt
2015-2016,2015,laboratory,Phthalates and Plasticizers Metabolites - Urine,PHTHTE_I,https://wwwn.cdc.gov/Nchs/Data/Nhanes/Public/2015/DataFiles/PHTHTE_I.htm,https://wwwn.cdc.gov/Nchs/Data/Nhanes/Public/2015/DataFiles/PHTHTE_I.xpt
2015-2016,2015,laboratory,Plasma Fasting Glucose,GLU_I,https://wwwn.cdc.gov/Nchs/Data/Nhanes/Public/2015/DataFiles/GLU_I.htm,https://wwwn.cdc.gov/Nchs/Data/Nhanes/Public/2015/DataFiles/GLU_I.xpt
2015-2016,2015,laboratory,"Polychlorinated dibenzo-p-dioxins (PCDDs), Dibenzofurans (PCDFs) & Coplanar Polychlorinated Biphenyls (cPCBs) - Pooled Samples",DOXPOL_I,https://wwwn.cdc.gov/Nchs/Data/Nhanes/Public/2015/DataFiles/DOXPOL_I.htm,https://wwwn.cdc.gov/Nchs/Data/Nhanes/Public/2015/DataFiles/DOXPOL_I.xpt
2015-2016,2015,laboratory,Polycyclic Aromatic Hydrocarbons (PAH) - Urine,PAH_I,https://wwwn.cdc.gov/Nchs/Data/Nhanes/Public/2015/DataFiles/PAH_I.htm,https://wwwn.cdc.gov/Nchs/Data/Nhanes/Public/2015/DataFiles/PAH_I.xpt
2015-2016,2015,laboratory,Polycyclic Aromatic Hydrocarbons (PAH) - Urine - Special Sample,PAHS_I,https://wwwn.cdc.gov/Nchs/Data/Nhanes/Public/2015/DataFiles/PAHS_I.htm,https://wwwn.cdc.gov/Nchs/Data/Nhanes/Public/2015/DataFiles/PAHS_I.xpt
2015-2016,2015,laboratory,Pooled-Sample Technical Support File,POOLTF_I,https://wwwn.cdc.gov/Nchs/Data/Nhanes/Public/2015/DataFiles/POOLTF_I.htm,https://wwwn.cdc.gov/Nchs/Data/Nhanes/Public/2015/DataFiles/POOLTF_I.xpt
2015-2016,2015,laboratory,Pregnancy Test - Urine,UCPREG_I,https://wwwn.cdc.gov/Nchs/Data/Nhanes/Public/2015/DataFiles/UCPREG_I.htm,https://wwwn.cdc.gov/Nchs/Data/Nhanes/Public/2015/DataFiles/UCPREG_I.xpt
2015-2016,2015,laboratory,"Pyrethroids, Herbicides, & Organophosphorus Metabolites - Urine",UPHOPM_I,https://wwwn.cdc.gov/Nchs/Data/Nhanes/Public/2015/DataFiles/UPHOPM_I.htm,https://wwwn.cdc.gov/Nchs/Data/Nhanes/Public/2015/DataFiles/UPHOPM_I.xpt
2015-2016,2015,laboratory,Sex Steroid Hormone - Serum,TST_I,https://wwwn.cdc.gov/Nchs/Data/Nhanes/Public/2015/DataFiles/TST_I.htm,https://wwwn.cdc.gov/Nchs/Data/Nhanes/Public/2015/DataFiles/TST_I.xpt
2015-2016,2015,laboratory,Speciated Arsenics - Urine,UAS_I,https://wwwn.cdc.gov/Nchs/Data/Nhanes/Public/2015/DataFiles/UAS_I.htm,https://wwwn.cdc.gov/Nchs/Data/Nhanes/Public/2015/DataFiles/UAS_I.xpt
2015-2016,2015,laboratory,Speciated Arsenics - Urine - Special Sample,UASS_I,https://wwwn.cdc.gov/Nchs/Data/Nhanes/Public/2015/DataFiles/UASS_I.htm,https://wwwn.cdc.gov/Nchs/Data/Nhanes/Public/2015/DataFiles/UASS_I.xpt
2015-2016,2015,laboratory,Standard Biochemistry Profile,BIOPRO_I,https://wwwn.cdc.gov/Nchs/Data/Nhanes/Public/2015/DataFiles/BIOPRO_I.htm,https://wwwn.cdc.gov/Nchs/Data/Nhanes/Public/2015/DataFiles/BIOPRO_I.xpt
2015-2016,2015,laboratory,Transferrin Receptor,TFR_I,https://wwwn.cdc.gov/Nchs/Data/Nhanes/Public/2015/DataFiles/TFR_I.htm,https://wwwn.cdc.gov/Nchs/Data/Nhanes/Public/2015/DataFiles/TFR_I.xpt
2015-2016,2015,laboratory,Trichomonas - Urine,TRICH_I,https://wwwn.cdc.gov/Nchs/Data/Nhanes/Public/2015/DataFiles/TRICH_I.htm,https://wwwn.cdc.gov/Nchs/Data/Nhanes/Public/2015/DataFiles/TRICH_I.xpt
2015-2016,2015,laboratory,Urine Flow Rate,UCFLOW_I,https://wwwn.cdc.gov/Nchs/Data/Nhanes/Public/2015/DataFiles/UCFLOW_I.htm,https://wwwn.cdc.gov/Nchs/Data/Nhanes/Public/2015/DataFiles/UCFLOW_I.xpt
2015-2016,2015,laboratory,Vitamin D,VID_I,https://wwwn.cdc.gov/Nchs/Data/Nhanes/Public/2015/DataFiles/VID_I.htm,https://wwwn.cdc.gov/Nchs/Data/Nhanes/Public/2015/DataFiles/VID_I.xpt
2015-2016,2015,laboratory,Volatile Organic Compound (VOC) Metabolites - Urine,UVOC_I,https://wwwn.cdc.gov/Nchs/Data/Nhanes/Public/2015/DataFiles/UVOC_I.htm,https://wwwn.cdc.gov/Nchs/Data/Nhanes/Public/2015/DataFiles/UVOC_I.xpt
2015-2016,2015,laboratory,Volatile Organic Compound (VOC) Metabolites - Urine - Special Sample,UVOCS_I,https://wwwn.cdc.gov/Nchs/Data/Nhanes/Public/2015/DataFiles/UVOCS_I.htm,https://wwwn.cdc.gov/Nchs/Data/Nhanes/Public/2015/DataFiles/UVOCS_I.xpt
2015-2016,2015,laboratory,Volatile Organic Compounds and Trihalomethanes/MTBE - Blood,VOCWB_I,https://wwwn.cdc.gov/Nchs/Data/Nhanes/Public/2015/DataFiles/VOCWB_I.htm,https://wwwn.cdc.gov/Nchs/Data/Nhanes/Public/2015/DataFiles/VOCWB_I.xpt
2015-2016,2015,laboratory,Volatile Organic Compounds and Trihalomethanes/MTBE – Blood – Special Sample,VOCWBS_I,https://wwwn.cdc.gov/Nchs/Data/Nhanes/Public/2015/DataFiles/VOCWBS_I.htm,https://wwwn.cdc.gov/Nchs/Data/Nhanes/Public/2015/DataFiles/VOCWBS_I.xpt
2015-2016,2015,questionnaire,Acculturation,ACQ_I,https://wwwn.cdc.gov/Nchs/Data/Nhanes/Public/2015/DataFiles/ACQ_I.htm,https://wwwn.cdc.gov/Nchs/Data/Nhanes/Public/2015/DataFiles/ACQ_I.xpt
2015-2016,2015,questionnaire,Alcohol Use,ALQ_I,https://wwwn.cdc.gov/Nchs/Data/Nhanes/Public/2015/DataFiles/ALQ_I.htm,https://wwwn.cdc.gov/Nchs/Data/Nhanes/Public/2015/DataFiles/ALQ_I.xpt
2015-2016,2015,questionnaire,Audiometry,AUQ_I,https://wwwn.cdc.gov/Nchs/Data/Nhanes/Public/2015/DataFiles/AUQ_I.htm,https://wwwn.cdc.gov/Nchs/Data/Nhanes/Public/2015/DataFiles/AUQ_I.xpt
2015-2016,2015,questionnaire,Blood Pressure & Cholesterol,BPQ_I,https://wwwn.cdc.gov/Nchs/Data/Nhanes/Public/2015/DataFiles/BPQ_I.htm,https://wwwn.cdc.gov/Nchs/Data/Nhanes/Public/2015/DataFiles/BPQ_I.xpt
2015-2016,2015,questionnaire,Cardiovascular Health,CDQ_I,https://wwwn.cdc.gov/Nchs/Data/Nhanes/Public/2015/DataFiles/CDQ_I.htm,https://wwwn.cdc.gov/Nchs/Data/Nhanes/Public/2015/DataFiles/CDQ_I.xpt
2015-2016,2015,questionnaire,Consumer Behavior,CBQ_I,https://wwwn.cdc.gov/Nchs/Data/Nhanes/Public/2015/DataFiles/CBQ_I.htm,https://wwwn.cdc.gov/Nchs/Data/Nhanes/Public/2015/DataFiles/CBQ_I.xpt
2015-2016,2015,questionnaire,Current Health Status,HSQ_I,https://wwwn.cdc.gov/Nchs/Data/Nhanes/Public/2015/DataFiles/HSQ_I.htm,https://wwwn.cdc.gov/Nchs/Data/Nhanes/Public/2015/DataFiles/HSQ_I.xpt
2015-2016,2015,questionnaire,Dermatology,DEQ_I,https://wwwn.cdc.gov/Nchs/Data/Nhanes/Public/2015/DataFiles/DEQ_I.htm,https://wwwn.cdc.gov/Nchs/Data/Nhanes/Public/2015/DataFiles/DEQ_I.xpt
2015-2016,2015,questionnaire,Diabetes,DIQ_I,https://wwwn.cdc.gov/Nchs/Data/Nhanes/Public/2015/DataFiles/DIQ_I.htm,https://wwwn.cdc.gov/Nchs/Data/Nhanes/Public/2015/DataFiles/DIQ_I.xpt
2015-2016,2015,questionnaire,Diet Behavior & Nutrition,DBQ_I,https://wwwn.cdc.gov/Nchs/Data/Nhanes/Public/2015/DataFiles/DBQ_I.htm,https://wwwn.cdc.gov/Nchs/Data/Nhanes/Public/2015/DataFiles/DBQ_I.xpt
2015-2016,2015,questionnaire,Disability,DLQ_I,https://wwwn.cdc.gov/Nchs/Data/Nhanes/Public/2015/DataFiles/DLQ_I.htm,https://wwwn.cdc.gov/Nchs/Data/Nhanes/Public/2015/DataFiles/DLQ_I.xpt
2015-2016,2015,questionnaire,Drug Use,DUQ_I,https://wwwn.cdc.gov/Nchs/Data/Nhanes/Public/2015/DataFiles/DUQ_I.htm,https://wwwn.cdc.gov/Nchs/Data/Nhanes/Public/2015/DataFiles/DUQ_I.xpt
2015-2016,2015,questionnaire,Early Childhood,ECQ_I,https://wwwn.cdc.gov/Nchs/Data/Nhanes/Public/2015/DataFiles/ECQ_I.htm,https://wwwn.cdc.gov/Nchs/Data/Nhanes/Public/2015/DataFiles/ECQ_I.xpt
2015-2016,2015,questionnaire,Food Security,FSQ_I,https://wwwn.cdc.gov/Nchs/Data/Nhanes/Public/2015/DataFiles/FSQ_I.htm,https://wwwn.cdc.gov/Nchs/Data/Nhanes/Public/2015/DataFiles/FSQ_I.xpt
2015-2016,2015,questionnaire,Health Insurance,HIQ_I,https://wwwn.cdc.gov/Nchs/Data/Nhanes/Public/2015/DataFiles/HIQ_I.htm,https://wwwn.cdc.gov/Nchs/Data/Nhanes/Public/2015/DataFiles/HIQ_I.xpt
2015-2016,2015,questionnaire,Hepatitis,HEQ_I,https://wwwn.cdc.gov/Nchs/Data/Nhanes/Public/2015/DataFiles/HEQ_I.htm,https://wwwn.cdc.gov/Nchs/Data/Nhanes/Public/2015/DataFiles/HEQ_I.xpt
2015-2016,2015,questionnaire,Hospital Utilization & Access to Care,HUQ_I,https://wwwn.cdc.gov/Nchs/Data/Nhanes/Public/2015/DataFiles/HUQ_I.htm,https://wwwn.cdc.gov/Nchs/Data/Nhanes/Public/2015/DataFiles/HUQ_I.xpt
2015-2016,2015,questionnaire,Housing Characteristics,HOQ_I,https://wwwn.cdc.gov/Nchs/Data/Nhanes/Public/2015/DataFiles/HOQ_I.htm,https://wwwn.cdc.gov/Nchs/Data/Nhanes/Public/2015/DataFiles/HOQ_I.xpt
2015-2016,2015,questionnaire,Immunization,IMQ_I,https://wwwn.cdc.gov/Nchs/Data/Nhanes/Public/2015/DataFiles/IMQ_I.htm,https://wwwn.cdc.gov/Nchs/Data/Nhanes/Public/2015/DataFiles/IMQ_I.xpt
2015-2016,2015,questionnaire,Income,INQ_I,https://wwwn.cdc.gov/Nchs/Data/Nhanes/Public/2015/DataFiles/INQ_I.htm,https://wwwn.cdc.gov/Nchs/Data/Nhanes/Public/2015/DataFiles/INQ_I.xpt
2015-2016,2015,questionnaire,Kidney Conditions - Urology,KIQ_U_I,https://wwwn.cdc.gov/Nchs/Data/Nhanes/Public/2015/DataFiles/KIQ_U_I.htm,https://wwwn.cdc.gov/Nchs/Data/Nhanes/Public/2015/DataFiles/KIQ_U_I.xpt
2015-2016,2015,questionnaire,Medical Conditions,MCQ_I,https://wwwn.cdc.gov/Nchs/Data/Nhanes/Public/2015/DataFiles/MCQ_I.htm,https://wwwn.cdc.gov/Nchs/Data/Nhanes/Public/2015/DataFiles/MCQ_I.xpt
2015-2016,2015,questionnaire,Mental Health - Depression Screener,DPQ_I,https://wwwn.cdc.gov/Nchs/Data/Nhanes/Public/2015/DataFiles/DPQ_I.htm,https://wwwn.cdc.gov/Nchs/Data/Nhanes/Public/2015/DataFiles/DPQ_I.xpt
2015-2016,2015,questionnaire,Occupation,OCQ_I,https://wwwn.cdc.gov/Nchs/Data/Nhanes/Public/2015/DataFiles/OCQ_I.htm,https://wwwn.cdc.gov/Nchs/Data/Nhanes/Public/2015/DataFiles/OCQ_I.xpt
2015-2016,2015,questionnaire,Oral Health,OHQ_I,https://wwwn.cdc.gov/Nchs/Data/Nhanes/Public/2015/DataFiles/OHQ_I.htm,https://wwwn.cdc.gov/Nchs/Data/Nhanes/Public/2015/DataFiles/OHQ_I.xpt
2015-2016,2015,questionnaire,Pesticide Use,PUQMEC_I,https://wwwn.cdc.gov/Nchs/Data/Nhanes/Public/2015/DataFiles/PUQMEC_I.htm,https://wwwn.cdc.gov/Nchs/Data/Nhanes/Public/2015/DataFiles/PUQMEC_I.xpt
2015-2016,2015,questionnaire,Physical Activity,PAQ_I,https://wwwn.cdc.gov/Nchs/Data/Nhanes/Public/2015/DataFiles/PAQ_I.htm,https://wwwn.cdc.gov/Nchs/Data/Nhanes/Public/2015/DataFiles/PAQ_I.xpt
2015-2016,2015,questionnaire,Physical Functioning,PFQ_I,https://wwwn.cdc.gov/Nchs/Data/Nhanes/Public/2015/DataFiles/PFQ_I.htm,https://wwwn.cdc.gov/Nchs/Data/Nhanes/Public/2015/DataFiles/PFQ_I.xpt
2015-2016,2015,questionnaire,Prescription Medications,RXQ_RX_I,https://wwwn.cdc.gov/Nchs/Data/Nhanes/Public/2015/DataFiles/RXQ_RX_I.htm,https://wwwn.cdc.gov/Nchs/Data/Nhanes/Public/2015/DataFiles/RXQ_RX_I.xpt
2015-2016,2015,questionnaire,Prescription Medications - Drug Information,RXQ_DRUG,https://wwwn.cdc.gov/Nchs/Data/Nhanes/Public/1988/DataFiles/RXQ_DRUG.htm,https://wwwn.cdc.gov/Nchs/Data/Nhanes/Public/1988/DataFiles/RXQ_DRUG.xpt
2015-2016,2015,questionnaire,Preventive Aspirin Use,RXQASA_I,https://wwwn.cdc.gov/Nchs/Data/Nhanes/Public/2015/DataFiles/RXQASA_I.htm,https://wwwn.cdc.gov/Nchs/Data/Nhanes/Public/2015/DataFiles/RXQASA_I.xpt
2015-2016,2015,questionnaire,Reproductive Health,RHQ_I,https://wwwn.cdc.gov/Nchs/Data/Nhanes/Public/2015/DataFiles/RHQ_I.htm,https://wwwn.cdc.gov/Nchs/Data/Nhanes/Public/2015/DataFiles/RHQ_I.xpt
2015-2016,2015,questionnaire,Sexual Behavior,SXQ_I,https://wwwn.cdc.gov/Nchs/Data/Nhanes/Public/2015/DataFiles/SXQ_I.htm,https://wwwn.cdc.gov/Nchs/Data/Nhanes/Public/2015/DataFiles/SXQ_I.xpt
2015-2016,2015,questionnaire,Sleep Disorders,SLQ_I,https://wwwn.cdc.gov/Nchs/Data/Nhanes/Public/2015/DataFiles/SLQ_I.htm,https://wwwn.cdc.gov/Nchs/Data/Nhanes/Public/2015/DataFiles/SLQ_I.xpt
2015-2016,2015,questionnaire,Smoking - Cigarette Use,SMQ_I,https://wwwn.cdc.gov/Nchs/Data/Nhanes/Public/2015/DataFiles/SMQ_I.htm,https://wwwn.cdc.gov/Nchs/Data/Nhanes/Public/2015/DataFiles/SMQ_I.xpt
2015-2016,2015,questionnaire,Smoking - Household Smokers,SMQFAM_I,https://wwwn.cdc.gov/Nchs/Data/Nhanes/Public/2015/DataFiles/SMQFAM_I.htm,https://wwwn.cdc.gov/Nchs/Data/Nhanes/Public/2015/DataFiles/SMQFAM_I.xpt
2015-2016,2015,questionnaire,Smoking - Recent Tobacco Use,SMQRTU_I,https://wwwn.cdc.gov/Nchs/Data/Nhanes/Public/2015/DataFiles/SMQRTU_I.htm,https://wwwn.cdc.gov/Nchs/Data/Nhanes/Public/2015/DataFiles/SMQRTU_I.xpt
2015-2016,2015,questionnaire,Smoking - Secondhand Smoke Exposure,SMQSHS_I,https://wwwn.cdc.gov/Nchs/Data/Nhanes/Public/2015/DataFiles/SMQSHS_I.htm,https://wwwn.cdc.gov/Nchs/Data/Nhanes/Public/2015/DataFiles/SMQSHS_I.xpt
2015-2016,2015,questionnaire,Volatile Toxicant,VTQ_I,https://wwwn.cdc.gov/Nchs/Data/Nhanes/Public/2015/DataFiles/VTQ_I.htm,https://wwwn.cdc.gov/Nchs/Data/Nhanes/Public/2015/DataFiles/VTQ_I.xpt
2015-2016,2015,questionnaire,Weight History,WHQ_I,https://wwwn.cdc.gov/Nchs/Data/Nhanes/Public/2015/DataFiles/WHQ_I.htm,https://wwwn.cdc.gov/Nchs/Data/Nhanes/Public/2015/DataFiles/WHQ_I.xpt
2015-2016,2015,questionnaire,Weight History - Youth,WHQMEC_I,https://wwwn.cdc.gov/Nchs/Data/Nhanes/Public/2015/DataFiles/WHQMEC_I.htm,https://wwwn.cdc.gov/Nchs/Data/Nhanes/Public/2015/DataFiles/WHQMEC_I.xpt
2017-2018,2017,demographics,Demographic Variables and Sample Weights,DEMO_J,https://wwwn.cdc.gov/Nchs/Data/Nhanes/Public/2017/DataFiles/DEMO_J.htm,https://wwwn.cdc.gov/Nchs/Data/Nhanes/Public/2017/DataFiles/DEMO_J.xpt
2017-2018,2017,dietary,"Dietary Interview - Individual Foods, First Day",DR1IFF_J,https://wwwn.cdc.gov/Nchs/Data/Nhanes/Public/2017/DataFiles/DR1IFF_J.htm,https://wwwn.cdc.gov/Nchs/Data/Nhanes/Public/2017/DataFiles/DR1IFF_J.xpt
2017-2018,2017,dietary,"Dietary Interview - Individual Foods, Second Day",DR2IFF_J,https://wwwn.cdc.gov/Nchs/Data/Nhanes/Public/2017/DataFiles/DR2IFF_J.htm,https://wwwn.cdc.gov/Nchs/Data/Nhanes/Public/2017/DataFiles/DR2IFF_J.xpt
2017-2018,2017,dietary,"Dietary Interview - Total Nutrient Intakes, First Day",DR1TOT_J,https://wwwn.cdc.gov/Nchs/Data/Nhanes/Public/2017/DataFiles/DR1TOT_J.htm,https://wwwn.cdc.gov/Nchs/Data/Nhanes/Public/2017/DataFiles/DR1TOT_J.xpt
2017-2018,2017,dietary,"Dietary Interview - Total Nutrient Intakes, Second Day",DR2TOT_J,https://wwwn.cdc.gov/Nchs/Data/Nhanes/Public/2017/DataFiles/DR2TOT_J.htm,https://wwwn.cdc.gov/Nchs/Data/Nhanes/Public/2017/DataFiles/DR2TOT_J.xpt
2017-2018,2017,dietary,Dietary Interview Technical Support File - Food Codes,DRXFCD_J,https://wwwn.cdc.gov/Nchs/Data/Nhanes/Public/2017/DataFiles/DRXFCD_J.htm,https://wwwn.cdc.gov/Nchs/Data/Nhanes/Public/2017/DataFiles/DRXFCD_J.xpt
2017-2018,2017,dietary,Dietary Supplement Database - Blend Information,DSBI,https://wwwn.cdc.gov/Nchs/Data/Nhanes/Public/1999/DataFiles/DSBI.htm,https://wwwn.cdc.gov/Nchs/Data/Nhanes/Public/1999/DataFiles/DSBI.xpt
2017-2018,2017,dietary,Dietary Supplement Database - Ingredient Information,DSII,https://wwwn.cdc.gov/Nchs/Data/Nhanes/Public/1999/DataFiles/DSII.htm,https://wwwn.cdc.gov/Nchs/Data/Nhanes/Public/1999/DataFiles/DSII.xpt
2017-2018,2017,dietary,Dietary Supplement Database - Product Information,DSPI,https://wwwn.cdc.gov/Nchs/Data/Nhanes/Public/1999/DataFiles/DSPI.htm,https://wwwn.cdc.gov/Nchs/Data/Nhanes/Public/1999/DataFiles/DSPI.xpt
2017-2018,2017,dietary,"Dietary Supplement Use 24-Hour - Individual Dietary Supplements, First Day",DS1IDS_J,https://wwwn.cdc.gov/Nchs/Data/Nhanes/Public/2017/DataFiles/DS1IDS_J.htm,https://wwwn.cdc.gov/Nchs/Data/Nhanes/Public/2017/DataFiles/DS1IDS_J.xpt
2017-2018,2017,dietary,"Dietary Supplement Use 24-Hour - Individual Dietary Supplements, Second Day",DS2IDS_J,https://wwwn.cdc.gov/Nchs/Data/Nhanes/Public/2017/DataFiles/DS2IDS_J.htm,https://wwwn.cdc.gov/Nchs/Data/Nhanes/Public/2017/DataFiles/DS2IDS_J.xpt
2017-2018,2017,dietary,"Dietary Supplement Use 24-Hour - Total Dietary Supplements, First Day",DS1TOT_J,https://wwwn.cdc.gov/Nchs/Data/Nhanes/Public/2017/DataFiles/DS1TOT_J.htm,https://wwwn.cdc.gov/Nchs/Data/Nhanes/Public/2017/DataFiles/DS1TOT_J.xpt
2017-2018,2017,dietary,"Dietary Supplement Use 24-Hour - Total Dietary Supplements, Second Day",DS2TOT_J,https://wwwn.cdc.gov/Nchs/Data/Nhanes/Public/2017/DataFiles/DS2TOT_J.htm,https://wwwn.cdc.gov/Nchs/Data/Nhanes/Public/2017/DataFiles/DS2TOT_J.xpt
2017-2018,2017,dietary,Dietary Supplement Use 30-Day - Individual Dietary Supplements,DSQIDS_J,https://wwwn.cdc.gov/Nchs/Data/Nhanes/Public/2017/DataFiles/DSQIDS_J.htm,https://wwwn.cdc.gov/Nchs/Data/Nhanes/Public/2017/DataFiles/DSQIDS_J.xpt
2017-2018,2017,dietary,Dietary Supplement Use 30-Day - Total Dietary Supplements,DSQTOT_J,https://wwwn.cdc.gov/Nchs/Data/Nhanes/Public/2017/DataFiles/DSQTOT_J.htm,https://wwwn.cdc.gov/Nchs/Data/Nhanes/Public/2017/DataFiles/DSQTOT_J.xpt
2017-2018,2017,examination,Audiometry,AUX_J,https://wwwn.cdc.gov/Nchs/Data/Nhanes/Public/2017/DataFiles/AUX_J.htm,https://wwwn.cdc.gov/Nchs/Data/Nhanes/Public/2017/DataFiles/AUX_J.xpt
2017-2018,2017,examination,Audiometry - Acoustic Reflex,AUXAR_J,https://wwwn.cdc.gov/Nchs/Data/Nhanes/Public/2017/DataFiles/AUXAR_J.htm,https://wwwn.cdc.gov/Nchs/Data/Nhanes/Public/2017/DataFiles/AUXAR_J.xpt
2017-2018,2017,examination,Audiometry - Tympanometry,AUXTYM_J,https://wwwn.cdc.gov/Nchs/Data/Nhanes/Public/2017/DataFiles/AUXTYM_J.htm,https://wwwn.cdc.gov/Nchs/Data/Nhanes/Public/2017/DataFiles/AUXTYM_J.xpt
2017-2018,2017,examination,Audiometry - Wideband Reflectance,AUXWBR_J,https://wwwn.cdc.gov/Nchs/Data/Nhanes/Public/2017/DataFiles/AUXWBR_J.htm,https://wwwn.cdc.gov/Nchs/Data/Nhanes/Public/2017/DataFiles/AUXWBR_J.xpt
2017-2018,2017,examination,Blood Pressure,BPX_J,https://wwwn.cdc.gov/Nchs/Data/Nhanes/Public/2017/DataFiles/BPX_J.htm,https://wwwn.cdc.gov/Nchs/Data/Nhanes/Public/2017/DataFiles/BPX_J.xpt
2017-2018,2017,examination,Blood Pressure - Oscillometric Measurements,BPXO_J,https://wwwn.cdc.gov/Nchs/Data/Nhanes/Public/2017/DataFiles/BPXO_J.htm,https://wwwn.cdc.gov/Nchs/Data/Nhanes/Public/2017/DataFiles/BPXO_J.xpt
2017-2018,2017,examination,Body Measures,BMX_J,https://wwwn.cdc.gov/Nchs/Data/Nhanes/Public/2017/DataFiles/BMX_J.htm,https://wwwn.cdc.gov/Nchs/Data/Nhanes/Public/2017/DataFiles/BMX_J.xpt
2017-2018,2017,examination,Dual-Energy X-ray Absorptiometry - Android/Gynoid Measurements,DXXAG_J,https://wwwn.cdc.gov/Nchs/Data/Nhanes/Public/2017/DataFiles/DXXAG_J.htm,https://wwwn.cdc.gov/Nchs/Data/Nhanes/Public/2017/DataFiles/DXXAG_J.xpt
2017-2018,2017,examination,Dual-Energy X-ray Absorptiometry - Femur,DXXFEM_J,https://wwwn.cdc.gov/Nchs/Data/Nhanes/Public/2017/DataFiles/DXXFEM_J.htm,https://wwwn.cdc.gov/Nchs/Data/Nhanes/Public/2017/DataFiles/DXXFEM_J.xpt
2017-2018,2017,examination,Dual-Energy X-ray Absorptiometry - Spine,DXXSPN_J,https://wwwn.cdc.gov/Nchs/Data/Nhanes/Public/2017/DataFiles/DXXSPN_J.htm,https://wwwn.cdc.gov/Nchs/Data/Nhanes/Public/2017/DataFiles/DXXSPN_J.xpt
2017-2018,2017,examination,Dual-Energy X-ray Absorptiometry - Whole Body,DXX_J,https://wwwn.cdc.gov/Nchs/Data/Nhanes/Public/2017/DataFiles/DXX_J.htm,https://wwwn.cdc.gov/Nchs/Data/Nhanes/Public/2017/DataFiles/DXX_J.xpt
2017-2018,2017,examination,Liver Ultrasound Transient Elastography,LUX_J,https://wwwn.cdc.gov/Nchs/Data/Nhanes/Public/2017/DataFiles/LUX_J.htm,https://wwwn.cdc.gov/Nchs/Data/Nhanes/Public/2017/DataFiles/LUX_J.xpt
2017-2018,2017,examination,Oral Health - Dentition,OHXDEN_J,https://wwwn.cdc.gov/Nchs/Data/Nhanes/Public/2017/DataFiles/OHXDEN_J.htm,https://wwwn.cdc.gov/Nchs/Data/Nhanes/Public/2017/DataFiles/OHXDEN_J.xpt
2017-2018,2017,examination,Oral Health - Recommendation of Care,OHXREF_J,https://wwwn.cdc.gov/Nchs/Data/Nhanes/Public/2017/DataFiles/OHXREF_J.htm,https://wwwn.cdc.gov/Nchs/Data/Nhanes/Public/2017/DataFiles/OHXREF_J.xpt
2017-2018,2017,laboratory,Albumin & Creatinine - Urine,ALB_CR_J,https://wwwn.cdc.gov/Nchs/Data/Nhanes/Public/2017/DataFiles/ALB_CR_J.htm,https://wwwn.cdc.gov/Nchs/Data/Nhanes/Public/2017/DataFiles/ALB_CR_J.xpt
2017-2018,2017,laboratory,Alpha-1-Acid Glycoprotein - Serum (Surplus),SSAGP_J,https://wwwn.cdc.gov/Nchs/Data/Nhanes/Public/2017/DataFiles/SSAGP_J.htm,https://wwwn.cdc.gov/Nchs/Data/Nhanes/Public/2017/DataFiles/SSAGP_J.xpt
2017-2018,2017,laboratory,Arsenic - Total - Urine,UTAS_J,https://wwwn.cdc.gov/Nchs/Data/Nhanes/Public/2017/DataFiles/UTAS_J.htm,https://wwwn.cdc.gov/Nchs/Data/Nhanes/Public/2017/DataFiles/UTAS_J.xpt
2017-2018,2017,laboratory,Arsenics - Speciated - Urine,UAS_J,https://wwwn.cdc.gov/Nchs/Data/Nhanes/Public/2017/DataFiles/UAS_J.htm,https://wwwn.cdc.gov/Nchs/Data/Nhanes/Public/2017/DataFiles/UAS_J.xpt
2017-2018,2017,laboratory,Cholesterol - High - Density Lipoprotein (HDL),HDL_J,https://wwwn.cdc.gov/Nchs/Data/Nhanes/Public/2017/DataFiles/HDL_J.htm,https://wwwn.cdc.gov/Nchs/Data/Nhanes/Public/2017/DataFiles/HDL_J.xpt
2017-2018,2017,laboratory,Cholesterol - Low-Density Lipoproteins (LDL) & Triglycerides,TRIGLY_J,https://wwwn.cdc.gov/Nchs/Data/Nhanes/Public/2017/DataFiles/TRIGLY_J.htm,https://wwwn.cdc.gov/Nchs/Data/Nhanes/Public/2017/DataFiles/TRIGLY_J.xpt
2017-2018,2017,laboratory,Cholesterol - Total,TCHOL_J,https://wwwn.cdc.gov/Nchs/Data/Nhanes/Public/2017/DataFiles/TCHOL_J.htm,https://wwwn.cdc.gov/Nchs/Data/Nhanes/Public/2017/DataFiles/TCHOL_J.xpt
2017-2018,2017,laboratory,Chromium - Urine,UCM_J,https://wwwn.cdc.gov/Nchs/Data/Nhanes/Public/2017/DataFiles/UCM_J.htm,https://wwwn.cdc.gov/Nchs/Data/Nhanes/Public/2017/DataFiles/UCM_J.xpt
2017-2018,2017,laboratory,Chromium & Cobalt,CRCO_J,https://wwwn.cdc.gov/Nchs/Data/Nhanes/Public/2017/DataFiles/CRCO_J.htm,https://wwwn.cdc.gov/Nchs/Data/Nhanes/Public/2017/DataFiles/CRCO_J.xpt
2017-2018,2017,laboratory,Complete Blood Count with 5-Part Differential,CBC_J,https://wwwn.cdc.gov/Nchs/Data/Nhanes/Public/2017/DataFiles/CBC_J.htm,https://wwwn.cdc.gov/Nchs/Data/Nhanes/Public/2017/DataFiles/CBC_J.xpt
2017-2018,2017,laboratory,Cotinine and Hydroxycotinine - Serum,COT_J,https://wwwn.cdc.gov/Nchs/Data/Nhanes/Public/2017/DataFiles/COT_J.htm,https://wwwn.cdc.gov/Nchs/Data/Nhanes/Public/2017/DataFiles/COT_J.xpt
2017-2018,2017,laboratory,"Cotinine, Hydroxycotinine, & Other Nicotine Metabolites and Analogs - Urine",UCOT_J,https://wwwn.cdc.gov/Nchs/Data/Nhanes/Public/2017/DataFiles/UCOT_J.htm,https://wwwn.cdc.gov/Nchs/Data/Nhanes/Public/2017/DataFiles/UCOT_J.xpt
2017-2018,2017,laboratory,Cytomegalovirus IgG & IgM Antibodies - Serum,CMV_J,https://wwwn.cdc.gov/Nchs/Data/Nhanes/Public/2017/DataFiles/CMV_J.htm,https://wwwn.cdc.gov/Nchs/Data/Nhanes/Public/2017/DataFiles/CMV_J.xpt
2017-2018,2017,laboratory,DEET Metabolite – Urine,DEET_J,https://wwwn.cdc.gov/Nchs/Data/Nhanes/Public/2017/DataFiles/DEET_J.htm,https://wwwn.cdc.gov/Nchs/Data/Nhanes/Public/2017/DataFiles/DEET_J.xpt
2017-2018,2017,laboratory,"Enterovirus D68 (EV-D68) - Serum (Surplus)
					SSEVD_J Doc
				
					SSEVD_J Data [XPT - 124.6 KB]
				
					Withdrawn
				
			
				Ethylene Oxide",ETHOX_J,https://wwwn.cdc.gov/Nchs/Data/Nhanes/Public/2017/DataFiles/ETHOX_J.htm,https://wwwn.cdc.gov/Nchs/Data/Nhanes/Public/2017/DataFiles/ETHOX_J.xpt
2017-2018,2017,laboratory,Fasting Questionnaire,FASTQX_J,https://wwwn.cdc.gov/Nchs/Data/Nhanes/Public/2017/DataFiles/FASTQX_J.htm,https://wwwn.cdc.gov/Nchs/Data/Nhanes/Public/2017/DataFiles/FASTQX_J.xpt
2017-2018,2017,laboratory,Ferritin,FERTIN_J,https://wwwn.cdc.gov/Nchs/Data/Nhanes/Public/2017/DataFiles/FERTIN_J.htm,https://wwwn.cdc.gov/Nchs/Data/Nhanes/Public/2017/DataFiles/FERTIN_J.xpt
2017-2018,2017,laboratory,Flame Retardants - Urine,FR_J,https://wwwn.cdc.gov/Nchs/Data/Nhanes/Public/2017/DataFiles/FR_J.htm,https://wwwn.cdc.gov/Nchs/Data/Nhanes/Public/2017/DataFiles/FR_J.xpt
2017-2018,2017,laboratory,Flame Retardants - Urine (Surplus),SSFR_J,https://wwwn.cdc.gov/Nchs/Data/Nhanes/Public/2017/DataFiles/SSFR_J.htm,https://wwwn.cdc.gov/Nchs/Data/Nhanes/Public/2017/DataFiles/SSFR_J.xpt
2017-2018,2017,laboratory,Folate - RBC,FOLATE_J,https://wwwn.cdc.gov/Nchs/Data/Nhanes/Public/2017/DataFiles/FOLATE_J.htm,https://wwwn.cdc.gov/Nchs/Data/Nhanes/Public/2017/DataFiles/FOLATE_J.xpt
2017-2018,2017,laboratory,Folate Forms - Total & Individual - Serum,FOLFMS_J,https://wwwn.cdc.gov/Nchs/Data/Nhanes/Public/2017/DataFiles/FOLFMS_J.htm,https://wwwn.cdc.gov/Nchs/Data/Nhanes/Public/2017/DataFiles/FOLFMS_J.xpt
2017-2018,2017,laboratory,Glycohemoglobin,GHB_J,https://wwwn.cdc.gov/Nchs/Data/Nhanes/Public/2017/DataFiles/GHB_J.htm,https://wwwn.cdc.gov/Nchs/Data/Nhanes/Public/2017/DataFiles/GHB_J.xpt
2017-2018,2017,laboratory,Glyphosate (GLYP) - Urine (Surplus),SSGLYP_J,https://wwwn.cdc.gov/Nchs/Data/Nhanes/Public/2017/DataFiles/SSGLYP_J.htm,https://wwwn.cdc.gov/Nchs/Data/Nhanes/Public/2017/DataFiles/SSGLYP_J.xpt
2017-2018,2017,laboratory,Hepatitis A,HEPA_J,https://wwwn.cdc.gov/Nchs/Data/Nhanes/Public/2017/DataFiles/HEPA_J.htm,https://wwwn.cdc.gov/Nchs/Data/Nhanes/Public/2017/DataFiles/HEPA_J.xpt
2017-2018,2017,laboratory,"Hepatitis B: Core antibody, Surface antigen, and Hepatitis D: antibody",HEPBD_J,https://wwwn.cdc.gov/Nchs/Data/Nhanes/Public/2017/DataFiles/HEPBD_J.htm,https://wwwn.cdc.gov/Nchs/Data/Nhanes/Public/2017/DataFiles/HEPBD_J.xpt
2017-2018,2017,laboratory,Hepatitis B: Surface Antibody,HEPB_S_J,https://wwwn.cdc.gov/Nchs/Data/Nhanes/Public/2017/DataFiles/HEPB_S_J.htm,https://wwwn.cdc.gov/Nchs/Data/Nhanes/Public/2017/DataFiles/HEPB_S_J.xpt
2017-2018,2017,laboratory,"Hepatitis C: RNA (HCV-RNA), Confirmed Antibody (INNO-LIA), & Genotype",HEPC_J,https://wwwn.cdc.gov/Nchs/Data/Nhanes/Public/2017/DataFiles/HEPC_J.htm,https://wwwn.cdc.gov/Nchs/Data/Nhanes/Public/2017/DataFiles/HEPC_J.xpt
2017-2018,2017,laboratory,Hepatitis E: IgG & IgM Antibodies,HEPE_J,https://wwwn.cdc.gov/Nchs/Data/Nhanes/Public/2017/DataFiles/HEPE_J.htm,https://wwwn.cdc.gov/Nchs/Data/Nhanes/Public/2017/DataFiles/HEPE_J.xpt
2017-2018,2017,laboratory,High-Sensitivity C-Reactive Protein,HSCRP_J,https://wwwn.cdc.gov/Nchs/Data/Nhanes/Public/2017/DataFiles/HSCRP_J.htm,https://wwwn.cdc.gov/Nchs/Data/Nhanes/Public/2017/DataFiles/HSCRP_J.xpt
2017-2018,2017,laboratory,HIV Antibody Test,HIV_J,https://wwwn.cdc.gov/Nchs/Data/Nhanes/Public/2017/DataFiles/HIV_J.htm,https://wwwn.cdc.gov/Nchs/Data/Nhanes/Public/2017/DataFiles/HIV_J.xpt
2017-2018,2017,laboratory,Insulin,INS_J,https://wwwn.cdc.gov/Nchs/Data/Nhanes/Public/2017/DataFiles/INS_J.htm,https://wwwn.cdc.gov/Nchs/Data/Nhanes/Public/2017/DataFiles/INS_J.xpt
2017-2018,2017,laboratory,Iodine - Urine,UIO_J,https://wwwn.cdc.gov/Nchs/Data/Nhanes/Public/2017/DataFiles/UIO_J.htm,https://wwwn.cdc.gov/Nchs/Data/Nhanes/Public/2017/DataFiles/UIO_J.xpt
2017-2018,2017,laboratory,Iron Status - Serum,FETIB_J,https://wwwn.cdc.gov/Nchs/Data/Nhanes/Public/2017/DataFiles/FETIB_J.htm,https://wwwn.cdc.gov/Nchs/Data/Nhanes/Public/2017/DataFiles/FETIB_J.xpt
2017-2018,2017,laboratory,"Lead, Cadmium, Total Mercury, Selenium, & Manganese - Blood",PBCD_J,https://wwwn.cdc.gov/Nchs/Data/Nhanes/Public/2017/DataFiles/PBCD_J.htm,https://wwwn.cdc.gov/Nchs/Data/Nhanes/Public/2017/DataFiles/PBCD_J.xpt
2017-2018,2017,laboratory,Mercury: Inorganic - Urine,UHG_J,https://wwwn.cdc.gov/Nchs/Data/Nhanes/Public/2017/DataFiles/UHG_J.htm,https://wwwn.cdc.gov/Nchs/Data/Nhanes/Public/2017/DataFiles/UHG_J.xpt
2017-2018,2017,laboratory,"Mercury: Inorganic, Ethyl and Methyl - Blood",IHGEM_J,https://wwwn.cdc.gov/Nchs/Data/Nhanes/Public/2017/DataFiles/IHGEM_J.htm,https://wwwn.cdc.gov/Nchs/Data/Nhanes/Public/2017/DataFiles/IHGEM_J.xpt
2017-2018,2017,laboratory,Metals - Urine,UM_J,https://wwwn.cdc.gov/Nchs/Data/Nhanes/Public/2017/DataFiles/UM_J.htm,https://wwwn.cdc.gov/Nchs/Data/Nhanes/Public/2017/DataFiles/UM_J.xpt
2017-2018,2017,laboratory,Neonicotinoids - Urine (Surplus),SSNEON_J,https://wwwn.cdc.gov/Nchs/Data/Nhanes/Public/2017/DataFiles/SSNEON_J.htm,https://wwwn.cdc.gov/Nchs/Data/Nhanes/Public/2017/DataFiles/SSNEON_J.xpt
2017-2018,2017,laboratory,Nickel - Urine,UNI_J,https://wwwn.cdc.gov/Nchs/Data/Nhanes/Public/2017/DataFiles/UNI_J.htm,https://wwwn.cdc.gov/Nchs/Data/Nhanes/Public/2017/DataFiles/UNI_J.xpt
2017-2018,2017,laboratory,Organophosphate Insecticides - Dialkyl Phosphate Metabolites - Urine,OPD_J,https://wwwn.cdc.gov/Nchs/Data/Nhanes/Public/2017/DataFiles/OPD_J.htm,https://wwwn.cdc.gov/Nchs/Data/Nhanes/Public/2017/DataFiles/OPD_J.xpt
2017-2018,2017,laboratory,"Perchlorate, Nitrate & Thiocyanate - Urine",PERNT_J,https://wwwn.cdc.gov/Nchs/Data/Nhanes/Public/2017/DataFiles/PERNT_J.htm,https://wwwn.cdc.gov/Nchs/Data/Nhanes/Public/2017/DataFiles/PERNT_J.xpt
2017-2018,2017,laboratory,Perfluoroalkyl and Polyfluoroalkyl Substances,PFAS_J,https://wwwn.cdc.gov/Nchs/Data/Nhanes/Public/2017/DataFiles/PFAS_J.htm,https://wwwn.cdc.gov/Nchs/Data/Nhanes/Public/2017/DataFiles/PFAS_J.xpt
2017-2018,2017,laboratory,Perfluoroalkyl and Polyfluoroalkyl Substances (Surplus),SSPFAS_J,https://wwwn.cdc.gov/Nchs/Data/Nhanes/Public/2017/DataFiles/SSPFAS_J.htm,https://wwwn.cdc.gov/Nchs/Data/Nhanes/Public/2017/DataFiles/SSPFAS_J.xpt
2017-2018,2017,laboratory,Personal Care and Consumer Product Chemicals and Metabolites,EPHPP_J,https://wwwn.cdc.gov/Nchs/Data/Nhanes/Public/2017/DataFiles/EPHPP_J.htm,https://wwwn.cdc.gov/Nchs/Data/Nhanes/Public/2017/DataFiles/EPHPP_J.xpt
2017-2018,2017,laboratory,Phthalates and Plasticizers Metabolites - Urine,PHTHTE_J,https://wwwn.cdc.gov/Nchs/Data/Nhanes/Public/2017/DataFiles/PHTHTE_J.htm,https://wwwn.cdc.gov/Nchs/Data/Nhanes/Public/2017/DataFiles/PHTHTE_J.xpt
2017-2018,2017,laboratory,Plasma Fasting Glucose,GLU_J,https://wwwn.cdc.gov/Nchs/Data/Nhanes/Public/2017/DataFiles/GLU_J.htm,https://wwwn.cdc.gov/Nchs/Data/Nhanes/Public/2017/DataFiles/GLU_J.xpt
2017-2018,2017,laboratory,Polycyclic Aromatic Hydrocarbons (PAH) - Urine,PAH_J,https://wwwn.cdc.gov/Nchs/Data/Nhanes/Public/2017/DataFiles/PAH_J.htm,https://wwwn.cdc.gov/Nchs/Data/Nhanes/Public/2017/DataFiles/PAH_J.xpt
2017-2018,2017,laboratory,"Pyrethroids, Herbicides, & Organophosphorus Metabolites – Urine",UPHOPM_J,https://wwwn.cdc.gov/Nchs/Data/Nhanes/Public/2017/DataFiles/UPHOPM_J.htm,https://wwwn.cdc.gov/Nchs/Data/Nhanes/Public/2017/DataFiles/UPHOPM_J.xpt
2017-2018,2017,laboratory,Sex Steroid Hormone Panel - Serum (Surplus),SSTST_J,https://wwwn.cdc.gov/Nchs/Data/Nhanes/Public/2017/DataFiles/SSTST_J.htm,https://wwwn.cdc.gov/Nchs/Data/Nhanes/Public/2017/DataFiles/SSTST_J.xpt
2017-2018,2017,laboratory,Standard Biochemistry Profile,BIOPRO_J,https://wwwn.cdc.gov/Nchs/Data/Nhanes/Public/2017/DataFiles/BIOPRO_J.htm,https://wwwn.cdc.gov/Nchs/Data/Nhanes/Public/2017/DataFiles/BIOPRO_J.xpt
2017-2018,2017,laboratory,Transferrin Receptor,TFR_J,https://wwwn.cdc.gov/Nchs/Data/Nhanes/Public/2017/DataFiles/TFR_J.htm,https://wwwn.cdc.gov/Nchs/Data/Nhanes/Public/2017/DataFiles/TFR_J.xpt
2017-2018,2017,laboratory,Urine Flow Rate,UCFLOW_J,https://wwwn.cdc.gov/Nchs/Data/Nhanes/Public/2017/DataFiles/UCFLOW_J.htm,https://wwwn.cdc.gov/Nchs/Data/Nhanes/Public/2017/DataFiles/UCFLOW_J.xpt
2017-2018,2017,laboratory,Urine Pregnancy Test,UCPREG_J,https://wwwn.cdc.gov/Nchs/Data/Nhanes/Public/2017/DataFiles/UCPREG_J.htm,https://wwwn.cdc.gov/Nchs/Data/Nhanes/Public/2017/DataFiles/UCPREG_J.xpt
2017-2018,2017,laboratory,"Vitamin A, Vitamin E & Carotenoids",VITAEC_J,https://wwwn.cdc.gov/Nchs/Data/Nhanes/Public/2017/DataFiles/VITAEC_J.htm,https://wwwn.cdc.gov/Nchs/Data/Nhanes/Public/2017/DataFiles/VITAEC_J.xpt
2017-2018,2017,laboratory,Vitamin C,VIC_J,https://wwwn.cdc.gov/Nchs/Data/Nhanes/Public/2017/DataFiles/VIC_J.htm,https://wwwn.cdc.gov/Nchs/Data/Nhanes/Public/2017/DataFiles/VIC_J.xpt
2017-2018,2017,laboratory,Vitamin D,VID_J,https://wwwn.cdc.gov/Nchs/Data/Nhanes/Public/2017/DataFiles/VID_J.htm,https://wwwn.cdc.gov/Nchs/Data/Nhanes/Public/2017/DataFiles/VID_J.xpt
2017-2018,2017,laboratory,Volatile Organic Compound (VOC) Metabolites - Urine,UVOC_J,https://wwwn.cdc.gov/Nchs/Data/Nhanes/Public/2017/DataFiles/UVOC_J.htm,https://wwwn.cdc.gov/Nchs/Data/Nhanes/Public/2017/DataFiles/UVOC_J.xpt
2017-2018,2017,laboratory,Volatile Organic Compound (VOC) Metabolites II - Urine (Surplus),SSUVOC_J,https://wwwn.cdc.gov/Nchs/Data/Nhanes/Public/2017/DataFiles/SSUVOC_J.htm,https://wwwn.cdc.gov/Nchs/Data/Nhanes/Public/2017/DataFiles/SSUVOC_J.xpt
2017-2018,2017,laboratory,Volatile Organic Compound (VOC) Metabolites: Benzene and Methylating Agent Biomarkers – Urine (Surplus),SSUVCM_J,https://wwwn.cdc.gov/Nchs/Data/Nhanes/Public/2017/DataFiles/SSUVCM_J.htm,https://wwwn.cdc.gov/Nchs/Data/Nhanes/Public/2017/DataFiles/SSUVCM_J.xpt
2017-2018,2017,laboratory,Volatile Organic Compounds and Trihalomethanes/MTBE - Blood,VOCWB_J,https://wwwn.cdc.gov/Nchs/Data/Nhanes/Public/2017/DataFiles/VOCWB_J.htm,https://wwwn.cdc.gov/Nchs/Data/Nhanes/Public/2017/DataFiles/VOCWB_J.xpt
2017-2018,2017,questionnaire,Acculturation,ACQ_J,https://wwwn.cdc.gov/Nchs/Data/Nhanes/Public/2017/DataFiles/ACQ_J.htm,https://wwwn.cdc.gov/Nchs/Data/Nhanes/Public/2017/DataFiles/ACQ_J.xpt
2017-2018,2017,questionnaire,Alcohol Use,ALQ_J,https://wwwn.cdc.gov/Nchs/Data/Nhanes/Public/2017/DataFiles/ALQ_J.htm,https://wwwn.cdc.gov/Nchs/Data/Nhanes/Public/2017/DataFiles/ALQ_J.xpt
2017-2018,2017,questionnaire,Audiometry,AUQ_J,https://wwwn.cdc.gov/Nchs/Data/Nhanes/Public/2017/DataFiles/AUQ_J.htm,https://wwwn.cdc.gov/Nchs/Data/Nhanes/Public/2017/DataFiles/AUQ_J.xpt
2017-2018,2017,questionnaire,Blood Pressure & Cholesterol,BPQ_J,https://wwwn.cdc.gov/Nchs/Data/Nhanes/Public/2017/DataFiles/BPQ_J.htm,https://wwwn.cdc.gov/Nchs/Data/Nhanes/Public/2017/DataFiles/BPQ_J.xpt
2017-2018,2017,questionnaire,Cardiovascular Health,CDQ_J,https://wwwn.cdc.gov/Nchs/Data/Nhanes/Public/2017/DataFiles/CDQ_J.htm,https://wwwn.cdc.gov/Nchs/Data/Nhanes/Public/2017/DataFiles/CDQ_J.xpt
2017-2018,2017,questionnaire,Consumer Behavior,CBQ_J,https://wwwn.cdc.gov/Nchs/Data/Nhanes/Public/2017/DataFiles/CBQ_J.htm,https://wwwn.cdc.gov/Nchs/Data/Nhanes/Public/2017/DataFiles/CBQ_J.xpt
2017-2018,2017,questionnaire,Consumer Behavior Phone Follow-up Module - Adult,CBQPFA_J,https://wwwn.cdc.gov/Nchs/Data/Nhanes/Public/2017/DataFiles/CBQPFA_J.htm,https://wwwn.cdc.gov/Nchs/Data/Nhanes/Public/2017/DataFiles/CBQPFA_J.xpt
2017-2018,2017,questionnaire,Consumer Behavior Phone Follow-up Module - Child,CBQPFC_J,https://wwwn.cdc.gov/Nchs/Data/Nhanes/Public/2017/DataFiles/CBQPFC_J.htm,https://wwwn.cdc.gov/Nchs/Data/Nhanes/Public/2017/DataFiles/CBQPFC_J.xpt
2017-2018,2017,questionnaire,Current Health Status,HSQ_J,https://wwwn.cdc.gov/Nchs/Data/Nhanes/Public/2017/DataFiles/HSQ_J.htm,https://wwwn.cdc.gov/Nchs/Data/Nhanes/Public/2017/DataFiles/HSQ_J.xpt
2017-2018,2017,questionnaire,Dermatology,DEQ_J,https://wwwn.cdc.gov/Nchs/Data/Nhanes/Public/2017/DataFiles/DEQ_J.htm,https://wwwn.cdc.gov/Nchs/Data/Nhanes/Public/2017/DataFiles/DEQ_J.xpt
2017-2018,2017,questionnaire,Diabetes,DIQ_J,https://wwwn.cdc.gov/Nchs/Data/Nhanes/Public/2017/DataFiles/DIQ_J.htm,https://wwwn.cdc.gov/Nchs/Data/Nhanes/Public/2017/DataFiles/DIQ_J.xpt
2017-2018,2017,questionnaire,Diet Behavior & Nutrition,DBQ_J,https://wwwn.cdc.gov/Nchs/Data/Nhanes/Public/2017/DataFiles/DBQ_J.htm,https://wwwn.cdc.gov/Nchs/Data/Nhanes/Public/2017/DataFiles/DBQ_J.xpt
2017-2018,2017,questionnaire,Disability,DLQ_J,https://wwwn.cdc.gov/Nchs/Data/Nhanes/Public/2017/DataFiles/DLQ_J.htm,https://wwwn.cdc.gov/Nchs/Data/Nhanes/Public/2017/DataFiles/DLQ_J.xpt
2017-2018,2017,questionnaire,Drug Use,DUQ_J,https://wwwn.cdc.gov/Nchs/Data/Nhanes/Public/2017/DataFiles/DUQ_J.htm,https://wwwn.cdc.gov/Nchs/Data/Nhanes/Public/2017/DataFiles/DUQ_J.xpt
2017-2018,2017,questionnaire,Early Childhood,ECQ_J,https://wwwn.cdc.gov/Nchs/Data/Nhanes/Public/2017/DataFiles/ECQ_J.htm,https://wwwn.cdc.gov/Nchs/Data/Nhanes/Public/2017/DataFiles/ECQ_J.xpt
2017-2018,2017,questionnaire,Food Security,FSQ_J,https://wwwn.cdc.gov/Nchs/Data/Nhanes/Public/2017/DataFiles/FSQ_J.htm,https://wwwn.cdc.gov/Nchs/Data/Nhanes/Public/2017/DataFiles/FSQ_J.xpt
2017-2018,2017,questionnaire,Health Insurance,HIQ_J,https://wwwn.cdc.gov/Nchs/Data/Nhanes/Public/2017/DataFiles/HIQ_J.htm,https://wwwn.cdc.gov/Nchs/Data/Nhanes/Public/2017/DataFiles/HIQ_J.xpt
2017-2018,2017,questionnaire,Hepatitis,HEQ_J,https://wwwn.cdc.gov/Nchs/Data/Nhanes/Public/2017/DataFiles/HEQ_J.htm,https://wwwn.cdc.gov/Nchs/Data/Nhanes/Public/2017/DataFiles/HEQ_J.xpt
2017-2018,2017,questionnaire,Hospital Utilization & Access to Care,HUQ_J,https://wwwn.cdc.gov/Nchs/Data/Nhanes/Public/2017/DataFiles/HUQ_J.htm,https://wwwn.cdc.gov/Nchs/Data/Nhanes/Public/2017/DataFiles/HUQ_J.xpt
2017-2018,2017,questionnaire,Housing Characteristics,HOQ_J,https://wwwn.cdc.gov/Nchs/Data/Nhanes/Public/2017/DataFiles/HOQ_J.htm,https://wwwn.cdc.gov/Nchs/Data/Nhanes/Public/2017/DataFiles/HOQ_J.xpt
2017-2018,2017,questionnaire,Immunization,IMQ_J,https://wwwn.cdc.gov/Nchs/Data/Nhanes/Public/2017/DataFiles/IMQ_J.htm,https://wwwn.cdc.gov/Nchs/Data/Nhanes/Public/2017/DataFiles/IMQ_J.xpt
2017-2018,2017,questionnaire,Income,INQ_J,https://wwwn.cdc.gov/Nchs/Data/Nhanes/Public/2017/DataFiles/INQ_J.htm,https://wwwn.cdc.gov/Nchs/Data/Nhanes/Public/2017/DataFiles/INQ_J.xpt
2017-2018,2017,questionnaire,Kidney Conditions - Urology,KIQ_U_J,https://wwwn.cdc.gov/Nchs/Data/Nhanes/Public/2017/DataFiles/KIQ_U_J.htm,https://wwwn.cdc.gov/Nchs/Data/Nhanes/Public/2017/DataFiles/KIQ_U_J.xpt
2017-2018,2017,questionnaire,Medical Conditions,MCQ_J,https://wwwn.cdc.gov/Nchs/Data/Nhanes/Public/2017/DataFiles/MCQ_J.htm,https://wwwn.cdc.gov/Nchs/Data/Nhanes/Public/2017/DataFiles/MCQ_J.xpt
2017-2018,2017,questionnaire,Mental Health - Depression Screener,DPQ_J,https://wwwn.cdc.gov/Nchs/Data/Nhanes/Public/2017/DataFiles/DPQ_J.htm,https://wwwn.cdc.gov/Nchs/Data/Nhanes/Public/2017/DataFiles/DPQ_J.xpt
2017-2018,2017,questionnaire,Occupation,OCQ_J,https://wwwn.cdc.gov/Nchs/Data/Nhanes/Public/2017/DataFiles/OCQ_J.htm,https://wwwn.cdc.gov/Nchs/Data/Nhanes/Public/2017/DataFiles/OCQ_J.xpt
2017-2018,2017,questionnaire,Oral Health,OHQ_J,https://wwwn.cdc.gov/Nchs/Data/Nhanes/Public/2017/DataFiles/OHQ_J.htm,https://wwwn.cdc.gov/Nchs/Data/Nhanes/Public/2017/DataFiles/OHQ_J.xpt
2017-2018,2017,questionnaire,Osteoporosis,OSQ_J,https://wwwn.cdc.gov/Nchs/Data/Nhanes/Public/2017/DataFiles/OSQ_J.htm,https://wwwn.cdc.gov/Nchs/Data/Nhanes/Public/2017/DataFiles/OSQ_J.xpt
2017-2018,2017,questionnaire,Pesticide Use,PUQMEC_J,https://wwwn.cdc.gov/Nchs/Data/Nhanes/Public/2017/DataFiles/PUQMEC_J.htm,https://wwwn.cdc.gov/Nchs/Data/Nhanes/Public/2017/DataFiles/PUQMEC_J.xpt
2017-2018,2017,questionnaire,Physical Activity,PAQ_J,https://wwwn.cdc.gov/Nchs/Data/Nhanes/Public/2017/DataFiles/PAQ_J.htm,https://wwwn.cdc.gov/Nchs/Data/Nhanes/Public/2017/DataFiles/PAQ_J.xpt
2017-2018,2017,questionnaire,Physical Activity - Youth,PAQY_J,https://wwwn.cdc.gov/Nchs/Data/Nhanes/Public/2017/DataFiles/PAQY_J.htm,https://wwwn.cdc.gov/Nchs/Data/Nhanes/Public/2017/DataFiles/PAQY_J.xpt
2017-2018,2017,questionnaire,Physical Functioning,PFQ_J,https://wwwn.cdc.gov/Nchs/Data/Nhanes/Public/2017/DataFiles/PFQ_J.htm,https://wwwn.cdc.gov/Nchs/Data/Nhanes/Public/2017/DataFiles/PFQ_J.xpt
2017-2018,2017,questionnaire,Prescription Medications,RXQ_RX_J,https://wwwn.cdc.gov/Nchs/Data/Nhanes/Public/2017/DataFiles/RXQ_RX_J.htm,https://wwwn.cdc.gov/Nchs/Data/Nhanes/Public/2017/DataFiles/RXQ_RX_J.xpt
2017-2018,2017,questionnaire,Prescription Medications - Drug Information,RXQ_DRUG,https://wwwn.cdc.gov/Nchs/Data/Nhanes/Public/1988/DataFiles/RXQ_DRUG.htm,https://wwwn.cdc.gov/Nchs/Data/Nhanes/Public/1988/DataFiles/RXQ_DRUG.xpt
2017-2018,2017,questionnaire,Preventive Aspirin Use,RXQASA_J,https://wwwn.cdc.gov/Nchs/Data/Nhanes/Public/2017/DataFiles/RXQASA_J.htm,https://wwwn.cdc.gov/Nchs/Data/Nhanes/Public/2017/DataFiles/RXQASA_J.xpt
2017-2018,2017,questionnaire,Reproductive Health,RHQ_J,https://wwwn.cdc.gov/Nchs/Data/Nhanes/Public/2017/DataFiles/RHQ_J.htm,https://wwwn.cdc.gov/Nchs/Data/Nhanes/Public/2017/DataFiles/RHQ_J.xpt
2017-2018,2017,questionnaire,Sleep Disorders,SLQ_J,https://wwwn.cdc.gov/Nchs/Data/Nhanes/Public/2017/DataFiles/SLQ_J.htm,https://wwwn.cdc.gov/Nchs/Data/Nhanes/Public/2017/DataFiles/SLQ_J.xpt
2017-2018,2017,questionnaire,Smoking - Cigarette Use,SMQ_J,https://wwwn.cdc.gov/Nchs/Data/Nhanes/Public/2017/DataFiles/SMQ_J.htm,https://wwwn.cdc.gov/Nchs/Data/Nhanes/Public/2017/DataFiles/SMQ_J.xpt
2017-2018,2017,questionnaire,Smoking - Household Smokers,SMQFAM_J,https://wwwn.cdc.gov/Nchs/Data/Nhanes/Public/2017/DataFiles/SMQFAM_J.htm,https://wwwn.cdc.gov/Nchs/Data/Nhanes/Public/2017/DataFiles/SMQFAM_J.xpt
2017-2018,2017,questionnaire,Smoking - Recent Tobacco Use,SMQRTU_J,https://wwwn.cdc.gov/Nchs/Data/Nhanes/Public/2017/DataFiles/SMQRTU_J.htm,https://wwwn.cdc.gov/Nchs/Data/Nhanes/Public/2017/DataFiles/SMQRTU_J.xpt
2017-2018,2017,questionnaire,Smoking - Secondhand Smoke Exposure,SMQSHS_J,https://wwwn.cdc.gov/Nchs/Data/Nhanes/Public/2017/DataFiles/SMQSHS_J.htm,https://wwwn.cdc.gov/Nchs/Data/Nhanes/Public/2017/DataFiles/SMQSHS_J.xpt
2017-2018,2017,questionnaire,Volatile Toxicant,VTQ_J,https://wwwn.cdc.gov/Nchs/Data/Nhanes/Public/2017/DataFiles/VTQ_J.htm,https://wwwn.cdc.gov/Nchs/Data/Nhanes/Public/2017/DataFiles/VTQ_J.xpt
2017-2018,2017,questionnaire,Weight History,WHQ_J,https://wwwn.cdc.gov/Nchs/Data/Nhanes/Public/2017/DataFiles/WHQ_J.htm,https://wwwn.cdc.gov/Nchs/Data/Nhanes/Public/2017/DataFiles/WHQ_J.xpt
2017-2018,2017,questionnaire,Weight History - Youth,WHQMEC_J,https://wwwn.cdc.gov/Nchs/Data/Nhanes/Public/2017/DataFiles/WHQMEC_J.htm,https://wwwn.cdc.gov/Nchs/Data/Nhanes/Public/2017/DataFiles/WHQMEC_J.xpt
2021-2023,2021,demographics,Demographic Variables and Sample Weights,DEMO_L,https://wwwn.cdc.gov/Nchs/Data/Nhanes/Public/2021/DataFiles/DEMO_L.htm,https://wwwn.cdc.gov/Nchs/Data/Nhanes/Public/2021/DataFiles/DEMO_L.xpt
2021-2023,2021,dietary,"Dietary Interview - Individual Foods, First Day",DR1IFF_L,https://wwwn.cdc.gov/Nchs/Data/Nhanes/Public/2021/DataFiles/DR1IFF_L.htm,https://wwwn.cdc.gov/Nchs/Data/Nhanes/Public/2021/DataFiles/DR1IFF_L.xpt
2021-2023,2021,dietary,"Dietary Interview - Individual Foods, Second Day",DR2IFF_L,https://wwwn.cdc.gov/Nchs/Data/Nhanes/Public/2021/DataFiles/DR2IFF_L.htm,https://wwwn.cdc.gov/Nchs/Data/Nhanes/Public/2021/DataFiles/DR2IFF_L.xpt
2021-2023,2021,dietary,"Dietary Interview - Total Nutrient Intakes, First Day",DR1TOT_L,https://wwwn.cdc.gov/Nchs/Data/Nhanes/Public/2021/DataFiles/DR1TOT_L.htm,https://wwwn.cdc.gov/Nchs/Data/Nhanes/Public/2021/DataFiles/DR1TOT_L.xpt
2021-2023,2021,dietary,"Dietary Interview - Total Nutrient Intakes, Second Day",DR2TOT_L,https://wwwn.cdc.gov/Nchs/Data/Nhanes/Public/2021/DataFiles/DR2TOT_L.htm,https://wwwn.cdc.gov/Nchs/Data/Nhanes/Public/2021/DataFiles/DR2TOT_L.xpt
2021-2023,2021,dietary,Dietary Interview Technical Support File - Food Codes,DRXFCD_L,https://wwwn.cdc.gov/Nchs/Data/Nhanes/Public/2021/DataFiles/DRXFCD_L.htm,https://wwwn.cdc.gov/Nchs/Data/Nhanes/Public/2021/DataFiles/DRXFCD_L.xpt
2021-2023,2021,dietary,Dietary Supplement Database - Blend Information,DSBI,https://wwwn.cdc.gov/Nchs/Data/Nhanes/Public/1999/DataFiles/DSBI.htm,https://wwwn.cdc.gov/Nchs/Data/Nhanes/Public/1999/DataFiles/DSBI.xpt
2021-2023,2021,dietary,Dietary Supplement Database - Ingredient Information,DSII,https://wwwn.cdc.gov/Nchs/Data/Nhanes/Public/1999/DataFiles/DSII.htm,https://wwwn.cdc.gov/Nchs/Data/Nhanes/Public/1999/DataFiles/DSII.xpt
2021-2023,2021,dietary,Dietary Supplement Database - Product Information,DSPI,https://wwwn.cdc.gov/Nchs/Data/Nhanes/Public/1999/DataFiles/DSPI.htm,https://wwwn.cdc.gov/Nchs/Data/Nhanes/Public/1999/DataFiles/DSPI.xpt
2021-2023,2021,dietary,Dietary Supplement Use 30-Day - Individual Dietary Supplements,DSQIDS_L,https://wwwn.cdc.gov/Nchs/Data/Nhanes/Public/2021/DataFiles/DSQIDS_L.htm,https://wwwn.cdc.gov/Nchs/Data/Nhanes/Public/2021/DataFiles/DSQIDS_L.xpt
2021-2023,2021,dietary,Dietary Supplement Use 30-Day - Total Dietary Supplements,DSQTOT_L,https://wwwn.cdc.gov/Nchs/Data/Nhanes/Public/2021/DataFiles/DSQTOT_L.htm,https://wwwn.cdc.gov/Nchs/Data/Nhanes/Public/2021/DataFiles/DSQTOT_L.xpt
2021-2023,2021,examination,Balance,BAX_L,https://wwwn.cdc.gov/Nchs/Data/Nhanes/Public/2021/DataFiles/BAX_L.htm,https://wwwn.cdc.gov/Nchs/Data/Nhanes/Public/2021/DataFiles/BAX_L.xpt
2021-2023,2021,examination,Blood Pressure - Oscillometric Measurements,BPXO_L,https://wwwn.cdc.gov/Nchs/Data/Nhanes/Public/2021/DataFiles/BPXO_L.htm,https://wwwn.cdc.gov/Nchs/Data/Nhanes/Public/2021/DataFiles/BPXO_L.xpt
2021-2023,2021,examination,Body Measures,BMX_L,https://wwwn.cdc.gov/Nchs/Data/Nhanes/Public/2021/DataFiles/BMX_L.htm,https://wwwn.cdc.gov/Nchs/Data/Nhanes/Public/2021/DataFiles/BMX_L.xpt
2021-2023,2021,examination,Liver Ultrasound Transient Elastography,LUX_L,https://wwwn.cdc.gov/Nchs/Data/Nhanes/Public/2021/DataFiles/LUX_L.htm,https://wwwn.cdc.gov/Nchs/Data/Nhanes/Public/2021/DataFiles/LUX_L.xpt
2021-2023,2021,laboratory,Albumin & Creatinine - Urine,ALB_CR_L,https://wwwn.cdc.gov/Nchs/Data/Nhanes/Public/2021/DataFiles/ALB_CR_L.htm,https://wwwn.cdc.gov/Nchs/Data/Nhanes/Public/2021/DataFiles/ALB_CR_L.xpt
2021-2023,2021,laboratory,alpha-1-Acid Glycoprotein,AGP_L,https://wwwn.cdc.gov/Nchs/Data/Nhanes/Public/2021/DataFiles/AGP_L.htm,https://wwwn.cdc.gov/Nchs/Data/Nhanes/Public/2021/DataFiles/AGP_L.xpt
2021-2023,2021,laboratory,Butyrylcholinesterase Activity & Concentration,BCHE_L,https://wwwn.cdc.gov/Nchs/Data/Nhanes/Public/2021/DataFiles/BCHE_L.htm,https://wwwn.cdc.gov/Nchs/Data/Nhanes/Public/2021/DataFiles/BCHE_L.xpt
2021-2023,2021,laboratory,Cholesterol – High-Density Lipoprotein,HDL_L,https://wwwn.cdc.gov/Nchs/Data/Nhanes/Public/2021/DataFiles/HDL_L.htm,https://wwwn.cdc.gov/Nchs/Data/Nhanes/Public/2021/DataFiles/HDL_L.xpt
2021-2023,2021,laboratory,Cholesterol - Low-Density Lipoproteins (LDL) & Triglycerides,TRIGLY_L,https://wwwn.cdc.gov/Nchs/Data/Nhanes/Public/2021/DataFiles/TRIGLY_L.htm,https://wwwn.cdc.gov/Nchs/Data/Nhanes/Public/2021/DataFiles/TRIGLY_L.xpt
2021-2023,2021,laboratory,Cholesterol - Total,TCHOL_L,https://wwwn.cdc.gov/Nchs/Data/Nhanes/Public/2021/DataFiles/TCHOL_L.htm,https://wwwn.cdc.gov/Nchs/Data/Nhanes/Public/2021/DataFiles/TCHOL_L.xpt
2021-2023,2021,laboratory,Complete Blood Count with 5-Part Differential in Whole Blood,CBC_L,https://wwwn.cdc.gov/Nchs/Data/Nhanes/Public/2021/DataFiles/CBC_L.htm,https://wwwn.cdc.gov/Nchs/Data/Nhanes/Public/2021/DataFiles/CBC_L.xpt
2021-2023,2021,laboratory,Cotinine and Hydroxycotinine - Serum,COT_L,https://wwwn.cdc.gov/Nchs/Data/Nhanes/Public/2021/DataFiles/COT_L.htm,https://wwwn.cdc.gov/Nchs/Data/Nhanes/Public/2021/DataFiles/COT_L.xpt
2021-2023,2021,laboratory,Fasting Questionnaire,FASTQX_L,https://wwwn.cdc.gov/Nchs/Data/Nhanes/Public/2021/DataFiles/FASTQX_L.htm,https://wwwn.cdc.gov/Nchs/Data/Nhanes/Public/2021/DataFiles/FASTQX_L.xpt
2021-2023,2021,laboratory,Fatty Acids - Washed RBCs,FAR_L,https://wwwn.cdc.gov/Nchs/Data/Nhanes/Public/2021/DataFiles/FAR_L.htm,https://wwwn.cdc.gov/Nchs/Data/Nhanes/Public/2021/DataFiles/FAR_L.xpt
2021-2023,2021,laboratory,Ferritin,FERTIN_L,https://wwwn.cdc.gov/Nchs/Data/Nhanes/Public/2021/DataFiles/FERTIN_L.htm,https://wwwn.cdc.gov/Nchs/Data/Nhanes/Public/2021/DataFiles/FERTIN_L.xpt
2021-2023,2021,laboratory,Folate - RBC,FOLATE_L,https://wwwn.cdc.gov/Nchs/Data/Nhanes/Public/2021/DataFiles/FOLATE_L.htm,https://wwwn.cdc.gov/Nchs/Data/Nhanes/Public/2021/DataFiles/FOLATE_L.xpt
2021-2023,2021,laboratory,Folate Forms - Total & Individual – Washed RBCs,FFMR_L,https://wwwn.cdc.gov/Nchs/Data/Nhanes/Public/2021/DataFiles/FFMR_L.htm,https://wwwn.cdc.gov/Nchs/Data/Nhanes/Public/2021/DataFiles/FFMR_L.xpt
2021-2023,2021,laboratory,Glycohemoglobin,GHB_L,https://wwwn.cdc.gov/Nchs/Data/Nhanes/Public/2021/DataFiles/GHB_L.htm,https://wwwn.cdc.gov/Nchs/Data/Nhanes/Public/2021/DataFiles/GHB_L.xpt
2021-2023,2021,laboratory,Hepatitis A,HEPA_L,https://wwwn.cdc.gov/Nchs/Data/Nhanes/Public/2021/DataFiles/HEPA_L.htm,https://wwwn.cdc.gov/Nchs/Data/Nhanes/Public/2021/DataFiles/HEPA_L.xpt
2021-2023,2021,laboratory,Hepatitis B Surface Antibody,HEPB_S_L,https://wwwn.cdc.gov/Nchs/Data/Nhanes/Public/2021/DataFiles/HEPB_S_L.htm,https://wwwn.cdc.gov/Nchs/Data/Nhanes/Public/2021/DataFiles/HEPB_S_L.xpt
2021-2023,2021,laboratory,"Hepatitis B: Core antibody, Surface antigen, and Hepatitis D: antibody",HEPBD_L,https://wwwn.cdc.gov/Nchs/Data/Nhanes/Public/2021/DataFiles/HEPBD_L.htm,https://wwwn.cdc.gov/Nchs/Data/Nhanes/Public/2021/DataFiles/HEPBD_L.xpt
2021-2023,2021,laboratory,"Hepatitis C: RNA (HCV-RNA), Confirmed Antibody (INNO-LIA), & Genotype",HEPC_L,https://wwwn.cdc.gov/Nchs/Data/Nhanes/Public/2021/DataFiles/HEPC_L.htm,https://wwwn.cdc.gov/Nchs/Data/Nhanes/Public/2021/DataFiles/HEPC_L.xpt
2021-2023,2021,laboratory,Hepatitis E: IgG & IgM Antibodies,HEPE_L,https://wwwn.cdc.gov/Nchs/Data/Nhanes/Public/2021/DataFiles/HEPE_L.htm,https://wwwn.cdc.gov/Nchs/Data/Nhanes/Public/2021/DataFiles/HEPE_L.xpt
2021-2023,2021,laboratory,High-Sensitivity C-Reactive Protein,HSCRP_L,https://wwwn.cdc.gov/Nchs/Data/Nhanes/Public/2021/DataFiles/HSCRP_L.htm,https://wwwn.cdc.gov/Nchs/Data/Nhanes/Public/2021/DataFiles/HSCRP_L.xpt
2021-2023,2021,laboratory,Insulin,INS_L,https://wwwn.cdc.gov/Nchs/Data/Nhanes/Public/2021/DataFiles/INS_L.htm,https://wwwn.cdc.gov/Nchs/Data/Nhanes/Public/2021/DataFiles/INS_L.xpt
2021-2023,2021,laboratory,"Lead, Cadmium, Total Mercury, Selenium, & Manganese – Blood",PBCD_L,https://wwwn.cdc.gov/Nchs/Data/Nhanes/Public/2021/DataFiles/PBCD_L.htm,https://wwwn.cdc.gov/Nchs/Data/Nhanes/Public/2021/DataFiles/PBCD_L.xpt
2021-2023,2021,laboratory,"Mercury:  Inorganic, Ethyl, and Methyl - Blood",IHGEM_L,https://wwwn.cdc.gov/Nchs/Data/Nhanes/Public/2021/DataFiles/IHGEM_L.htm,https://wwwn.cdc.gov/Nchs/Data/Nhanes/Public/2021/DataFiles/IHGEM_L.xpt
2021-2023,2021,laboratory,Perfluoroalkyl and Polyfluoroalkyl Substances,PFAS_L,https://wwwn.cdc.gov/Nchs/Data/Nhanes/Public/2021/DataFiles/PFAS_L.htm,https://wwwn.cdc.gov/Nchs/Data/Nhanes/Public/2021/DataFiles/PFAS_L.xpt
2021-2023,2021,laboratory,Plasma Fasting Glucose,GLU_L,https://wwwn.cdc.gov/Nchs/Data/Nhanes/Public/2021/DataFiles/GLU_L.htm,https://wwwn.cdc.gov/Nchs/Data/Nhanes/Public/2021/DataFiles/GLU_L.xpt
2021-2023,2021,laboratory,Serum Folate Forms - Total & Individual - Serum,FOLFMS_L,https://wwwn.cdc.gov/Nchs/Data/Nhanes/Public/2021/DataFiles/FOLFMS_L.htm,https://wwwn.cdc.gov/Nchs/Data/Nhanes/Public/2021/DataFiles/FOLFMS_L.xpt
2021-2023,2021,laboratory,Sex Steroid Hormone Panel - Serum,TST_L,https://wwwn.cdc.gov/Nchs/Data/Nhanes/Public/2021/DataFiles/TST_L.htm,https://wwwn.cdc.gov/Nchs/Data/Nhanes/Public/2021/DataFiles/TST_L.xpt
2021-2023,2021,laboratory,Standard Biochemistry Profile,BIOPRO_L,https://wwwn.cdc.gov/Nchs/Data/Nhanes/Public/2021/DataFiles/BIOPRO_L.htm,https://wwwn.cdc.gov/Nchs/Data/Nhanes/Public/2021/DataFiles/BIOPRO_L.xpt
2021-2023,2021,laboratory,Transferrin Receptor,TFR_L,https://wwwn.cdc.gov/Nchs/Data/Nhanes/Public/2021/DataFiles/TFR_L.htm,https://wwwn.cdc.gov/Nchs/Data/Nhanes/Public/2021/DataFiles/TFR_L.xpt
2021-2023,2021,laboratory,Urine Pregnancy Test,UCPREG_L,https://wwwn.cdc.gov/Nchs/Data/Nhanes/Public/2021/DataFiles/UCPREG_L.htm,https://wwwn.cdc.gov/Nchs/Data/Nhanes/Public/2021/DataFiles/UCPREG_L.xpt
2021-2023,2021,laboratory,Vitamin D,VID_L,https://wwwn.cdc.gov/Nchs/Data/Nhanes/Public/2021/DataFiles/VID_L.htm,https://wwwn.cdc.gov/Nchs/Data/Nhanes/Public/2021/DataFiles/VID_L.xpt
2021-2023,2021,laboratory,Volatile Organic Compounds and Trihalomethanes/MTBE - Blood,VOCWB_L,https://wwwn.cdc.gov/Nchs/Data/Nhanes/Public/2021/DataFiles/VOCWB_L.htm,https://wwwn.cdc.gov/Nchs/Data/Nhanes/Public/2021/DataFiles/VOCWB_L.xpt
2021-2023,2021,questionnaire,Audiometry,AUQ_L,https://wwwn.cdc.gov/Nchs/Data/Nhanes/Public/2021/DataFiles/AUQ_L.htm,https://wwwn.cdc.gov/Nchs/Data/Nhanes/Public/2021/DataFiles/AUQ_L.xpt
2021-2023,2021,questionnaire,Acculturation,ACQ_L,https://wwwn.cdc.gov/Nchs/Data/Nhanes/Public/2021/DataFiles/ACQ_L.htm,https://wwwn.cdc.gov/Nchs/Data/Nhanes/Public/2021/DataFiles/ACQ_L.xpt
2021-2023,2021,questionnaire,Alcohol Use,ALQ_L,https://wwwn.cdc.gov/Nchs/Data/Nhanes/Public/2021/DataFiles/ALQ_L.htm,https://wwwn.cdc.gov/Nchs/Data/Nhanes/Public/2021/DataFiles/ALQ_L.xpt
2021-2023,2021,questionnaire,Balance,BAQ_L,https://wwwn.cdc.gov/Nchs/Data/Nhanes/Public/2021/DataFiles/BAQ_L.htm,https://wwwn.cdc.gov/Nchs/Data/Nhanes/Public/2021/DataFiles/BAQ_L.xpt
2021-2023,2021,questionnaire,Blood Pressure & Cholesterol,BPQ_L,https://wwwn.cdc.gov/Nchs/Data/Nhanes/Public/2021/DataFiles/BPQ_L.htm,https://wwwn.cdc.gov/Nchs/Data/Nhanes/Public/2021/DataFiles/BPQ_L.xpt
2021-2023,2021,questionnaire,Current Health Status,HSQ_L,https://wwwn.cdc.gov/Nchs/Data/Nhanes/Public/2021/DataFiles/HSQ_L.htm,https://wwwn.cdc.gov/Nchs/Data/Nhanes/Public/2021/DataFiles/HSQ_L.xpt
2021-2023,2021,questionnaire,Dermatology,DEQ_L,https://wwwn.cdc.gov/Nchs/Data/Nhanes/Public/2021/DataFiles/DEQ_L.htm,https://wwwn.cdc.gov/Nchs/Data/Nhanes/Public/2021/DataFiles/DEQ_L.xpt
2021-2023,2021,questionnaire,Diabetes,DIQ_L,https://wwwn.cdc.gov/Nchs/Data/Nhanes/Public/2021/DataFiles/DIQ_L.htm,https://wwwn.cdc.gov/Nchs/Data/Nhanes/Public/2021/DataFiles/DIQ_L.xpt
2021-2023,2021,questionnaire,Diet Behavior & Nutrition,DBQ_L,https://wwwn.cdc.gov/Nchs/Data/Nhanes/Public/2021/DataFiles/DBQ_L.htm,https://wwwn.cdc.gov/Nchs/Data/Nhanes/Public/2021/DataFiles/DBQ_L.xpt
2021-2023,2021,questionnaire,Early Childhood,ECQ_L,https://wwwn.cdc.gov/Nchs/Data/Nhanes/Public/2021/DataFiles/ECQ_L.htm,https://wwwn.cdc.gov/Nchs/Data/Nhanes/Public/2021/DataFiles/ECQ_L.xpt
2021-2023,2021,questionnaire,Food Security,FSQ_L,https://wwwn.cdc.gov/Nchs/Data/Nhanes/Public/2021/DataFiles/FSQ_L.htm,https://wwwn.cdc.gov/Nchs/Data/Nhanes/Public/2021/DataFiles/FSQ_L.xpt
2021-2023,2021,questionnaire,Functioning,FNQ_L,https://wwwn.cdc.gov/Nchs/Data/Nhanes/Public/2021/DataFiles/FNQ_L.htm,https://wwwn.cdc.gov/Nchs/Data/Nhanes/Public/2021/DataFiles/FNQ_L.xpt
2021-2023,2021,questionnaire,Health Insurance,HIQ_L,https://wwwn.cdc.gov/Nchs/Data/Nhanes/Public/2021/DataFiles/HIQ_L.htm,https://wwwn.cdc.gov/Nchs/Data/Nhanes/Public/2021/DataFiles/HIQ_L.xpt
2021-2023,2021,questionnaire,Hepatitis,HEQ_L,https://wwwn.cdc.gov/Nchs/Data/Nhanes/Public/2021/DataFiles/HEQ_L.htm,https://wwwn.cdc.gov/Nchs/Data/Nhanes/Public/2021/DataFiles/HEQ_L.xpt
2021-2023,2021,questionnaire,Hospital Utilization & Access to Care,HUQ_L,https://wwwn.cdc.gov/Nchs/Data/Nhanes/Public/2021/DataFiles/HUQ_L.htm,https://wwwn.cdc.gov/Nchs/Data/Nhanes/Public/2021/DataFiles/HUQ_L.xpt
2021-2023,2021,questionnaire,Housing Characteristics,HOQ_L,https://wwwn.cdc.gov/Nchs/Data/Nhanes/Public/2021/DataFiles/HOQ_L.htm,https://wwwn.cdc.gov/Nchs/Data/Nhanes/Public/2021/DataFiles/HOQ_L.xpt
2021-2023,2021,questionnaire,Immunization,IMQ_L,https://wwwn.cdc.gov/Nchs/Data/Nhanes/Public/2021/DataFiles/IMQ_L.htm,https://wwwn.cdc.gov/Nchs/Data/Nhanes/Public/2021/DataFiles/IMQ_L.xpt
2021-2023,2021,questionnaire,Income,INQ_L,https://wwwn.cdc.gov/Nchs/Data/Nhanes/Public/2021/DataFiles/INQ_L.htm,https://wwwn.cdc.gov/Nchs/Data/Nhanes/Public/2021/DataFiles/INQ_L.xpt
2021-2023,2021,questionnaire,Kidney Conditions - Urology,KIQ_U_L,https://wwwn.cdc.gov/Nchs/Data/Nhanes/Public/2021/DataFiles/KIQ_U_L.htm,https://wwwn.cdc.gov/Nchs/Data/Nhanes/Public/2021/DataFiles/KIQ_U_L.xpt
2021-2023,2021,questionnaire,Medical Conditions,MCQ_L,https://wwwn.cdc.gov/Nchs/Data/Nhanes/Public/2021/DataFiles/MCQ_L.htm,https://wwwn.cdc.gov/Nchs/Data/Nhanes/Public/2021/DataFiles/MCQ_L.xpt
2021-2023,2021,questionnaire,Mental Health - Depression Screener,DPQ_L,https://wwwn.cdc.gov/Nchs/Data/Nhanes/Public/2021/DataFiles/DPQ_L.htm,https://wwwn.cdc.gov/Nchs/Data/Nhanes/Public/2021/DataFiles/DPQ_L.xpt
2021-2023,2021,questionnaire,Occupation,OCQ_L,https://wwwn.cdc.gov/Nchs/Data/Nhanes/Public/2021/DataFiles/OCQ_L.htm,https://wwwn.cdc.gov/Nchs/Data/Nhanes/Public/2021/DataFiles/OCQ_L.xpt
2021-2023,2021,questionnaire,Oral Health,OHQ_L,https://wwwn.cdc.gov/Nchs/Data/Nhanes/Public/2021/DataFiles/OHQ_L.htm,https://wwwn.cdc.gov/Nchs/Data/Nhanes/Public/2021/DataFiles/OHQ_L.xpt
2021-2023,2021,questionnaire,Pesticide Use,PUQMEC_L,https://wwwn.cdc.gov/Nchs/Data/Nhanes/Public/2021/DataFiles/PUQMEC_L.htm,https://wwwn.cdc.gov/Nchs/Data/Nhanes/Public/2021/DataFiles/PUQMEC_L.xpt
2021-2023,2021,questionnaire,Physical Activity,PAQ_L,https://wwwn.cdc.gov/Nchs/Data/Nhanes/Public/2021/DataFiles/PAQ_L.htm,https://wwwn.cdc.gov/Nchs/Data/Nhanes/Public/2021/DataFiles/PAQ_L.xpt
2021-2023,2021,questionnaire,Physical Activity - Youth,PAQY_L,https://wwwn.cdc.gov/Nchs/Data/Nhanes/Public/2021/DataFiles/PAQY_L.htm,https://wwwn.cdc.gov/Nchs/Data/Nhanes/Public/2021/DataFiles/PAQY_L.xpt
2021-2023,2021,questionnaire,Prescription Medications,RXQ_RX_L,https://wwwn.cdc.gov/Nchs/Data/Nhanes/Public/2021/DataFiles/RXQ_RX_L.htm,https://wwwn.cdc.gov/Nchs/Data/Nhanes/Public/2021/DataFiles/RXQ_RX_L.xpt
2021-2023,2021,questionnaire,Preventive Aspirin Use,RXQASA_L,https://wwwn.cdc.gov/Nchs/Data/Nhanes/Public/2021/DataFiles/RXQASA_L.htm,https://wwwn.cdc.gov/Nchs/Data/Nhanes/Public/2021/DataFiles/RXQASA_L.xpt
2021-2023,2021,questionnaire,Reproductive Health,RHQ_L,https://wwwn.cdc.gov/Nchs/Data/Nhanes/Public/2021/DataFiles/RHQ_L.htm,https://wwwn.cdc.gov/Nchs/Data/Nhanes/Public/2021/DataFiles/RHQ_L.xpt
2021-2023,2021,questionnaire,Sleep Disorders,SLQ_L,https://wwwn.cdc.gov/Nchs/Data/Nhanes/Public/2021/DataFiles/SLQ_L.htm,https://wwwn.cdc.gov/Nchs/Data/Nhanes/Public/2021/DataFiles/SLQ_L.xpt
2021-2023,2021,questionnaire,Smoking - Cigarette Use,SMQ_L,https://wwwn.cdc.gov/Nchs/Data/Nhanes/Public/2021/DataFiles/SMQ_L.htm,https://wwwn.cdc.gov/Nchs/Data/Nhanes/Public/2021/DataFiles/SMQ_L.xpt
2021-2023,2021,questionnaire,Smoking - Household Smokers,SMQFAM_L,https://wwwn.cdc.gov/Nchs/Data/Nhanes/Public/2021/DataFiles/SMQFAM_L.htm,https://wwwn.cdc.gov/Nchs/Data/Nhanes/Public/2021/DataFiles/SMQFAM_L.xpt
2021-2023,2021,questionnaire,Smoking - Recent Tobacco Use,SMQRTU_L,https://wwwn.cdc.gov/Nchs/Data/Nhanes/Public/2021/DataFiles/SMQRTU_L.htm,https://wwwn.cdc.gov/Nchs/Data/Nhanes/Public/2021/DataFiles/SMQRTU_L.xpt
2021-2023,2021,questionnaire,Volatile Toxicant,VTQ_L,https://wwwn.cdc.gov/Nchs/Data/Nhanes/Public/2021/DataFiles/VTQ_L.htm,https://wwwn.cdc.gov/Nchs/Data/Nhanes/Public/2021/DataFiles/VTQ_L.xpt
2021-2023,2021,questionnaire,Weight History,WHQ_L,https://wwwn.cdc.gov/Nchs/Data/Nhanes/Public/2021/DataFiles/WHQ_L.htm,https://wwwn.cdc.gov/Nchs/Data/Nhanes/Public/2021/DataFiles/WHQ_L.xpt
2017-2020,2017,demographics,Demographic Variables and Sample Weights,P_DEMO,https://wwwn.cdc.gov/Nchs/Data/Nhanes/Public/2017/DataFiles/P_DEMO.htm,https://wwwn.cdc.gov/Nchs/Data/Nhanes/Public/2017/DataFiles/P_DEMO.xpt
2017-2020,2017,dietary,"Dietary Interview - Individual Foods, First Day",P_DR1IFF,https://wwwn.cdc.gov/Nchs/Data/Nhanes/Public/2017/DataFiles/P_DR1IFF.htm,https://wwwn.cdc.gov/Nchs/Data/Nhanes/Public/2017/DataFiles/P_DR1IFF.xpt
2017-2020,2017,dietary,"Dietary Interview - Individual Foods, Second Day",P_DR2IFF,https://wwwn.cdc.gov/Nchs/Data/Nhanes/Public/2017/DataFiles/P_DR2IFF.htm,https://wwwn.cdc.gov/Nchs/Data/Nhanes/Public/2017/DataFiles/P_DR2IFF.xpt
2017-2020,2017,dietary,"Dietary Interview - Total Nutrient Intakes, First Day",P_DR1TOT,https://wwwn.cdc.gov/Nchs/Data/Nhanes/Public/2017/DataFiles/P_DR1TOT.htm,https://wwwn.cdc.gov/Nchs/Data/Nhanes/Public/2017/DataFiles/P_DR1TOT.xpt
2017-2020,2017,dietary,"Dietary Interview - Total Nutrient Intakes, Second Day",P_DR2TOT,https://wwwn.cdc.gov/Nchs/Data/Nhanes/Public/2017/DataFiles/P_DR2TOT.htm,https://wwwn.cdc.gov/Nchs/Data/Nhanes/Public/2017/DataFiles/P_DR2TOT.xpt
2017-2020,2017,dietary,Dietary Interview Technical Support File - Food Codes,P_DRXFCD,https://wwwn.cdc.gov/Nchs/Data/Nhanes/Public/2017/DataFiles/P_DRXFCD.htm,https://wwwn.cdc.gov/Nchs/Data/Nhanes/Public/2017/DataFiles/P_DRXFCD.xpt
2017-2020,2017,dietary,"Dietary Supplement Use 24-Hour - Individual Dietary Supplements, First Day",P_DS1IDS,https://wwwn.cdc.gov/Nchs/Data/Nhanes/Public/2017/DataFiles/P_DS1IDS.htm,https://wwwn.cdc.gov/Nchs/Data/Nhanes/Public/2017/DataFiles/P_DS1IDS.xpt
2017-2020,2017,dietary,"Dietary Supplement Use 24-Hour - Individual Dietary Supplements, Second Day",P_DS2IDS,https://wwwn.cdc.gov/Nchs/Data/Nhanes/Public/2017/DataFiles/P_DS2IDS.htm,https://wwwn.cdc.gov/Nchs/Data/Nhanes/Public/2017/DataFiles/P_DS2IDS.xpt
2017-2020,2017,dietary,"Dietary Supplement Use 24-Hour - Total Dietary Supplements, First Day",P_DS1TOT,https://wwwn.cdc.gov/Nchs/Data/Nhanes/Public/2017/DataFiles/P_DS1TOT.htm,https://wwwn.cdc.gov/Nchs/Data/Nhanes/Public/2017/DataFiles/P_DS1TOT.xpt
2017-2020,2017,dietary,"Dietary Supplement Use 24-Hour - Total Dietary Supplements, Second Day",P_DS2TOT,https://wwwn.cdc.gov/Nchs/Data/Nhanes/Public/2017/DataFiles/P_DS2TOT.htm,https://wwwn.cdc.gov/Nchs/Data/Nhanes/Public/2017/DataFiles/P_DS2TOT.xpt
2017-2020,2017,dietary,Dietary Supplement Use 30-Day - Individual Dietary Supplements,P_DSQIDS,https://wwwn.cdc.gov/Nchs/Data/Nhanes/Public/2017/DataFiles/P_DSQIDS.htm,https://wwwn.cdc.gov/Nchs/Data/Nhanes/Public/2017/DataFiles/P_DSQIDS.xpt
2017-2020,2017,dietary,Dietary Supplement Use 30-Day - Total Dietary Supplements,P_DSQTOT,https://wwwn.cdc.gov/Nchs/Data/Nhanes/Public/2017/DataFiles/P_DSQTOT.htm,https://wwwn.cdc.gov/Nchs/Data/Nhanes/Public/2017/DataFiles/P_DSQTOT.xpt
2017-2020,2017,examination,Audiometry,P_AUX,https://wwwn.cdc.gov/Nchs/Data/Nhanes/Public/2017/DataFiles/P_AUX.htm,https://wwwn.cdc.gov/Nchs/Data/Nhanes/Public/2017/DataFiles/P_AUX.xpt
2017-2020,2017,examination,Audiometry - Acoustic Reflex,P_AUXAR,https://wwwn.cdc.gov/Nchs/Data/Nhanes/Public/2017/DataFiles/P_AUXAR.htm,https://wwwn.cdc.gov/Nchs/Data/Nhanes/Public/2017/DataFiles/P_AUXAR.xpt
2017-2020,2017,examination,Audiometry - Tympanometry,P_AUXTYM,https://wwwn.cdc.gov/Nchs/Data/Nhanes/Public/2017/DataFiles/P_AUXTYM.htm,https://wwwn.cdc.gov/Nchs/Data/Nhanes/Public/2017/DataFiles/P_AUXTYM.xpt
2017-2020,2017,examination,Audiometry - Wideband Reflectance,P_AUXWBR,https://wwwn.cdc.gov/Nchs/Data/Nhanes/Public/2017/DataFiles/P_AUXWBR.htm,https://wwwn.cdc.gov/Nchs/Data/Nhanes/Public/2017/DataFiles/P_AUXWBR.xpt
2017-2020,2017,examination,Blood Pressure - Oscillometric Measurement,P_BPXO,https://wwwn.cdc.gov/Nchs/Data/Nhanes/Public/2017/DataFiles/P_BPXO.htm,https://wwwn.cdc.gov/Nchs/Data/Nhanes/Public/2017/DataFiles/P_BPXO.xpt
2017-2020,2017,examination,Body Measures,P_BMX,https://wwwn.cdc.gov/Nchs/Data/Nhanes/Public/2017/DataFiles/P_BMX.htm,https://wwwn.cdc.gov/Nchs/Data/Nhanes/Public/2017/DataFiles/P_BMX.xpt
2017-2020,2017,examination,Dual-Energy X-ray Absorptiometry - Femur,P_DXXFEM,https://wwwn.cdc.gov/Nchs/Data/Nhanes/Public/2017/DataFiles/P_DXXFEM.htm,https://wwwn.cdc.gov/Nchs/Data/Nhanes/Public/2017/DataFiles/P_DXXFEM.xpt
2017-2020,2017,examination,Dual-Energy X-ray Absorptiometry - Spine,P_DXXSPN,https://wwwn.cdc.gov/Nchs/Data/Nhanes/Public/2017/DataFiles/P_DXXSPN.htm,https://wwwn.cdc.gov/Nchs/Data/Nhanes/Public/2017/DataFiles/P_DXXSPN.xpt
2017-2020,2017,examination,Liver Ultrasound Transient Elastography,P_LUX,https://wwwn.cdc.gov/Nchs/Data/Nhanes/Public/2017/DataFiles/P_LUX.htm,https://wwwn.cdc.gov/Nchs/Data/Nhanes/Public/2017/DataFiles/P_LUX.xpt
2017-2020,2017,examination,Oral Health - Dentition,P_OHXDEN,https://wwwn.cdc.gov/Nchs/Data/Nhanes/Public/2017/DataFiles/P_OHXDEN.htm,https://wwwn.cdc.gov/Nchs/Data/Nhanes/Public/2017/DataFiles/P_OHXDEN.xpt
2017-2020,2017,examination,Oral Health - Recommendation of Care,P_OHXREF,https://wwwn.cdc.gov/Nchs/Data/Nhanes/Public/2017/DataFiles/P_OHXREF.htm,https://wwwn.cdc.gov/Nchs/Data/Nhanes/Public/2017/DataFiles/P_OHXREF.xpt
2017-2020,2017,laboratory,Albumin & Creatinine - Urine,P_ALB_CR,https://wwwn.cdc.gov/Nchs/Data/Nhanes/Public/2017/DataFiles/P_ALB_CR.htm,https://wwwn.cdc.gov/Nchs/Data/Nhanes/Public/2017/DataFiles/P_ALB_CR.xpt
2017-2020,2017,laboratory,Alpha-1-Acid Glycoprotein - Serum (Surplus),P_SSAGP,https://wwwn.cdc.gov/Nchs/Data/Nhanes/Public/2017/DataFiles/P_SSAGP.htm,https://wwwn.cdc.gov/Nchs/Data/Nhanes/Public/2017/DataFiles/P_SSAGP.xpt
2017-2020,2017,laboratory,Arsenic - Total - Urine,P_UTAS,https://wwwn.cdc.gov/Nchs/Data/Nhanes/Public/2017/DataFiles/P_UTAS.htm,https://wwwn.cdc.gov/Nchs/Data/Nhanes/Public/2017/DataFiles/P_UTAS.xpt
2017-2020,2017,laboratory,Arsenics - Speciated - Urine,P_UAS,https://wwwn.cdc.gov/Nchs/Data/Nhanes/Public/2017/DataFiles/P_UAS.htm,https://wwwn.cdc.gov/Nchs/Data/Nhanes/Public/2017/DataFiles/P_UAS.xpt
2017-2020,2017,laboratory,Cholesterol - High - Density Lipoprotein (HDL),P_HDL,https://wwwn.cdc.gov/Nchs/Data/Nhanes/Public/2017/DataFiles/P_HDL.htm,https://wwwn.cdc.gov/Nchs/Data/Nhanes/Public/2017/DataFiles/P_HDL.xpt
2017-2020,2017,laboratory,Cholesterol - Low-Density Lipoproteins (LDL) & Triglycerides,P_TRIGLY,https://wwwn.cdc.gov/Nchs/Data/Nhanes/Public/2017/DataFiles/P_TRIGLY.htm,https://wwwn.cdc.gov/Nchs/Data/Nhanes/Public/2017/DataFiles/P_TRIGLY.xpt
2017-2020,2017,laboratory,Cholesterol - Total,P_TCHOL,https://wwwn.cdc.gov/Nchs/Data/Nhanes/Public/2017/DataFiles/P_TCHOL.htm,https://wwwn.cdc.gov/Nchs/Data/Nhanes/Public/2017/DataFiles/P_TCHOL.xpt
2017-2020,2017,laboratory,Chromium - Urine,P_UCM,https://wwwn.cdc.gov/Nchs/Data/Nhanes/Public/2017/DataFiles/P_UCM.htm,https://wwwn.cdc.gov/Nchs/Data/Nhanes/Public/2017/DataFiles/P_UCM.xpt
2017-2020,2017,laboratory,Chromium & Cobalt,P_CRCO,https://wwwn.cdc.gov/Nchs/Data/Nhanes/Public/2017/DataFiles/P_CRCO.htm,https://wwwn.cdc.gov/Nchs/Data/Nhanes/Public/2017/DataFiles/P_CRCO.xpt
2017-2020,2017,laboratory,Complete Blood Count with 5-Part Differential in Whole Blood,P_CBC,https://wwwn.cdc.gov/Nchs/Data/Nhanes/Public/2017/DataFiles/P_CBC.htm,https://wwwn.cdc.gov/Nchs/Data/Nhanes/Public/2017/DataFiles/P_CBC.xpt
2017-2020,2017,laboratory,Cotinine and Hydroxycotinine - Serum,P_COT,https://wwwn.cdc.gov/Nchs/Data/Nhanes/Public/2017/DataFiles/P_COT.htm,https://wwwn.cdc.gov/Nchs/Data/Nhanes/Public/2017/DataFiles/P_COT.xpt
2017-2020,2017,laboratory,Cytomegalovirus IgG & IgM Antibodies - Serum,P_CMV,https://wwwn.cdc.gov/Nchs/Data/Nhanes/Public/2017/DataFiles/P_CMV.htm,https://wwwn.cdc.gov/Nchs/Data/Nhanes/Public/2017/DataFiles/P_CMV.xpt
2017-2020,2017,laboratory,Cytomegalovirus Serology - Serum (Surplus),P_SSCMVA,https://wwwn.cdc.gov/Nchs/Data/Nhanes/Public/2017/DataFiles/P_SSCMVA.htm,https://wwwn.cdc.gov/Nchs/Data/Nhanes/Public/2017/DataFiles/P_SSCMVA.xpt
2017-2020,2017,laboratory,Epstein-Barr Virus Serology - Serum (Surplus),P_SSEBVA,https://wwwn.cdc.gov/Nchs/Data/Nhanes/Public/2017/DataFiles/P_SSEBVA.htm,https://wwwn.cdc.gov/Nchs/Data/Nhanes/Public/2017/DataFiles/P_SSEBVA.xpt
2017-2020,2017,laboratory,Ethylene Oxide,P_ETHOX,https://wwwn.cdc.gov/Nchs/Data/Nhanes/Public/2017/DataFiles/P_ETHOX.htm,https://wwwn.cdc.gov/Nchs/Data/Nhanes/Public/2017/DataFiles/P_ETHOX.xpt
2017-2020,2017,laboratory,Fasting Questionnaire,P_FASTQX,https://wwwn.cdc.gov/Nchs/Data/Nhanes/Public/2017/DataFiles/P_FASTQX.htm,https://wwwn.cdc.gov/Nchs/Data/Nhanes/Public/2017/DataFiles/P_FASTQX.xpt
2017-2020,2017,laboratory,Ferritin,P_FERTIN,https://wwwn.cdc.gov/Nchs/Data/Nhanes/Public/2017/DataFiles/P_FERTIN.htm,https://wwwn.cdc.gov/Nchs/Data/Nhanes/Public/2017/DataFiles/P_FERTIN.xpt
2017-2020,2017,laboratory,Flame Retardants - Urine,P_FR,https://wwwn.cdc.gov/Nchs/Data/Nhanes/Public/2017/DataFiles/P_FR.htm,https://wwwn.cdc.gov/Nchs/Data/Nhanes/Public/2017/DataFiles/P_FR.xpt
2017-2020,2017,laboratory,Flame Retardants - Urine (Surplus),P_SSFR,https://wwwn.cdc.gov/Nchs/Data/Nhanes/Public/2017/DataFiles/P_SSFR.htm,https://wwwn.cdc.gov/Nchs/Data/Nhanes/Public/2017/DataFiles/P_SSFR.xpt
2017-2020,2017,laboratory,Folate - RBC,P_FOLATE,https://wwwn.cdc.gov/Nchs/Data/Nhanes/Public/2017/DataFiles/P_FOLATE.htm,https://wwwn.cdc.gov/Nchs/Data/Nhanes/Public/2017/DataFiles/P_FOLATE.xpt
2017-2020,2017,laboratory,Folate Forms - Total & Individual - Serum,P_FOLFMS,https://wwwn.cdc.gov/Nchs/Data/Nhanes/Public/2017/DataFiles/P_FOLFMS.htm,https://wwwn.cdc.gov/Nchs/Data/Nhanes/Public/2017/DataFiles/P_FOLFMS.xpt
2017-2020,2017,laboratory,Glycohemoglobin,P_GHB,https://wwwn.cdc.gov/Nchs/Data/Nhanes/Public/2017/DataFiles/P_GHB.htm,https://wwwn.cdc.gov/Nchs/Data/Nhanes/Public/2017/DataFiles/P_GHB.xpt
2017-2020,2017,laboratory,Hepatitis A,P_HEPA,https://wwwn.cdc.gov/Nchs/Data/Nhanes/Public/2017/DataFiles/P_HEPA.htm,https://wwwn.cdc.gov/Nchs/Data/Nhanes/Public/2017/DataFiles/P_HEPA.xpt
2017-2020,2017,laboratory,Hepatitis B Surface Antibody,P_HEPB_S,https://wwwn.cdc.gov/Nchs/Data/Nhanes/Public/2017/DataFiles/P_HEPB_S.htm,https://wwwn.cdc.gov/Nchs/Data/Nhanes/Public/2017/DataFiles/P_HEPB_S.xpt
2017-2020,2017,laboratory,"Hepatitis B: Core antibody, Surface antigen, and Hepatitis D: antibody",P_HEPBD,https://wwwn.cdc.gov/Nchs/Data/Nhanes/Public/2017/DataFiles/P_HEPBD.htm,https://wwwn.cdc.gov/Nchs/Data/Nhanes/Public/2017/DataFiles/P_HEPBD.xpt
2017-2020,2017,laboratory,"Hepatitis C: RNA (HCV-RNA), Confirmed Antibody (INNO-LIA), & Genotype",P_HEPC,https://wwwn.cdc.gov/Nchs/Data/Nhanes/Public/2017/DataFiles/P_HEPC.htm,https://wwwn.cdc.gov/Nchs/Data/Nhanes/Public/2017/DataFiles/P_HEPC.xpt
2017-2020,2017,laboratory,Hepatitis E: IgG & IgM Antibodies,P_HEPE,https://wwwn.cdc.gov/Nchs/Data/Nhanes/Public/2017/DataFiles/P_HEPE.htm,https://wwwn.cdc.gov/Nchs/Data/Nhanes/Public/2017/DataFiles/P_HEPE.xpt
2017-2020,2017,laboratory,High-Sensitivity C-Reactive Protein,P_HSCRP,https://wwwn.cdc.gov/Nchs/Data/Nhanes/Public/2017/DataFiles/P_HSCRP.htm,https://wwwn.cdc.gov/Nchs/Data/Nhanes/Public/2017/DataFiles/P_HSCRP.xpt
2017-2020,2017,laboratory,"Inorganic, Ethyl and Methyl - Blood",P_IHGEM,https://wwwn.cdc.gov/Nchs/Data/Nhanes/Public/2017/DataFiles/P_IHGEM.htm,https://wwwn.cdc.gov/Nchs/Data/Nhanes/Public/2017/DataFiles/P_IHGEM.xpt
2017-2020,2017,laboratory,Insulin,P_INS,https://wwwn.cdc.gov/Nchs/Data/Nhanes/Public/2017/DataFiles/P_INS.htm,https://wwwn.cdc.gov/Nchs/Data/Nhanes/Public/2017/DataFiles/P_INS.xpt
2017-2020,2017,laboratory,Iodine - Urine,P_UIO,https://wwwn.cdc.gov/Nchs/Data/Nhanes/Public/2017/DataFiles/P_UIO.htm,https://wwwn.cdc.gov/Nchs/Data/Nhanes/Public/2017/DataFiles/P_UIO.xpt
2017-2020,2017,laboratory,Iron Status - Serum,P_FETIB,https://wwwn.cdc.gov/Nchs/Data/Nhanes/Public/2017/DataFiles/P_FETIB.htm,https://wwwn.cdc.gov/Nchs/Data/Nhanes/Public/2017/DataFiles/P_FETIB.xpt
2017-2020,2017,laboratory,"Lead, Cadmium, Total Mercury, Selenium, & Manganese - Blood",P_PBCD,https://wwwn.cdc.gov/Nchs/Data/Nhanes/Public/2017/DataFiles/P_PBCD.htm,https://wwwn.cdc.gov/Nchs/Data/Nhanes/Public/2017/DataFiles/P_PBCD.xpt
2017-2020,2017,laboratory,"Measles, Mumps, Rubella, & Varicella – Serum (Surplus)",P_SSMMRV,https://wwwn.cdc.gov/Nchs/Data/Nhanes/Public/2017/DataFiles/P_SSMMRV.htm,https://wwwn.cdc.gov/Nchs/Data/Nhanes/Public/2017/DataFiles/P_SSMMRV.xpt
2017-2020,2017,laboratory,Mercury: Inorganic - Urine,P_UHG,https://wwwn.cdc.gov/Nchs/Data/Nhanes/Public/2017/DataFiles/P_UHG.htm,https://wwwn.cdc.gov/Nchs/Data/Nhanes/Public/2017/DataFiles/P_UHG.xpt
2017-2020,2017,laboratory,Metals - Urine,P_UM,https://wwwn.cdc.gov/Nchs/Data/Nhanes/Public/2017/DataFiles/P_UM.htm,https://wwwn.cdc.gov/Nchs/Data/Nhanes/Public/2017/DataFiles/P_UM.xpt
2017-2020,2017,laboratory,Nickel - Urine,P_UNI,https://wwwn.cdc.gov/Nchs/Data/Nhanes/Public/2017/DataFiles/P_UNI.htm,https://wwwn.cdc.gov/Nchs/Data/Nhanes/Public/2017/DataFiles/P_UNI.xpt
2017-2020,2017,laboratory,Organophosphate Insecticides - Dialkyl Phosphate Metabolites - Urine,P_OPD,https://wwwn.cdc.gov/Nchs/Data/Nhanes/Public/2017/DataFiles/P_OPD.htm,https://wwwn.cdc.gov/Nchs/Data/Nhanes/Public/2017/DataFiles/P_OPD.xpt
2017-2020,2017,laboratory,"Perchlorate, Nitrate & Thiocyanate - Urine",P_PERNT,https://wwwn.cdc.gov/Nchs/Data/Nhanes/Public/2017/DataFiles/P_PERNT.htm,https://wwwn.cdc.gov/Nchs/Data/Nhanes/Public/2017/DataFiles/P_PERNT.xpt
2017-2020,2017,laboratory,Perfluoroalkyl and Polyfluoroalkyl Substances,P_PFAS,https://wwwn.cdc.gov/Nchs/Data/Nhanes/Public/2017/DataFiles/P_PFAS.htm,https://wwwn.cdc.gov/Nchs/Data/Nhanes/Public/2017/DataFiles/P_PFAS.xpt
2017-2020,2017,laboratory,Plasma Fasting Glucose,P_GLU,https://wwwn.cdc.gov/Nchs/Data/Nhanes/Public/2017/DataFiles/P_GLU.htm,https://wwwn.cdc.gov/Nchs/Data/Nhanes/Public/2017/DataFiles/P_GLU.xpt
2017-2020,2017,laboratory,"Poliovirus Serotypes 1, 2, & 3 Antibodies - Serum (Surplus)",P_SSPOLI,https://wwwn.cdc.gov/Nchs/Data/Nhanes/Public/2017/DataFiles/P_SSPOLI.htm,https://wwwn.cdc.gov/Nchs/Data/Nhanes/Public/2017/DataFiles/P_SSPOLI.xpt
2017-2020,2017,laboratory,Sex Steroid Hormone Panel - Serum,P_TST,https://wwwn.cdc.gov/Nchs/Data/Nhanes/Public/2017/DataFiles/P_TST.htm,https://wwwn.cdc.gov/Nchs/Data/Nhanes/Public/2017/DataFiles/P_TST.xpt
2017-2020,2017,laboratory,Standard Biochemistry Profile,P_BIOPRO,https://wwwn.cdc.gov/Nchs/Data/Nhanes/Public/2017/DataFiles/P_BIOPRO.htm,https://wwwn.cdc.gov/Nchs/Data/Nhanes/Public/2017/DataFiles/P_BIOPRO.xpt
2017-2020,2017,laboratory,Transferrin Receptor,P_TFR,https://wwwn.cdc.gov/Nchs/Data/Nhanes/Public/2017/DataFiles/P_TFR.htm,https://wwwn.cdc.gov/Nchs/Data/Nhanes/Public/2017/DataFiles/P_TFR.xpt
2017-2020,2017,laboratory,Urine Flow Rate,P_UCFLOW,https://wwwn.cdc.gov/Nchs/Data/Nhanes/Public/2017/DataFiles/P_UCFLOW.htm,https://wwwn.cdc.gov/Nchs/Data/Nhanes/Public/2017/DataFiles/P_UCFLOW.xpt
2017-2020,2017,laboratory,Urine Pregnancy Test,P_UCPREG,https://wwwn.cdc.gov/Nchs/Data/Nhanes/Public/2017/DataFiles/P_UCPREG.htm,https://wwwn.cdc.gov/Nchs/Data/Nhanes/Public/2017/DataFiles/P_UCPREG.xpt
2017-2020,2017,laboratory,Volatile Organic Compound (VOC) Metabolites - Urine,P_UVOC,https://wwwn.cdc.gov/Nchs/Data/Nhanes/Public/2017/DataFiles/P_UVOC.htm,https://wwwn.cdc.gov/Nchs/Data/Nhanes/Public/2017/DataFiles/P_UVOC.xpt
2017-2020,2017,laboratory,Volatile Organic Compound (VOC) Metabolites II - Urine,P_UVOC2,https://wwwn.cdc.gov/Nchs/Data/Nhanes/Public/2017/DataFiles/P_UVOC2.htm,https://wwwn.cdc.gov/Nchs/Data/Nhanes/Public/2017/DataFiles/P_UVOC2.xpt
2017-2020,2017,laboratory,Volatile Organic Compound (VOC) Metabolites: Benzene and Methylating Agent Biomarkers - Urine (Surplus),P_SSUVCM,https://wwwn.cdc.gov/Nchs/Data/Nhanes/Public/2017/DataFiles/P_SSUVCM.htm,https://wwwn.cdc.gov/Nchs/Data/Nhanes/Public/2017/DataFiles/P_SSUVCM.xpt
2017-2020,2017,laboratory,Volatile Organic Compounds and Trihalomethanes/MTBE - Blood,P_VOCWB,https://wwwn.cdc.gov/Nchs/Data/Nhanes/Public/2017/DataFiles/P_VOCWB.htm,https://wwwn.cdc.gov/Nchs/Data/Nhanes/Public/2017/DataFiles/P_VOCWB.xpt
2017-2020,2017,questionnaire,Acculturation,P_ACQ,https://wwwn.cdc.gov/Nchs/Data/Nhanes/Public/2017/DataFiles/P_ACQ.htm,https://wwwn.cdc.gov/Nchs/Data/Nhanes/Public/2017/DataFiles/P_ACQ.xpt
2017-2020,2017,questionnaire,Alcohol Use,P_ALQ,https://wwwn.cdc.gov/Nchs/Data/Nhanes/Public/2017/DataFiles/P_ALQ.htm,https://wwwn.cdc.gov/Nchs/Data/Nhanes/Public/2017/DataFiles/P_ALQ.xpt
2017-2020,2017,questionnaire,Audiometry,P_AUQ,https://wwwn.cdc.gov/Nchs/Data/Nhanes/Public/2017/DataFiles/P_AUQ.htm,https://wwwn.cdc.gov/Nchs/Data/Nhanes/Public/2017/DataFiles/P_AUQ.xpt
2017-2020,2017,questionnaire,Blood Pressure & Cholesterol,P_BPQ,https://wwwn.cdc.gov/Nchs/Data/Nhanes/Public/2017/DataFiles/P_BPQ.htm,https://wwwn.cdc.gov/Nchs/Data/Nhanes/Public/2017/DataFiles/P_BPQ.xpt
2017-2020,2017,questionnaire,Cardiovascular Health,P_CDQ,https://wwwn.cdc.gov/Nchs/Data/Nhanes/Public/2017/DataFiles/P_CDQ.htm,https://wwwn.cdc.gov/Nchs/Data/Nhanes/Public/2017/DataFiles/P_CDQ.xpt
2017-2020,2017,questionnaire,Consumer Behavior Phone Follow-up Module - Adult,P_CBQPFA,https://wwwn.cdc.gov/Nchs/Data/Nhanes/Public/2017/DataFiles/P_CBQPFA.htm,https://wwwn.cdc.gov/Nchs/Data/Nhanes/Public/2017/DataFiles/P_CBQPFA.xpt
2017-2020,2017,questionnaire,Consumer Behavior Phone Follow-up Module – Child,P_CBQPFC,https://wwwn.cdc.gov/Nchs/Data/Nhanes/Public/2017/DataFiles/P_CBQPFC.htm,https://wwwn.cdc.gov/Nchs/Data/Nhanes/Public/2017/DataFiles/P_CBQPFC.xpt
2017-2020,2017,questionnaire,Current Health Status,P_HSQ,https://wwwn.cdc.gov/Nchs/Data/Nhanes/Public/2017/DataFiles/P_HSQ.htm,https://wwwn.cdc.gov/Nchs/Data/Nhanes/Public/2017/DataFiles/P_HSQ.xpt
2017-2020,2017,questionnaire,Dermatology,P_DEQ,https://wwwn.cdc.gov/Nchs/Data/Nhanes/Public/2017/DataFiles/P_DEQ.htm,https://wwwn.cdc.gov/Nchs/Data/Nhanes/Public/2017/DataFiles/P_DEQ.xpt
2017-2020,2017,questionnaire,Diabetes,P_DIQ,https://wwwn.cdc.gov/Nchs/Data/Nhanes/Public/2017/DataFiles/P_DIQ.htm,https://wwwn.cdc.gov/Nchs/Data/Nhanes/Public/2017/DataFiles/P_DIQ.xpt
2017-2020,2017,questionnaire,Diet Behavior & Nutrition,P_DBQ,https://wwwn.cdc.gov/Nchs/Data/Nhanes/Public/2017/DataFiles/P_DBQ.htm,https://wwwn.cdc.gov/Nchs/Data/Nhanes/Public/2017/DataFiles/P_DBQ.xpt
2017-2020,2017,questionnaire,Early Childhood,P_ECQ,https://wwwn.cdc.gov/Nchs/Data/Nhanes/Public/2017/DataFiles/P_ECQ.htm,https://wwwn.cdc.gov/Nchs/Data/Nhanes/Public/2017/DataFiles/P_ECQ.xpt
2017-2020,2017,questionnaire,Food Security,P_FSQ,https://wwwn.cdc.gov/Nchs/Data/Nhanes/Public/2017/DataFiles/P_FSQ.htm,https://wwwn.cdc.gov/Nchs/Data/Nhanes/Public/2017/DataFiles/P_FSQ.xpt
2017-2020,2017,questionnaire,Health Insurance,P_HIQ,https://wwwn.cdc.gov/Nchs/Data/Nhanes/Public/2017/DataFiles/P_HIQ.htm,https://wwwn.cdc.gov/Nchs/Data/Nhanes/Public/2017/DataFiles/P_HIQ.xpt
2017-2020,2017,questionnaire,Hepatitis,P_HEQ,https://wwwn.cdc.gov/Nchs/Data/Nhanes/Public/2017/DataFiles/P_HEQ.htm,https://wwwn.cdc.gov/Nchs/Data/Nhanes/Public/2017/DataFiles/P_HEQ.xpt
2017-2020,2017,questionnaire,Hospital Utilization & Access to Care,P_HUQ,https://wwwn.cdc.gov/Nchs/Data/Nhanes/Public/2017/DataFiles/P_HUQ.htm,https://wwwn.cdc.gov/Nchs/Data/Nhanes/Public/2017/DataFiles/P_HUQ.xpt
2017-2020,2017,questionnaire,Immunization,P_IMQ,https://wwwn.cdc.gov/Nchs/Data/Nhanes/Public/2017/DataFiles/P_IMQ.htm,https://wwwn.cdc.gov/Nchs/Data/Nhanes/Public/2017/DataFiles/P_IMQ.xpt
2017-2020,2017,questionnaire,Income,P_INQ,https://wwwn.cdc.gov/Nchs/Data/Nhanes/Public/2017/DataFiles/P_INQ.htm,https://wwwn.cdc.gov/Nchs/Data/Nhanes/Public/2017/DataFiles/P_INQ.xpt
2017-2020,2017,questionnaire,Kidney Conditions - Urology,P_KIQ_U,https://wwwn.cdc.gov/Nchs/Data/Nhanes/Public/2017/DataFiles/P_KIQ_U.htm,https://wwwn.cdc.gov/Nchs/Data/Nhanes/Public/2017/DataFiles/P_KIQ_U.xpt
2017-2020,2017,questionnaire,Medical Conditions,P_MCQ,https://wwwn.cdc.gov/Nchs/Data/Nhanes/Public/2017/DataFiles/P_MCQ.htm,https://wwwn.cdc.gov/Nchs/Data/Nhanes/Public/2017/DataFiles/P_MCQ.xpt
2017-2020,2017,questionnaire,Mental Health - Depression Screener,P_DPQ,https://wwwn.cdc.gov/Nchs/Data/Nhanes/Public/2017/DataFiles/P_DPQ.htm,https://wwwn.cdc.gov/Nchs/Data/Nhanes/Public/2017/DataFiles/P_DPQ.xpt
2017-2020,2017,questionnaire,Occupation,P_OCQ,https://wwwn.cdc.gov/Nchs/Data/Nhanes/Public/2017/DataFiles/P_OCQ.htm,https://wwwn.cdc.gov/Nchs/Data/Nhanes/Public/2017/DataFiles/P_OCQ.xpt
2017-2020,2017,questionnaire,Oral Health,P_OHQ,https://wwwn.cdc.gov/Nchs/Data/Nhanes/Public/2017/DataFiles/P_OHQ.htm,https://wwwn.cdc.gov/Nchs/Data/Nhanes/Public/2017/DataFiles/P_OHQ.xpt
2017-2020,2017,questionnaire,Osteoporosis,P_OSQ,https://wwwn.cdc.gov/Nchs/Data/Nhanes/Public/2017/DataFiles/P_OSQ.htm,https://wwwn.cdc.gov/Nchs/Data/Nhanes/Public/2017/DataFiles/P_OSQ.xpt
2017-2020,2017,questionnaire,Pesticide Use,P_PUQMEC,https://wwwn.cdc.gov/Nchs/Data/Nhanes/Public/2017/DataFiles/P_PUQMEC.htm,https://wwwn.cdc.gov/Nchs/Data/Nhanes/Public/2017/DataFiles/P_PUQMEC.xpt
2017-2020,2017,questionnaire,Physical Activity,P_PAQ,https://wwwn.cdc.gov/Nchs/Data/Nhanes/Public/2017/DataFiles/P_PAQ.htm,https://wwwn.cdc.gov/Nchs/Data/Nhanes/Public/2017/DataFiles/P_PAQ.xpt
2017-2020,2017,questionnaire,Physical Activity - Youth,P_PAQY,https://wwwn.cdc.gov/Nchs/Data/Nhanes/Public/2017/DataFiles/P_PAQY.htm,https://wwwn.cdc.gov/Nchs/Data/Nhanes/Public/2017/DataFiles/P_PAQY.xpt
2017-2020,2017,questionnaire,Prescription Medications,P_RXQ_RX,https://wwwn.cdc.gov/Nchs/Data/Nhanes/Public/2017/DataFiles/P_RXQ_RX.htm,https://wwwn.cdc.gov/Nchs/Data/Nhanes/Public/2017/DataFiles/P_RXQ_RX.xpt
2017-2020,2017,questionnaire,Preventive Aspirin Use,P_RXQASA,https://wwwn.cdc.gov/Nchs/Data/Nhanes/Public/2017/DataFiles/P_RXQASA.htm,https://wwwn.cdc.gov/Nchs/Data/Nhanes/Public/2017/DataFiles/P_RXQASA.xpt
2017-2020,2017,questionnaire,Reproductive Health,P_RHQ,https://wwwn.cdc.gov/Nchs/Data/Nhanes/Public/2017/DataFiles/P_RHQ.htm,https://wwwn.cdc.gov/Nchs/Data/Nhanes/Public/2017/DataFiles/P_RHQ.xpt
2017-2020,2017,questionnaire,Sleep Disorders,P_SLQ,https://wwwn.cdc.gov/Nchs/Data/Nhanes/Public/2017/DataFiles/P_SLQ.htm,https://wwwn.cdc.gov/Nchs/Data/Nhanes/Public/2017/DataFiles/P_SLQ.xpt
2017-2020,2017,questionnaire,Smoking - Cigarette Use,P_SMQ,https://wwwn.cdc.gov/Nchs/Data/Nhanes/Public/2017/DataFiles/P_SMQ.htm,https://wwwn.cdc.gov/Nchs/Data/Nhanes/Public/2017/DataFiles/P_SMQ.xpt
2017-2020,2017,questionnaire,Smoking - Household Smokers,P_SMQFAM,https://wwwn.cdc.gov/Nchs/Data/Nhanes/Public/2017/DataFiles/P_SMQFAM.htm,https://wwwn.cdc.gov/Nchs/Data/Nhanes/Public/2017/DataFiles/P_SMQFAM.xpt
2017-2020,2017,questionnaire,Smoking - Recent Tobacco Use,P_SMQRTU,https://wwwn.cdc.gov/Nchs/Data/Nhanes/Public/2017/DataFiles/P_SMQRTU.htm,https://wwwn.cdc.gov/Nchs/Data/Nhanes/Public/2017/DataFiles/P_SMQRTU.xpt
2017-2020,2017,questionnaire,Smoking - Secondhand Smoke Exposure,P_SMQSHS,https://wwwn.cdc.gov/Nchs/Data/Nhanes/Public/2017/DataFiles/P_SMQSHS.htm,https://wwwn.cdc.gov/Nchs/Data/Nhanes/Public/2017/DataFiles/P_SMQSHS.xpt
2017-2020,2017,questionnaire,Volatile Toxicant,P_VTQ,https://wwwn.cdc.gov/Nchs/Data/Nhanes/Public/2017/DataFiles/P_VTQ.htm,https://wwwn.cdc.gov/Nchs/Data/Nhanes/Public/2017/DataFiles/P_VTQ.xpt
2017-2020,2017,questionnaire,Weight History,P_WHQ,https://wwwn.cdc.gov/Nchs/Data/Nhanes/Public/2017/DataFiles/P_WHQ.htm,https://wwwn.cdc.gov/Nchs/Data/Nhanes/Public/2017/DataFiles/P_WHQ.xpt
2017-2020,2017,questionnaire,Weight History - Youth,P_WHQMEC,https://wwwn.cdc.gov/Nchs/Data/Nhanes/Public/2017/DataFiles/P_WHQMEC.htm,https://wwwn.cdc.gov/Nchs/Data/Nhanes/Public/2017/DataFiles/P_WHQMEC.xpt
